id,log_k
0,1.184219313515972
1,1.1274939211673691
2,1.0683403779974352
3,1.0015464636296765
4,0.9214077159139316
5,0.8122501044167655
6,0.7442566580946011
7,0.5939682809765711
8,0.4051683244763832
9,0.2162574696538103
10,0.0148747721013504
11,-0.1714819487520432
12,0.819956997075432
13,0.7592825148049854
14,0.7261524148203656
15,0.6963227927926862
16,0.5938463330224327
17,0.4862135900319806
18,0.4021322224302574
19,0.2467550073354706
20,0.0891572964631567
21,-0.0349046274546095
22,-0.3163306036794783
404,-0.3735917145139878
405,-0.3637091921461239
406,-0.37266016854797956
407,-0.40530824366718227
408,-0.4627819887195873
409,-0.5471630001382003
410,-0.6713605368548865
411,-0.8635648179612455
412,-1.1154545470341692
413,-1.5183061052819105
414,-2.0
415,-2.0
416,-1.8124604092662364
417,-1.9707783850358225
418,0.6420961501948188
419,0.6948233289526844
420,0.7269727704364796
421,0.7485501588958872
422,0.7601704685247408
423,0.7583483527830714
424,0.7430168495617958
425,0.7044936432598197
426,0.6433750358135168
427,0.5354491607934393
428,0.4045513338778644
429,0.2695253744005524
430,0.1323197986724454
431,0.2786807665921166
432,0.014091898999616381
433,0.05194664726028336
434,0.05424589612465758
435,0.03424977670211249
436,-0.0013477423680456901
437,-0.06719081931445547
438,-0.1732069002135328
439,-0.36717944991520424
440,-0.6539524733985127
441,-1.1133830442596988
442,-1.6856458646558319
443,-0.810716807549623
444,-1.1159871187391228
445,-1.1239423376304372
446,0.602970321198383
447,0.8117667461469622
448,0.8595086128522598
449,0.8882433525753115
450,0.902686070026727
451,0.9021591544183505
452,0.8861969627886899
453,0.846155373187065
454,0.7733369028778057
455,0.6534849788762732
456,0.4975685256096043
457,0.3607839005657824
458,0.22961733137798207
459,0.10523464216656295
460,-0.2878811225702375
461,-0.14558897416697975
462,-0.1536100428919362
463,-0.16620423860367645
464,-0.1767854743849393
465,-0.18692897365497174
466,-0.19880543878142964
467,-0.20707552705850008
468,-0.20883498215733998
469,-0.2343643124454381
470,-0.2714978189790973
471,-0.3194137666388036
472,-0.6977837380386482
473,-0.8589533419952945
474,-0.99556962898889
475,-1.0338070396315937
476,0.5768332353118253
477,0.23191012031954747
478,0.6369747122073107
479,0.5664374815308184
480,0.6691895598708657
481,0.6253659628234178
482,0.4636273717321471
483,0.39680938762628043
484,0.4986984587366095
485,0.37129346072326697
486,0.03278840942989519
487,-0.5735253014095311
488,-1.3336545330725318
489,0.3272421264883706
490,0.30157235680100475
491,0.2319571298722459
492,-0.3326185195700392
493,-0.2331307152569907
494,-0.24060806850317357
495,-0.261616891780198
496,-0.2814707341713516
497,-0.30057437081930394
498,-0.32311305161261705
499,-0.3408861772387398
500,-0.35577239218417545
501,-0.38690666475870217
502,-0.4261293221470237
503,-0.927668177218426
504,-1.1488848153970934
505,-1.003742778371267
506,-1.136153421953504
507,-1.178413313199299
508,0.6485425289604306
509,0.5770124944467059
510,0.40720814142049105
511,0.5584122740184596
512,0.5802681840296512
513,0.4666758325513556
514,0.28599245518077027
515,0.3424965842146337
516,0.43583083379013515
517,0.31517604940885835
518,0.010121107617868719
519,-0.5975750984133757
520,-1.3536248935885777
521,0.3551779621646753
522,0.2809608436824648
523,0.2149671771849699
524,-0.1386760540865362
525,-0.12170243449602663
526,-0.11290099213312443
527,-0.1266596040297261
528,-0.16459647175885328
529,-0.23027787412143508
530,-0.33239170284365716
531,-0.5146842970930203
532,-0.8018325690050676
533,-1.2463077873559063
534,-1.8086126409521697
535,-2.0
536,-1.0726409444264302
537,-1.1574416493046475
538,0.683452361797481
539,0.7727813165521881
540,0.8101995440152767
541,0.8337378045554114
542,0.844494138551962
543,0.8404843380504523
544,0.8220524887520857
545,0.7770089681142556
546,0.6960117027886589
547,0.5823933975620981
548,0.44394963698809276
549,0.3160287176599602
550,0.1995048340690041
551,0.07598114217497053
552,-0.2084898676959376
553,0.014988023840173836
554,0.03889207685606433
555,0.05516476188736669
556,0.044846514004821314
557,0.02008576776480714
558,-0.020828109263742123
559,-0.0902585670550673
560,-0.18782480330059081
561,-0.3238510534781901
562,-0.5661645887635682
563,-0.8298395082748264
564,-1.1300423578400507
565,-1.4430277302712584
566,-2.0
567,-1.0341695223946954
568,0.3269985016117224
569,0.7341416052259186
570,0.7934300542253003
571,0.8516073862856701
572,0.8821078645595329
573,0.8981071494185893
574,0.9044980431733635
575,0.898703578513329
576,0.8820375191242459
577,0.8506175126638633
578,0.7930698516311062
579,0.7218653704087955
580,0.6430437490356422
581,0.5626939493653331
582,0.4056573151507638
583,0.2427622968004095
584,-0.21556650233685032
585,-0.20046305321399982
586,-0.21085595781560568
587,-0.24354892840501885
588,-0.2916412938205334
589,-0.37252879994064125
590,-0.49370386558077883
591,-0.686996913237665
592,-0.9491405091770422
593,-1.3755222066756068
594,-1.8989390087472757
595,-2.0
596,-1.2607872926366033
597,0.681219270975767
598,0.7493645822628708
599,0.7832273946960475
600,0.8054064506368244
601,0.817812517997265
602,0.8175130392244001
603,0.8057375659342674
604,0.7684619020671695
605,0.7008122045020184
606,0.5994592313168379
607,0.4622711213605798
608,0.3249157496868074
609,0.19076651051722976
610,0.06848336308400636
611,-0.3982738069064896
612,-0.3989525453786476
613,-0.4150745714791446
614,-0.43544469946283904
615,-0.4576467680854408
616,-0.48175967899547134
617,-0.5077875151110979
618,-0.5277579895325787
619,-0.5447596882588043
620,-0.5800362557098916
621,-0.6226716973004849
622,-1.2394550322250892
623,-1.2166953134538294
624,-1.3126950280817364
625,-1.3464067905888062
626,-1.4610806998209191
627,0.4849172423456829
628,0.41720899670026235
629,0.43831942712563343
630,0.47373878255919105
631,0.5107935549918532
632,0.41447425248465636
633,0.29341268721221236
634,0.26381016071539853
635,0.35931136443416084
636,0.27243285446741083
637,-0.09682930495809661
638,-0.38212977131246734
639,-0.85201949507968
640,0.25557276654022576
641,0.16589086827457267
642,0.08748042716353777
841,0.7301305056608913
842,0.8026438248630864
843,0.8734082294591617
844,0.9419507151239456
845,1.0083100895411694
846,1.0643804663833958
847,1.0908882824975836
848,1.1017839228200046
849,1.0982741329313925
850,1.0843193979819743
851,1.0593084911275685
852,1.026071079964261
853,0.9831287480370289
854,0.9262797492086936
855,0.5900098669119209
856,0.6723148303328224
857,0.7587917338812546
858,0.8352986202900321
859,0.9143750944059625
860,0.9770050629796286
861,1.0108661742143124
862,1.0275088964483943
863,1.027307624895736
864,1.015900515593862
865,0.9938871743969263
866,0.9629575806654203
867,0.9210499354523283
868,0.8647321965219692
869,0.42306556833158177
870,0.5192258002267447
871,0.6218993472818741
872,0.7130575634589627
873,0.8062617210703975
874,0.8794547630067544
875,0.9214121224538363
876,0.9427046845405129
877,0.9472788147905873
878,0.9392839988817799
879,0.9206659851431604
880,0.8912694250028608
881,0.8530157920729553
882,0.7972144584053155
883,0.22490512518146413
884,0.338792558223074
885,0.4577223790444298
886,0.5689584294849229
887,0.680631180010931
888,0.7678977391728017
889,0.8167566338677685
890,0.84711352434818
891,0.8566136353761853
892,0.8533131033395813
893,0.8366867209162444
894,0.8110982803308036
895,0.7752606638948331
896,0.7217982577409128
897,-0.010798739867524498
898,0.12300348044786387
899,0.262171962427497
900,0.3993435964680784
901,0.5297324757788573
902,0.6367672925629472
903,0.6992427773058683
904,0.737374917813411
905,0.752645140690184
906,0.7545098910911945
907,0.7425404183713491
908,0.7201529487492521
909,0.6868136362795086
910,0.6349844203220949
911,-0.3066412626289561
912,-0.14456905293788955
913,0.02816619785546806
914,0.1950061327669019
915,0.3462942266097829
916,0.47895751220835425
917,0.5556957527825114
918,0.6072056904591296
919,0.6306238966828506
920,0.6374680889063391
921,0.6322046230914444
922,0.6149374596387591
923,0.5831208354929189
924,0.5355168258496177
925,-0.6826959729035602
926,-0.480040582901441
927,-0.268777719701491
928,-0.06065620074971058
929,0.1257116858880064
930,0.28460429162947876
931,0.38602720687694814
932,0.4504878842467824
933,0.4858455744020331
934,0.5010708601174183
935,0.5010543980137862
936,0.48953482789289027
937,0.462403042517588
938,0.41797182142703504
939,-1.1675151876464627
940,-0.9091819638316805
941,-0.6455465099591873
942,-0.38142031072146243
943,-0.14772281447383906
944,0.04842800033692025
945,0.17309758119321716
946,0.25804723073270175
947,0.3082023771824246
948,0.33528876301911575
949,0.34458859114560003
950,0.3390048427463283
951,0.3180803037898998
952,0.27963831003322515
953,-1.7926543843570895
954,-1.4647949934350786
955,-1.1190806610238635
956,-0.7885532538122405
957,-0.49145573102413853
958,-0.25652618999432175
959,-0.09174388278405268
960,0.024853458301425338
961,0.09247783666410853
962,0.13232346315085403
963,0.15440246815691064
964,0.15958781282355927
965,0.1425094377430305
966,0.11057045186273623
967,-2.0
968,-2.0
969,-1.7254893375589442
970,-1.3055059655045194
971,-0.9213395014991307
972,-0.6343546933041346
973,-0.40661092065246457
974,-0.26659985050779994
975,-0.17229686848101453
976,-0.1163677430338654
977,-0.08116384506607771
978,-0.06566860910160705
979,-0.06661379403440401
980,-0.09744891981584969
981,-2.0
982,-2.0
983,-2.0
984,-2.0
985,-1.4905933689049986
986,-1.0893646239663402
987,-0.9444521599628493
988,-0.669391773534094
989,-0.5370312299694782
990,-0.4375831089501786
991,-0.39074974964550035
992,-0.3607073383983057
993,-0.33747058179590605
994,-0.3478038349786974
995,-2.0
996,-2.0
997,-2.0
998,-2.0
999,-2.0
1000,-1.717916341487093
1001,-1.3852224759580196
1002,-1.1395926196544153
1003,-0.9749650999012207
1004,-0.8583060047444071
1005,-0.7781299497791743
1006,-0.7225329772980486
1007,-0.6951396633866395
1008,-0.6906569763111412
1009,-2.0
1010,-1.9860125484732407
1011,-1.8071168120543453
1012,-2.0
1013,-2.0
1014,-1.8242929240156138
1015,-1.6045630071488752
1016,-1.4433368369550452
1017,-1.3239933524745506
1018,-1.2373517895984067
1019,-1.1858145522132866
1020,-1.1584187943798363
1041,0.9021500114962984
1042,0.8051445032360739
1043,0.876996496375044
1044,0.9463142672645973
1045,1.0213206316626975
1046,1.0838772379669201
1047,1.1155619115412492
1048,1.1255637042295399
1049,1.1192203231439835
1050,1.1018511821060253
1051,1.0744922512073822
1052,1.0381428957169119
1053,0.9886744783546377
1054,0.9240223555466166
1055,0.8109670215550607
1056,0.6715237773324106
1057,0.7583937670009085
1058,0.8369600998804725
1059,0.9248191603315022
1060,0.994175010376946
1061,1.0336155459257275
1062,1.0493916430610137
1063,1.0464438788963695
1064,1.0318326042321928
1065,1.0074722409791887
1066,0.9732970266260788
1067,0.9249280485897277
1068,0.8610372436539082
1069,0.6310758089882175
1070,0.5171512928562014
1071,0.6203830077797476
1072,0.7142997083930599
1073,0.8178909950615176
1074,0.8962985160787595
1075,0.945497085266366
1076,0.965746189953306
1077,0.9674895946668445
1078,0.9564276653532622
1079,0.9349221453027012
1080,0.9027639506567511
1081,0.8575560894399954
1082,0.7937161907177175
1083,0.4863422601115609
1084,0.33650241169622086
1085,0.4568124546276601
1086,0.5706181743398372
1087,0.6950665951017752
1088,0.7875469619271471
1089,0.8443462792000684
1090,0.8734407192884026
1091,0.8802647650554369
1092,0.8733661696889898
1093,0.8541117027196223
1094,0.8254630570073733
1095,0.7827784565356685
1096,0.7204204457217707
1097,0.2040750613282383
1098,0.12073010058116329
1099,0.2617008157450058
1100,0.4006912005965887
1101,0.5472484821067822
1102,0.6604172610591532
1103,0.7313632762870638
1104,0.768189931873047
1105,0.7809923308216641
1106,0.7792558541494652
1107,0.764336358431795
1108,0.7388860783703024
1109,0.6986094608863516
1110,0.6390217219750923
1111,-0.1049457893748902
1112,-0.14780740270304854
1113,0.02636670823624287
1114,0.1957367370871885
1115,0.3668673757544516
1116,0.5074319185080554
1117,0.5929583339041377
1118,0.6434479732715499
1119,0.6645560227827925
1120,0.668291060683852
1121,0.6599319143542797
1122,0.6387932763514481
1123,0.6007505850037975
1124,0.5447931876500774
1125,-0.523174743591133
1126,-0.48539748237680636
1127,-0.27171956643744444
1128,-0.06173231335241962
1129,0.14857934278949003
1130,0.3203159401052907
1131,0.42911813771145985
1132,0.49325220074304943
1133,0.5270165466834296
1134,0.5388940274139826
1135,0.5358195220331083
1136,0.5202164877001699
1137,0.4866897269866656
1138,0.43421736631936436
1139,-0.6267446744042068
1140,-0.9178221962557935
1141,-0.6507143519495211
1142,-0.3861502217010628
1143,-0.12324147685258463
1144,0.0896137843741312
1145,0.22256842977979613
1146,0.3080279974293772
1147,0.35763188962841147
1148,0.3815575161657029
1149,0.3870416831899922
1150,0.37749916583574517
1151,0.350246439542377
1152,0.3045353477086732
1153,-1.2303146027782694
1154,-1.4767921854991217
1155,-1.1294635381480382
1156,-0.797435540040114
1157,-0.4657340942348187
1158,-0.19881190553398587
1159,-0.03469967834501814
1160,0.08303869887173107
1161,0.15109831062872597
1162,0.18830451435816747
1163,0.2066241211991523
1164,0.20652466278926623
1165,0.18398576348345308
1166,0.14576179125793656
1167,-1.501966013876437
1168,-2.0
1169,-1.7089023057215764
1170,-1.3197419224700684
1171,-0.8936046035541166
1172,-0.5604833040070469
1173,-0.33922605498856095
1174,-0.19750032085432018
1175,-0.10207333098550131
1176,-0.048496063033192593
1177,-0.017932959093978212
1178,-0.006123639514770157
1179,-0.014698375429120045
1180,-0.05142648398945021
1181,-2.0
1182,-2.0
1183,-2.0
1184,-1.4592463768273105
1185,-1.0264630855466523
1186,-0.8607857854572013
1187,-0.5830819982845097
1188,-0.44589958849803835
1189,-0.3524903054133284
1190,-0.3106038555480756
1191,-0.2822960575695829
1192,-0.2666968970586575
1193,-0.2802247151112809
1194,-1.9514452251780088
1195,-1.8211085961270477
1196,-2.0
1197,-2.0
1198,-1.6610032697582997
1199,-1.2776444094891424
1200,-1.02799113543941
1201,-0.8586016343351837
1202,-0.7453897734422604
1203,-0.6710599105813078
1204,-0.6213994512972747
1205,-0.5997964230581984
1206,-0.5968999062567604
1207,-2.0
1208,-1.9736631103245337
1209,-1.844709777919551
1210,-1.8256034732045496
1211,-2.0
1212,-2.0
1213,-1.6984241376744684
1214,-1.4709898911898383
1215,-1.3120258023101046
1216,-1.1992605586853988
1217,-1.1188810189713265
1218,-1.0720666863968944
1219,-1.042788613560418
1239,0.7687429903815705
1240,0.8356241462609789
1241,0.9015264948519438
1242,0.971380586260299
1243,1.0429644934620241
1244,1.101253652860341
1245,1.1364585992684155
1246,1.1478552820166084
1247,1.1427789760168883
1248,1.1279530304753878
1249,1.1028591869235949
1250,1.0712041809117117
1251,1.026157984588473
1252,0.9482058121851407
1253,0.6260772421038783
1254,0.7028502477491486
1255,0.7840338293478756
1256,0.8619310782173605
1257,0.9455591243023264
1258,1.0097260574937912
1259,1.051977107880523
1260,1.0693004925495329
1261,1.0676740851707858
1262,1.0553775874929658
1263,1.0333340567274587
1264,1.0042893672326254
1265,0.9603896095070825
1266,0.883167655532153
1267,0.46309887314419085
1268,0.5536766809624307
1269,0.6510596132180342
1270,0.7445441366098793
1271,0.842870551509795
1272,0.916243083262871
1273,0.9658505924742613
1274,0.9870289745987303
1275,0.9898636879220155
1276,0.980500772377202
1277,0.9620615097721086
1278,0.933410786862817
1279,0.8939821393521281
1280,0.8174143302111336
1281,0.2724857298375463
1282,0.3803668520411242
1283,0.49405550702530376
1284,0.6088403397746028
1285,0.7273980267483421
1286,0.8133771136325227
1287,0.8692634865385084
1288,0.8990803933750133
1289,0.9060955369185684
1290,0.9015347613368994
1291,0.8842860940870263
1292,0.8594321026711228
1293,0.8224229050139521
1294,0.7488989469102993
1295,0.0453126866335726
1296,0.17252766636728759
1297,0.3061016910927039
1298,0.44761790110257776
1299,0.5874588466381087
1300,0.6932741705858261
1301,0.7628252520214182
1302,0.7999091000592495
1303,0.8121691580188992
1304,0.812507100272652
1305,0.799824703432384
1306,0.7778428130183032
1307,0.743720539691789
1308,0.6723125165536769
1309,-0.24076336234296075
1310,-0.08603849116865431
1311,0.07999323023706334
1312,0.2519094790138022
1313,0.4150801695166898
1314,0.5475867916143009
1315,0.6309911612322414
1316,0.6818096085262683
1317,0.7022739390503916
1318,0.7068786198910636
1319,0.7003842121621482
1320,0.6841209751788863
1321,0.650737064067695
1322,0.584831877785281
1323,-0.604259785533303
1324,-0.40985547029859676
1325,-0.20685855036264034
1326,0.006235804239928047
1327,0.2063602431528062
1328,0.3687936327363082
1329,0.4748739142219004
1330,0.5390735021257717
1331,0.5712988829111858
1332,0.5841397919084207
1333,0.5818313421402909
1334,0.5708120360765123
1335,0.5423026935129434
1336,0.48071363112498666
1337,-1.0723603246055766
1338,-0.8234247379459056
1339,-0.570726084202179
1340,-0.30298814881294445
1341,-0.054385919453577986
1342,0.14687277392989573
1343,0.27691435811956655
1344,0.36219481183860863
1345,0.40897370256672877
1346,0.4331144777456859
1347,0.43971207586611905
1348,0.4332740547185332
1349,0.41168330741523795
1350,0.3577828262915337
1351,-1.675253540725778
1352,-1.3582428014418755
1353,-1.0279302876746936
1354,-0.6960623148260185
1355,-0.38431835530910263
1356,-0.13293925770774523
1357,0.027112094464562697
1358,0.1462143481423308
1359,0.21080949887094863
1360,0.2472786088809994
1361,0.26551263639695466
1362,0.27081296527852206
1363,0.25220652767482943
1364,0.20733562464174723
1365,-2.0
1366,-1.957303243778325
1367,-1.5889512171570175
1368,-1.1950751366192267
1369,-0.7968257774850515
1370,-0.48487287443561033
1371,-0.2697264653951913
1372,-0.12516116096096042
1373,-0.03283239636180088
1374,0.019777930744385663
1375,0.051450365126708836
1376,0.06412243829784883
1377,0.064580161706489
1378,0.022992828093627182
1379,-2.0
1380,-2.0
1381,-2.0
1382,-1.8641386481713105
1383,-1.3396159814902864
1384,-0.9353551271081924
1385,-0.7702647617259974
1386,-0.49761757602024914
1387,-0.3683795524614967
1388,-0.26860259133245107
1389,-0.2264123899539624
1390,-0.20397622554667488
1391,-0.1772013852722259
1392,-0.1924947599960809
1393,-1.42567331821433
1394,-1.4232378613713992
1395,-1.3178682051813932
1396,-2.0
1397,-2.0
1398,-1.5500655423522338
1399,-1.1727470588869957
1400,-0.9204063671031542
1401,-0.7580998758082373
1402,-0.6441380247919962
1403,-0.5705664968108076
1404,-0.5195126068575592
1405,-0.4901587498332465
1406,-0.4885726502069988
1407,-1.6696596188653057
1408,-1.563566934981357
1409,-1.3584922415614418
1410,-1.4405250097352196
1411,-2.0
1412,-2.0
1413,-1.589200836278036
1414,-1.3710344098366898
1415,-1.2115262040681383
1416,-1.0983425403354024
1417,-1.0160259602594492
1418,-0.9597649879326327
1419,-0.9277701909199829
1442,1.02972048462693
1443,0.8389533410207116
1444,0.8980459588936596
1445,0.9620810258516528
1446,1.0311146512335774
1447,1.0894697987260684
1448,1.1332059515525503
1449,1.1513193497789276
1450,1.1505085162728288
1451,1.1387802539324086
1452,1.1155634297911576
1453,1.085954763381848
1454,1.0447776865228802
1455,0.9688852582435065
1456,0.9198272745450884
1457,0.7052543858659455
1458,0.7790549457859911
1459,0.8515521024359674
1460,0.9316221269074566
1461,0.99633755156211
1462,1.0465360713710798
1463,1.0710732008752322
1464,1.074390064258177
1465,1.0651505858284562
1466,1.0450157466387213
1467,1.017859873522037
1468,0.9781317736513953
1469,0.9034963910190419
1470,0.8049752994411598
1471,0.5570197815582123
1472,0.6466755463990403
1473,0.7344065621018712
1474,0.8295384596436074
1475,0.9037951270698374
1476,0.9612321120196159
1477,0.9898430638296978
1478,0.9974591772156676
1479,0.9909754962775512
1480,0.9745646983593734
1481,0.9482453021538817
1482,0.9116975625685062
1483,0.8391733433968417
1484,0.723844477282035
1485,0.3847554877898872
1486,0.49072354994042083
1487,0.5988797581948784
1488,0.7153046002698183
1489,0.8037900145270184
1490,0.8681831373778782
1491,0.904642575926589
1492,0.9163686616767779
1493,0.9144299231810487
1494,0.899231024522477
1495,0.8758862119280644
1496,0.8418442000612788
1497,0.7724792000738633
1498,0.4313753628698949
1499,0.17793134463758548
1500,0.303722458577133
1501,0.43733200871448025
1502,0.5765680178512215
1503,0.6856482518193914
1504,0.7649954182509024
1505,0.8087637815274167
1506,0.825334135818712
1507,0.8276246177434563
1508,0.8161768562389276
1509,0.7954697878667778
1510,0.7641537479020606
1511,0.6969316256404463
1512,0.148279031336532
1513,-0.07991708643487777
1514,0.0780022908054428
1515,0.24149856460660962
1516,0.4053137006627266
1517,0.5402553167826516
1518,0.6365240996517132
1519,0.693273383359003
1520,0.7177704229670685
1521,0.7231392431863377
1522,0.717164572684456
1523,0.7013205562904326
1524,0.6715094595563333
1525,0.6085669016990629
1526,-0.2130249832253954
1527,-0.40322997923821113
1528,-0.20767158262783375
1529,-0.004034248953681624
1530,0.19713290423177937
1531,0.36245672900078957
1532,0.48300397590568467
1533,0.5550084993972023
1534,0.5900328344670873
1535,0.6027360973571896
1536,0.6005566937475956
1537,0.5890087186833077
1538,0.5634657767000595
1539,0.5048759298152756
1540,-0.3059914449381362
1541,-0.8161327982657027
1542,-0.5694712563191048
1543,-0.31250023740296495
1544,-0.062474889920961785
1545,0.14213317167478795
1546,0.2905122321934332
1547,0.3840529572129013
1548,0.4336816870347012
1549,0.45670201099623126
1550,0.46286203826325645
1551,0.45587234974932767
1552,0.43604022972402867
1553,0.3846970214240129
1554,-0.7237615332286053
1555,-1.3489404039811952
1556,-1.024320740586688
1557,-0.7031524601489079
1558,-0.39089876391750533
1559,-0.13549331840540768
1560,0.045685629781734904
1561,0.17527177716801307
1562,0.24422104183548202
1563,0.27929398596901867
1564,0.2959871347632118
1565,0.29962430312148297
1566,0.284433979338144
1567,0.2404695344227752
1568,-1.1013345328117932
1569,-1.941791834711784
1570,-1.576392143879354
1571,-1.1992012426118452
1572,-0.8025952996653412
1573,-0.4848576164192976
1574,-0.24887715386150977
1575,-0.08570699519303926
1576,0.00986576523532981
1577,0.06201564481037311
1578,0.09235048586645142
1579,0.10386410756331763
1580,0.10371224517444592
1581,0.06803518196899083
1582,-1.287015802384123
1583,-2.0
1584,-2.0
1585,-1.8605940227118811
1586,-1.3451604268505666
1587,-0.9313769306047679
1588,-0.7127106557411163
1589,-0.4623612518043112
1590,-0.3125436774091651
1591,-0.21574056237500572
1592,-0.16987909857426864
1593,-0.14853363004958653
1594,-0.12717528064782868
1595,-0.13429798110033286
1596,-1.4454002947987517
1597,-1.4338223193402404
1598,-1.3523716500398126
1599,-2.0
1600,-2.0
1601,-1.5565958499896655
1602,-1.125767186620574
1603,-0.8528682222159438
1604,-0.6810336738071996
1605,-0.5687159720344116
1606,-0.49408484507346906
1607,-0.4450343873804844
1608,-0.4136232614573312
1609,-0.4063588635708578
1610,-1.5276526262352377
1611,-1.5160746507767269
1612,-1.4346239814762984
1613,-1.220285080799551
1614,-1.3189032641919314
1615,-2.0
1616,-1.9821910510008043
1617,-1.5518312044366462
1618,-1.2912542493785055
1619,-1.1323029763233305
1620,-1.0171240471921503
1621,-0.9365399174269107
1622,-0.8776914315850779
1623,-0.8388377570341559
1646,0.7829603311629887
1647,0.847361323877681
1648,0.9011592996189227
1649,0.9635049424809466
1650,1.0324826854256919
1651,1.093264001330709
1652,1.1385786595415388
1653,1.1550302084933421
1654,1.1534309381906924
1655,1.139456911738963
1656,1.1128176934854404
1657,1.074807542508459
1658,1.0237992244018543
1659,0.9303536040790008
1660,0.6397846444902148
1661,0.7146971071469105
1662,0.7831498043612934
1663,0.8536108703109362
1664,0.9344871313028235
1665,1.000963216372003
1666,1.0537425480503377
1667,1.076470594340905
1668,1.0784175236888163
1669,1.067165256425067
1670,1.0434667065313465
1671,1.0078131322470185
1672,0.9578745077878343
1673,0.8467738642110336
1674,0.47880822446329324
1675,0.568486311169581
1676,0.652885390355616
1677,0.7386893797750438
1678,0.8350811205994889
1679,0.9110601144809328
1680,0.9710595549018142
1681,0.9978606356120402
1682,1.0041462548571136
1683,0.9958932543845621
1684,0.9751640645065643
1685,0.9404357215648402
1686,0.8941628884637415
1687,0.8187027654417284
1688,0.29037200490358767
1689,0.39890500680886876
1690,0.49959275114130164
1691,0.6063719446828993
1692,0.7243845209277003
1693,0.8151634158564495
1694,0.8817208940722674
1695,0.9164406380079858
1696,0.9266029190238347
1697,0.9222377706622564
1698,0.9025677346162877
1699,0.8712476635662794
1700,0.8271992707340323
1701,0.7660124789087673
1702,0.06571002254781189
1703,0.1954484049223888
1704,0.3153813048265772
1705,0.448270365501646
1706,0.5888473401548866
1707,0.7021766247618864
1708,0.7832756080895313
1709,0.8238902580278469
1710,0.8379744911540359
1711,0.837456889006408
1712,0.8214968962714998
1713,0.7928438906075569
1714,0.7511199012182058
1715,0.6132756685159921
1716,-0.2175874115641191
1717,-0.05811567802810627
1718,0.09288266746514323
1719,0.2557334087084217
1720,0.4210433553032486
1721,0.5628229713876371
1722,0.6595213129172035
1723,0.7113926292423235
1724,0.7311073925833047
1725,0.7338943499931783
1726,0.7234161347966832
1727,0.6995902900523091
1728,0.6589721044878956
1729,0.52283547288823
1730,-0.578787841945555
1731,-0.3771505933006522
1732,-0.18987572160039584
1733,0.01498953032699668
1734,0.21925073291038993
1735,0.39251073053872354
1736,0.5139254408201033
1737,0.5765291724170063
1738,0.6048788173698849
1739,0.6137780478477682
1740,0.6066914514136535
1741,0.5876676193133812
1742,0.5515325143165202
1743,0.4287110039780486
1744,-1.0468812499861444
1745,-0.7863284136072084
1746,-0.5480757848736655
1747,-0.28568326378301495
1748,-0.030097467660932686
1749,0.1838979737303639
1750,0.3319286513807031
1751,0.41375184678540056
1752,0.4532622156344325
1753,0.47106975342585944
1754,0.4709670563755044
1755,0.4563159273811058
1756,0.42591743601379994
1757,0.3957290606920278
1758,-1.6482865417611454
1759,-1.312566778769794
1760,-0.9944316836373073
1761,-0.663879786570001
1762,-0.34267652474624133
1763,-0.07596871338097183
1764,0.10641720405871583
1765,0.21994856412969346
1766,0.273826225548068
1767,0.30158061168461053
1768,0.31156169085759977
1769,0.30659149348026105
1770,0.2789376695410502
1771,0.2519720296352685
1772,-2.0
1773,-1.8936256579535176
1774,-1.5343054064231847
1775,-1.1395979660108528
1776,-0.7312173448685124
1777,-0.40204689055404264
1778,-0.15920086539448886
1779,-0.022306388821271728
1780,0.055853250442649494
1781,0.09798773179189724
1782,0.11966244977800594
1783,0.12342838309458815
1784,0.1121935994527844
1785,0.0281122323967546
1786,-2.0
1787,-2.0
1788,-2.0
1789,-1.7731890863949462
1790,-1.2399719444456025
1791,-0.8178205570752413
1792,-0.6273616246090197
1793,-0.3547633228664391
1794,-0.2422186606542609
1795,-0.1576122682005049
1796,-0.12523275583420435
1797,-0.10750484505630409
1798,-0.09289922720703692
1799,-0.0957998034712739
1800,-1.2402494667604675
1801,-1.1627295887383715
1802,-1.0962609253053472
1803,-2.0
1804,-1.9764517593432447
1805,-1.384385870952587
1806,-0.963375657802042
1807,-0.7195611694685737
1808,-0.5779970568848125
1809,-0.47885948400416534
1810,-0.41566186385308
1811,-0.37103685290515975
1812,-0.35136531216027556
1813,-0.254451165750244
1814,-1.4341329541884456
1815,-1.3566130761663495
1816,-1.2959905375464151
1817,-1.147270301925578
1818,-1.1049784610016211
1819,-2.0
1820,-1.7641281529288828
1821,-1.3493782257839013
1822,-1.1526612201977473
1823,-1.0074655491195295
1824,-0.9049155506258078
1825,-0.8276978528025105
1826,-0.7815013309063312
1827,-0.6240537085407698
1853,1.0412347430037006
1854,0.8443688945879922
1855,0.9055007827001533
1856,0.97127651022929
1857,1.0490108295798017
1858,1.115763295079835
1859,1.1545020753401607
1860,1.1710780788288275
1861,1.1703125766191487
1862,1.156619424612264
1863,1.1301793307407104
1864,1.089278497638999
1865,1.0285155755554418
1866,0.913526277391126
1867,0.909600751174064
1868,0.7076144720713433
1869,0.7843331828735258
1870,0.8589918979393679
1871,0.9500384504599698
1872,1.022449402927946
1873,1.0687926125242735
1874,1.0919412189309075
1875,1.0953782250415183
1876,1.0848860332400077
1877,1.0613823665384565
1878,1.02242855960793
1879,0.9624898313803794
1880,0.8299465375231586
1881,0.783690183313276
1882,0.5566853684890473
1883,0.6514548660037762
1884,0.7425527674890255
1885,0.8514317676900597
1886,0.9336708672969916
1887,0.9866038294962732
1888,1.014145215557422
1889,1.0223038357269134
1890,1.015019404662616
1891,0.993676647744463
1892,0.9561805917661572
1893,0.8988290895000162
1894,0.7890907723909825
1895,0.6731310132571041
1896,0.3832538070289981
1897,0.4972848647523367
1898,0.6106187356109753
1899,0.7437707213909441
1900,0.8420329349483622
1901,0.9000506815245327
1902,0.9350363286021556
1903,0.9473072188074784
1904,0.9428864775512802
1905,0.9227291607937291
1906,0.8880693919870724
1907,0.832894480959854
1908,0.7425831581463775
1909,0.4670744292774179
1910,0.17807346231754942
1911,0.31412190276309215
1912,0.454896735776639
1913,0.6136808068174181
1914,0.7355912491707379
1915,0.8065874689917074
1916,0.8469489844991986
1917,0.8628573351011433
1918,0.8616934456737956
1919,0.8445565058049131
1920,0.8123196399006082
1921,0.7589785491302705
1922,0.6912264588790779
1923,0.3051603448194702
1924,-0.07533517483804339
1925,0.09449933082803794
1926,0.2664544824426387
1927,0.4534954325673884
1928,0.6051198861406798
1929,0.690867818686516
1930,0.7415827505419673
1931,0.7622010295565993
1932,0.7640894187315903
1933,0.7517781778470238
1934,0.7228760303856832
1935,0.6716065181453879
1936,0.6207954354237788
1937,-0.1521171101053182
1938,-0.3928765775247267
1939,-0.18369996132336103
1940,0.030012384729850725
1941,0.2601004220168801
1942,0.44191012831969567
1943,0.5535600829187401
1944,0.6143656897867843
1945,0.642946584591994
1946,0.6494809484240693
1947,0.6401995150349618
1948,0.6158273563094725
1949,0.5688679346268269
1950,0.5291197685598164
1951,-0.2233683246536699
1952,-0.8056553684132819
1953,-0.5410099171100212
1954,-0.2697322689254495
1955,0.016913510006428045
1956,0.24672547865304711
1957,0.37706494238894983
1958,0.45577845870094835
1959,0.49518442003368224
1960,0.5097885354979285
1961,0.506434578522462
1962,0.48688602530125047
1963,0.44593819344184527
1964,0.4952902107734819
1965,-0.6649489687732605
1966,-1.3415742882462363
1967,-0.9897485493356235
1968,-0.6464306784434868
1969,-0.2861731274580548
1970,-0.00036842900966638226
1971,0.16001269228746562
1972,0.26760706969647674
1973,0.3204993832340889
1974,0.34408225097488443
1975,0.3502819534498022
1976,0.33820868795388015
1977,0.3011063709261505
1978,0.3687551867765692
1979,-1.0040956655284734
1980,-1.9248834722348613
1981,-1.5226226482151881
1982,-1.1125651588111785
1983,-0.6547685378440757
1984,-0.33448797030918376
1985,-0.08956465875672781
1986,0.0398011224489333
1987,0.11537720000816126
1988,0.1515236162286497
1989,0.16701981082340794
1990,0.16535710076942967
1991,0.14030725584863718
1992,0.2246289518146819
1993,-1.1315933036207593
1994,-2.0
1995,-2.0
1996,-1.7297651944142394
1997,-1.1344205964327512
1998,-0.6898441855447535
1999,-0.5295548401942965
2000,-0.27097661641505244
2001,-0.15733223236642635
2002,-0.08505235650082499
2003,-0.059632571335425544
2004,-0.0443253446207888
2005,-0.04360493237312779
2006,0.0523144317679519
2007,-1.265855514751068
2008,-1.1996531211454835
2009,-0.9173171398470148
2010,-2.0
2011,-1.8274053689647283
2012,-1.1953152103216418
2013,-0.8352360013500693
2014,-0.6037098085348498
2015,-0.4636025732031055
2016,-0.3746945772828054
2017,-0.3192165735667446
2018,-0.28243160869739214
2019,-0.2731575028416938
2020,-0.0417981306482262
2021,-1.325284265264116
2022,-1.260168837621945
2023,-0.9798683263451649
2024,-0.8510317217394876
2025,-0.5141981473976619
2026,-2.0
2027,-1.59816248839488
2028,-1.2031024230805187
2029,-1.0047669494923852
2030,-0.8700725041228139
2031,-0.7764628516557259
2032,-0.7074136101558064
2033,-0.6701316412844209
2034,-0.2915237727598254
2061,0.8138321441980345
2062,0.879369517756114
2063,0.9403435043799326
2064,1.0051035175074663
2065,1.0787441541745508
2066,1.1442495150556415
2067,1.1872412161740802
2068,1.2029333870924677
2069,1.2010142168886992
2070,1.1878083854973576
2071,1.1634353837339182
2072,1.1276084477007189
2073,1.073449489658312
2074,0.7890489474935708
2075,0.6648412881048199
2076,0.7398725900418567
2077,0.8157492042281602
2078,0.8889493616797377
2079,0.9752145435616825
2080,1.0468278355997547
2081,1.0973272051849612
2082,1.120308180996891
2083,1.1233171783325901
2084,1.1139204618833634
2085,1.0930122251865075
2086,1.0596357523022832
2087,1.0064415897443308
2088,0.7031987622500585
2089,0.4995404417764397
2090,0.5880202387554306
2091,0.6814673812344166
2092,0.7719382476850553
2093,0.8765168873314846
2094,0.9583050135001195
2095,1.015594218355697
2096,1.042828807131878
2097,1.05089916520641
2098,1.0450006231454312
2099,1.0268667779822933
2100,0.9943084473423286
2101,0.9441652942249226
2102,0.6621558794726544
2103,0.3090105239965372
2104,0.4149280778585886
2105,0.5267886321236182
2106,0.6401763608065117
2107,0.7697944087343322
2108,0.8675227554646139
2109,0.9305455334657492
2110,0.9656665038221153
2111,0.9778743319565558
2112,0.9756044418931603
2113,0.9582298343265864
2114,0.9283377251207896
2115,0.8798357017769322
2116,0.6164796744953792
2117,0.08824159441625351
2118,0.21402717709374788
2119,0.34730684590925814
2120,0.4880830974968243
2121,0.6427331694028332
2122,0.763983939655531
2123,0.8405146076308216
2124,0.8815602602478911
2125,0.8975974220736138
2126,0.8985392502431306
2127,0.883849217691349
2128,0.8556008786417947
2129,0.8084136617379063
2130,0.5692022353912136
2131,-0.18226785559280634
2132,-0.028972250990486476
2133,0.13688194950633323
2134,0.3081871965825941
2135,0.4894705636379775
2136,0.640540936462983
2137,0.732003059819643
2138,0.7846844659424627
2139,0.8057307554174509
2140,0.808707505520065
2141,0.7979322423273951
2142,0.7727712087942744
2143,0.725764498422504
2144,0.5342259309144729
2145,-0.5241326018664499
2146,-0.33151294399446235
2147,-0.1294141936758222
2148,0.08224359560525141
2149,0.3043543347471318
2150,0.489568094769656
2151,0.6058349312830176
2152,0.6694110660637097
2153,0.6982145104813797
2154,0.705416404008645
2155,0.6964171006544824
2156,0.6745308461636752
2157,0.6308255069722646
2158,0.4506071071998294
2159,-0.9747108931486832
2160,-0.7272996211925544
2161,-0.4742379511153372
2162,-0.20679342794830657
2163,0.06994616780109181
2164,0.29960892856655796
2165,0.44163551272871016
2166,0.5229626652042462
2167,0.5618049771848286
2168,0.5764976239733635
2169,0.5729575085436438
2170,0.5545413495912297
2171,0.5161860799348308
2172,0.4181360862185886
2173,-1.560651750857526
2174,-1.2445637004065788
2175,-0.9095305619043512
2176,-0.5718689403148196
2177,-0.22321884811357695
2178,0.06319453846811357
2179,0.2363344096548239
2180,0.34670831341952874
2181,0.39793826880080024
2182,0.4209923284308247
2183,0.42627998057885585
2184,0.41630809201854024
2185,0.3811032108392812
2186,0.2987256078312039
2187,-2.0
2188,-1.8110275938877067
2189,-1.4310596916446199
2190,-1.0270771022067322
2191,-0.5828209826185848
2192,-0.2298154187410496
2193,-0.0004714610007429121
2194,0.13151238176508712
2195,0.20522983877672063
2196,0.24040145258830642
2197,0.25505312171330197
2198,0.253098596768853
2199,0.23323223495484202
2200,0.1464979338432677
2201,-2.0
2202,-2.0
2203,-2.0
2204,-1.6302275521605942
2205,-1.0542299490676728
2206,-0.60409557780794
2207,-0.4259702369602978
2208,-0.16032549961311893
2209,-0.05003376985513852
2210,0.025756470410047194
2211,0.04926757765675038
2212,0.05959687563264349
2213,0.06431605239558036
2214,-0.0271197277521008
2215,-1.1730695875988386
2216,-1.1651143687075245
2217,-0.8609227624087691
2218,-2.0
2219,-1.7437312039333661
2220,-1.115663285734433
2221,-0.7119294113772829
2222,-0.4666676397083196
2223,-0.32371044709489727
2224,-0.23230547695301973
2225,-0.17993529987583634
2226,-0.14705767314624696
2227,-0.13960892072566178
2228,-0.0957736842891972
2229,-1.2111279138676032
2230,-1.2029383816866754
2231,-0.8987467753879207
2232,-0.7815698172915452
2233,-0.3952416647944347
2234,-2.0
2235,-1.478578068069826
2236,-1.0577810414201818
2237,-0.8546135693316679
2238,-0.7145434473429573
2239,-0.6223438897604776
2240,-0.5568219080867769
2241,-0.5213690139699745
2242,-0.2819872197778741
2270,-0.2114713153739041
2271,-0.046239408952049
2272,0.0750287532312316
2273,0.1788389008910702
2274,0.2351932083042017
2275,0.3557871698621329
2276,0.5002621031014592
2277,0.5676618673844728
2278,0.49455118783817986
2279,0.5041105389611085
2280,0.6453972073457881
2281,-0.06127372081224419
2282,0.11853874475037565
2283,0.2776387579003624
2284,0.335304042400003
2285,0.4952700452117442
2286,0.5791229888496037
2287,0.6455665736696121
2288,0.6284785189943239
2289,0.7149831921460462
2290,0.7994138030799889
2291,0.8840566118671072
2292,-0.06290333309974533
2293,0.13579657990919913
2294,0.2983619894250216
2295,0.29894963457402884
2296,0.43568785516402675
2297,0.6055997514552269
2298,0.48395486511131103
2299,0.5919554385739001
2300,0.7045941944634273
2301,0.771732088081077
2302,0.8865674308892963
2303,-0.06437946760700503
2304,0.1397381528504133
2305,0.30257227244709806
2306,0.2504588691562646
2307,0.3256103986346635
2308,0.49942707767003847
2309,0.6252841559451987
2310,0.5685933483075545
2311,0.5857391632528701
2312,0.712954851118186
2313,0.859737124621355
2314,-0.06136588124153014
2315,0.12700754542514184
2316,0.29752572054995197
2317,0.19718110144523102
2318,0.19805313791251083
2319,0.349311131987641
2320,0.6478627828107792
2321,0.7210126498555488
2322,0.5457849185767336
2323,0.7537639057221953
2324,0.8984623503499763
2325,-0.06987009638497804
2326,0.12291984456423222
2327,0.28769374425046645
2328,0.14155514159035093
2329,0.09109834099198122
2330,0.2728180275476854
2331,0.5370170382888809
2332,0.6422425330926314
2333,0.7202933717143525
2334,0.7937621644616145
2335,0.9046473175918466
2336,-0.08352942001885888
2337,0.10522574605499918
2338,0.2747035606767807
2339,0.07496659823618418
2340,0.05452938506860447
2341,0.2467178429025149
2342,0.34443515390390134
2343,0.5674588221231421
2344,0.6587992395001312
2345,0.5754903538410552
2346,0.8458387634013161
2347,-0.10976044372331584
2348,0.08164052280877626
2349,0.25721855466542776
2350,-0.005050116116008363
2351,0.06894447164734646
2352,0.2583691716088685
2353,0.3986065958023383
2354,0.5772911222194281
2355,0.6725899101834214
2356,0.7617972944170734
2357,0.9024589720610248
2358,-0.1220415532196586
2359,0.06178239791047907
2360,0.21712272271625882
2361,-0.05681896100243056
2362,0.09501530699378574
2363,0.25869249521209037
2364,0.4943627604471257
2365,0.5857870724024841
2366,0.6730786180085925
2367,0.7605724125553633
2368,0.8762870756124777
2369,-0.13350624165467762
2370,0.028403816557808437
2371,0.1787883682916073
2372,-0.034542454340213025
2373,-0.06805921359188744
2374,0.21747164702519606
2375,0.36285436762744805
2376,0.4681756165899369
2377,0.5697333329207863
2378,0.6771858890163603
2379,0.8467984679758269
2380,-0.15938466146712216
2381,-0.04333253961953598
2382,0.12124633410026886
2383,-0.01766095902347775
2384,0.045420692230149134
2385,-0.2121301912871355
2386,0.04363173691231695
2387,0.2234961818540087
2388,0.4598564170647825
2389,0.5741619297172769
2390,0.7773356600099908
2391,-0.4344175354527964
2392,-0.2289556579062869
2393,-0.0163476050610151
2394,-0.23522041733265375
2395,-0.04241309558588269
2396,-0.979970198139708
2397,-0.5093948520175102
2398,-0.2286654062286273
2399,0.0064176732246642165
2400,0.19748614629100467
2401,0.6031459632818454
2402,-0.619614736049304
2403,-0.3947727529988603
2404,-0.1085541109330871
2405,-0.15929534966285985
2406,0.2074418348882863
2407,0.3392574189404423
2408,-1.317979880526189
2409,-0.6643402212297941
2410,-0.3743908812121247
2411,-0.10213512989201254
2412,0.437186065517332
2413,-0.6912934503342102
2414,-0.4565117115126283
2415,-0.1486816346878538
2416,-0.07793067664892822
2417,0.12391834715409332
2418,0.27461094985617507
2419,0.38928695372368755
2420,0.49056234224374845
2421,0.5818160142863701
2422,0.6716700389648733
2423,0.766012938803061
2424,-0.8303284241323832
2425,-0.6328633490349981
2426,-0.5613214325104677
2427,-0.234374867760543
2428,-0.005727969231719948
2429,0.16668063954962895
2430,0.3088496204408232
2431,0.4280715639057479
2432,0.5276857323835713
2433,0.6261279634673695
2434,0.7239440283463752
2435,-0.992057508721561
2436,-0.8661421346221143
2437,-0.7472872692275556
2438,-0.3762024945182194
2439,-0.12579130693077978
2440,0.0803090584549831
2441,0.2378738282863288
2442,0.36786112785690583
2443,0.4836248470675252
2444,0.5860294252880681
2445,0.6918181821332148
2446,-0.13670470068665808
2447,0.05048995644541748
2448,0.2007851078042753
2449,0.30725585336358063
2450,0.42571724237391473
2451,0.5145510774069844
2452,0.5877965559505701
2453,0.14613644900946127
2454,0.2905315072432886
2455,0.41215157748447895
2456,0.7034982299208774
2457,-0.12945989925721302
2458,0.0622249447131602
2459,0.23267046747410353
2460,0.2718165097610671
2461,0.4577457301510856
2462,0.5516881518371239
2463,0.5581385827003227
2464,0.48002027158042715
2465,0.6439737917248748
2466,0.6943567538698465
2467,0.7735310791882783
2468,-0.13791541953789482
2469,0.08237911840211978
2470,0.24441687053478364
2471,0.23253386625266925
2472,0.3612599910769856
2473,0.575622620958371
2474,0.5809160901067316
2475,0.6648963068787126
2476,0.737608931897556
2477,0.8079668246274421
2478,0.8889515325120897
2479,-0.1351874634075369
2480,0.07403759474667848
2481,0.24452829961730996
2482,0.18623741724631415
2483,0.26002431988267016
2484,0.43387379480354454
2485,0.5848837105789515
2486,0.5740929079889372
2487,0.6461107742853697
2488,0.7452056309686867
2489,0.8599909858560222
2490,-0.14020571023693496
2491,0.06564585798817818
2492,0.2392331680697471
2493,0.13556289773637692
2494,0.12527242241630832
2495,0.2953406089987815
2496,0.637323940117978
2497,0.7095790478275341
2498,0.563263441259284
2499,0.740838764604864
2500,0.8838576408236464
2501,-0.1493957151458819
2502,0.05830012688873673
2503,0.22846916094875058
2504,0.08185597487887025
2505,0.04313378515294025
2506,0.23743570887361126
2507,0.5265930616960461
2508,0.626781986912514
2509,0.6995546960051784
2510,0.7785248543507367
2511,0.8824000088688464
2512,-0.17128643473297
2513,0.03690259290011022
2514,0.2155613497741405
2515,0.012959642462235188
2516,0.007544503855589885
2517,0.21094278869050223
2518,0.3504522105952362
2519,0.5572184333453116
2520,0.6281804393294153
2521,0.5481892662109711
2522,0.8162600160874043
2523,-0.1986029220472355
2524,0.012610236545259779
2525,0.19370434202470418
2526,-0.06243360604853809
2527,0.028348364626518463
2528,0.22351874988904685
2529,0.37301969757614767
2530,0.5572354117474525
2531,0.6419828887556642
2532,0.7287608840110046
2533,0.8763192875534831
2534,-0.2136205187215341
2535,-0.009550392186849721
2536,0.15616665120895581
2537,-0.11485926768119381
2538,0.05289610588021357
2539,0.2309942362070357
2540,0.46002312833924086
2541,0.5563023549482787
2542,0.6446256808523636
2543,0.7298856209139004
2544,0.8496703887219329
2545,-0.22680168315100468
2546,-0.04416961271514075
2547,0.11598846440762839
2548,-0.09388317420370168
2549,-0.1291995477049246
2550,0.16064143003198583
2551,0.3078498359078259
2552,0.43845352914300195
2553,0.5405463373267221
2554,0.633979669653735
2555,0.8202527931015965
2556,-0.11173398936660417
2557,0.06483392570843438
2558,-0.07789189436842692
2559,-0.017335428002122788
2560,-0.22469189807721224
2561,0.034397621367237896
2562,0.21938940532260665
2563,0.3936806550840077
2564,0.5133842284882351
2565,0.7445564981850208
2566,0.5446699137228941
2567,0.7481753670540161
2568,-0.641686393774351
2569,-0.17449035719769812
2570,0.004635851853016015
2571,-0.06693368122461618
2572,0.08888158829318282
2573,-0.34883230387978026
2574,-0.04691352599170495
2575,0.15487781007279217
2576,0.6639160118138108
2577,0.7151558307949204
2578,0.7879626991790201
2579,-0.6381688414395348
2580,-0.4591338686563546
2581,-0.0952307378974581
2582,-0.22018299818802756
2583,0.1501894827154019
2584,0.21863743548601344
2585,0.37175601903833755
2586,0.5113397123573484
2587,0.583140834829137
2588,0.6780833044081631
2589,0.7752242659676571
2590,-0.8026466445690607
2591,-0.6248036686777307
2592,-0.1921550887288818
2593,-0.13546624947976177
2594,0.09400891788262959
2595,0.2566051056571177
2596,0.10508412685638935
2597,0.3310348448810253
2598,0.42892040557607125
2599,0.5954698964149808
2600,0.7170069645453059
2601,-0.9382142791924842
2602,-1.046305881125233
2603,-0.5833084399253492
2604,-0.25892355621850144
2605,-0.02469805698059263
2606,0.15383219275907892
2607,0.29962543987313284
2608,0.4212309818670194
2609,0.521206828822903
2610,0.6180038577971039
2611,0.7121125032109827
2612,-0.9764516898351876
2613,-0.8438986304556758
2614,-0.7842674309598731
2615,-0.41039710918195293
2616,-0.145964497218595
2617,0.0668034268532625
2618,0.2269031980142729
2619,0.3594997725661289
2620,0.4729144549765356
2621,0.5748794785147758
2622,0.6770680813816025
2623,-0.297205439225981
2624,-0.1087577634543828
2625,0.1121032342034396
2626,0.2403700057550126
2627,0.3309119411525276
2628,0.4532886216779538
2629,0.5664986178248628
2630,0.6703346683878101
2631,0.7098825630912772
2632,0.7352850584529472
2633,0.7903987087526984
2634,-0.21692017964427474
2635,-0.009540639963452835
2636,0.15900862163297277
2637,0.23916939253387598
2638,0.39994419215502275
2639,0.49430435936557376
2640,0.5719202458814607
2641,0.39581947471427426
2642,0.5012776554384903
2643,0.5942225032571075
2644,0.7649543062722552
2645,-0.22179307758995465
2646,0.0017929707810072637
2647,0.17573043143299868
2648,0.1955957136865747
2649,0.35803584833605584
2650,0.519387646945598
2651,0.29885517621285196
2652,0.423347401059656
2653,0.5091479814138657
2654,0.6205617655896944
2655,0.7778394738463486
2656,-0.23324750786108567
2657,0.005778731500012707
2658,0.17652215376411318
2659,0.1437132973050378
2660,0.24622410512574042
2661,0.45640300420856894
2662,0.5769044332182097
2663,0.45172610806776203
2664,0.2697344851444784
2665,0.41821327532246877
2666,0.6387856588613033
2667,0.16648645068195123
2668,0.08152884318265925
2669,0.10983963103163658
2670,0.2775054083459849
2671,0.5555349857318576
2672,0.6402507965017601
2673,0.3067779845928237
2674,0.6072909471865939
2675,0.7953199261976744
2676,0.6867907962678715
2677,0.820455079846479
2678,0.6996090332310765
2679,0.824881448781128
2680,-0.02613627405549729
2681,0.15218754111769395
2682,0.020739674337751646
2683,-0.014265344054537998
2684,0.18539863530022616
2685,0.41978092748490103
2686,0.5401203461840298
2687,0.6225807683399254
2688,0.6992985943434656
2689,0.828085806665819
2690,0.7541004111134004
2691,0.8464607674044371
2692,0.16017810526947082
2693,0.1884139497948727
2694,0.45427884091881354
2695,0.5655892314064581
2696,0.383287518345099
2697,0.7376111810318701
2698,0.15653955303274836
2699,0.2488606647992798
2700,0.49218193232258833
2701,0.6026558957603002
2702,0.4980885706153141
2703,0.7619330653922745
2704,-0.08895174708367903
2705,0.10783250359302228
2706,-0.13280127274042386
2707,-0.04072340258517018
2708,0.1658611455420869
2709,0.32667892332755827
2710,0.5125030523735343
2711,0.6073687806809114
2712,0.691476955539493
2713,0.8484752580071655
2714,0.7291969053633162
2715,0.8582807026349799
2716,-0.35405624089404975
2717,-0.11882786671308415
2718,0.062341742254548874
2719,-0.1922494608425599
2720,-0.002809263709036447
2721,0.1855730731751774
2722,0.4137603925138282
2723,0.5221299797889102
2724,0.6197534745817381
2725,0.7084498960587011
2726,0.8293180803408482
2727,-0.37394156067218587
2728,-0.15860132576889896
2729,0.020025727799989484
2730,-0.17142445636854048
2731,-0.18532500220073234
2732,0.11609143706804331
2733,0.28443508149798424
2734,0.41606037393373474
2735,0.5261867516893045
2736,0.6285506926114679
2737,0.8091162011353347
2738,-0.3982272937861746
2739,-0.22571009301454825
2740,-0.032025643770657974
2741,-0.15211370579990036
2742,-0.06721789685813007
2743,-0.27039443061018553
2744,-6.062214835256263e-05
2745,0.19754029446361457
2746,0.3981681241764077
2747,0.5105417148736875
2748,0.7347002566717638
2749,-0.8671213654489626
2750,-0.6673170264353813
2751,-0.401139427054612
2752,-0.362261959461909
2753,-0.15645509679253478
2754,-1.1616967808667062
2755,-0.6464367154227887
2756,-0.3072254220386327
2757,0.5270010542717316
2758,0.40926065518170324
2759,0.6025658826233775
2760,-1.013814444606837
2761,-0.804806486529121
2762,-0.4645405107342648
2763,-0.2661460299773109
2764,0.12385492368307495
2765,0.2811055569526738
2766,-1.2244412980979096
2767,-0.7553399747813605
2768,-0.40758279031135325
2769,-0.06909925062127753
2770,0.3834541756740335
2771,-0.8799747569014893
2772,-0.4558066190777472
2773,-0.17598683604596405
2774,0.04333884371189123
2775,0.21665774581363617
2776,0.3481095771882199
2777,0.45977010332774254
2778,0.5582145119024273
2779,0.6465469291226069
2780,0.7371636512214144
2781,0.6429236957466206
2782,0.7353928114169982
2783,-1.0812364959286025
2784,-0.9378477015095849
2785,-0.6539676729490811
2786,-0.3118193408294914
2787,-0.06923003174989922
2788,0.12026105542880432
2789,0.27154702229704575
2790,0.39655178798508217
2791,0.5010441779076011
2792,0.5992046434085703
2793,0.6934808162182974
2794,-1.1234963871743977
2795,-0.9738013719429872
2796,-0.8253435957016877
2797,-0.44717311455533637
2798,-0.18020246855791255
2799,0.03979189812393079
2800,0.20423263164033592
2801,0.3374807936802402
2802,0.452105956172933
2803,0.5549719776728981
2804,0.6575630663810401
2993,-0.4014581559215893
2994,-0.1507480654262435
2995,0.0597810956012669
2996,0.2340043693902295
2997,0.324592561287678
2998,0.4078282955971604
2999,0.5199932857792224
3000,0.6682183329169457
3001,0.7148346994297082
3002,0.7186820803436352
3003,0.7664858408243376
3004,0.3553137870389566
3005,0.45715674204823475
3006,0.5423827779122589
3007,0.4313515162952244
3008,0.5308509084985347
3009,0.6183806589907316
3010,0.761937032864873
3011,0.5485666850764097
3012,0.5552203077354815
3013,0.6434720904460677
3014,0.7232649801223421
3015,0.7910449835126271
3016,0.47697306815791685
3017,0.25727314034493054
3018,0.41051561167593953
3019,0.49805755955675357
3020,0.5928941607134156
3021,0.76006332914597
3022,0.4784200940927094
3023,0.34576208040680906
3024,0.4692013770949226
3025,0.5715944008107524
3026,0.6598299593270611
3027,0.7763915164034364
3028,0.10886971166366546
3029,0.08377827748431113
3030,0.19332984089185903
3031,0.41151743432605825
3032,0.5392070365271862
3033,0.4156945687234744
3034,0.22291965784915674
3035,0.3725751900393253
3036,0.5977404068468892
3037,0.4434050249632596
3038,0.5377584525084746
3039,0.6681352184706814
3040,0.012991871954758191
3041,0.0397141858632917
3042,0.21736030621559144
3043,0.5219098151947732
3044,0.6138579240283082
3045,0.33634161860922107
3046,0.6074388998090536
3047,0.7799375158987566
3048,0.630482011313647
3049,0.49603142193118954
3050,0.6864819594337224
3051,0.8040529438628456
3052,0.07828067500765568
3053,-0.04818324155677131
3054,-0.07612659597762508
3055,0.1315123436331864
3056,0.3987783780719734
3057,0.5218445221223144
3058,0.609190094941889
3059,0.6959232591672648
3060,0.80749764733147
3061,0.6589793996871638
3062,0.7359470884285632
3063,0.8209842810164125
3064,-0.11704964810151461
3065,0.10353660329390124
3066,0.20626556617157243
3067,0.45174061173146285
3068,0.5523855343281954
3069,0.41730132425939725
3070,0.7303916991952664
3071,0.28233085986519507
3072,0.5007906882574438
3073,0.6013991296272934
3074,0.534504945371369
3075,0.7546583383192447
3076,0.27147554597024504
3077,0.4387122099730196
3078,0.5380915118843945
3079,0.6364737371593874
3080,0.8118136317527127
3081,-0.11156223848255795
3082,0.10590871137714403
3083,0.27678010583175006
3084,0.4628560999449065
3085,0.5679856073286851
3086,0.6637486932719785
3087,0.817233958316349
3088,-0.26594678163388064
3089,-0.03360922975616355
3090,0.1530110432267501
3091,0.340221085321862
3092,0.46060456418744744
3093,0.5683312973674373
3094,0.6612280277937446
3095,0.7871304359615178
3096,0.4824912653231309
3097,0.587867138617052
3098,0.6807450727614377
3099,0.7950785281369845
3100,0.18464579480834134
3101,0.338557996771805
3102,0.4788981823776413
3103,0.5869687543298194
3104,0.7687014227917853
3105,-0.2631357715142614
3106,0.01699241937511764
3107,0.20547631680024678
3108,0.3524572744753394
3109,0.47428026557792385
3110,0.5894115334329479
3111,0.7728790187991871
3112,-0.4980050166233365
3113,-0.3071351081708282
3114,-0.10484060668390716
3115,-0.22609201831599912
3116,-0.14835794147738243
3117,-0.31085204999225524
3118,-0.03412630932666691
3119,0.17008297005312356
3120,0.3269200802878706
3121,0.479234237880057
3122,0.6944994311105773
3123,-0.5266822764320152
3124,-0.3617226046090281
3125,-0.15464080646212297
3126,-0.20695152162983738
3127,-0.03467550419332832
3128,-0.42833281105617815
3129,-0.11063803079240253
3130,0.11008699399829375
3131,0.6071437594244744
3132,0.6909681424133323
3133,0.7790313270138136
3134,0.043395987332076724
3135,0.09265600097847893
3136,0.2696906866083524
3137,0.4528191940315798
3138,0.5349816193989101
3139,0.6343937112727335
3140,0.7268170398804915
3141,0.37079918413623836
3142,-0.06209357321994147
3143,0.2427553431720848
3144,0.392879327333645
3145,0.7450868265299853
3146,-6.968261471469728e-05
3147,0.17622489683813122
3148,0.1769966327619099
3149,0.3701027897616863
3150,0.4597787983642997
3151,0.6157510777205204
3152,0.6911581900119066
3153,0.31057933900744966
3154,0.428564295893669
3155,0.5325700221293034
3156,0.6251758563058577
3157,0.7151145898758204
3158,-0.7074951972968921
3159,-0.36131928181562856
3160,-0.11103537777382175
3161,0.08397442859675183
3162,0.23771670983184057
3163,0.36854018780476366
3164,0.4774517704386222
3165,0.5778888166743779
3166,0.67009937502924
3167,0.47318294209905815
3168,0.5749021857762165
3169,0.6691674877316
3170,-1.1121763442652088
3171,-0.8920920618030649
3172,-0.5064173609100413
3173,-0.2339490188919317
3174,-0.006025257624409239
3175,0.16363713888721826
3176,0.30420848088089786
3177,0.4245257231390332
3178,0.528517675036113
3179,0.6298540873325694
3180,0.5240767632337918
3181,0.6277479197405386
3182,-0.3811063398330448
3183,-0.15028112875274047
3184,0.032096847497513306
3185,0.15024151692309015
3186,0.3023507107899689
3187,0.41023660469754963
3188,0.501379388151244
3189,0.2007744064782621
3190,0.37463773696389296
3191,0.47078839049210364
3192,0.6937168709034176
3193,-0.3802260666200765
3194,-0.14629407383756093
3195,0.04856007617235461
3196,0.11800655213495684
3197,0.3212290664907987
3198,0.4312548355373812
3199,0.4367474409833379
3200,0.5660442104494332
3201,0.5810238147571944
3202,0.547974185316896
3203,0.6633687279269185
3204,-0.3939496027613723
3205,-0.13516797843297418
3206,0.054309790636934016
3207,0.07000678568214883
3208,0.22235333898601922
3209,0.4430729193497691
3210,0.41826436038532994
3211,0.5380240785392781
3212,0.6562626002312452
3213,0.7405660576750134
3214,0.8188841677324744
3215,-0.40341058919786366
3216,-0.143934545674256
3217,0.048409194662920874
3218,0.01891913119398418
3219,0.1132742990105346
3220,0.3184028827638399
3221,0.4748610170579363
3222,0.45444479599684073
3223,0.5108207756234546
3224,0.640187620901339
3225,0.7712494469788818
3226,-0.4142578717776456
3227,-0.16565156944452059
3228,0.03515369363784981
3229,-0.04508422335115811
3230,-0.023818671389742252
3231,0.15941477367112725
3232,0.5033238099563326
3233,0.60075612753349
3234,0.4597541624569156
3235,0.6797714139691446
3236,0.8035083445443767
3237,-0.4381104471645243
3238,-0.18102907106134172
3239,0.01601531411853975
3240,-0.10746537777447657
3241,-0.12775687380621029
3242,0.08599951271923359
3243,0.40267016764682373
3244,0.5185136271184083
3245,0.6263831155827118
3246,0.7162596883145651
3247,0.8108597960974697
3248,-0.47194428512795084
3249,-0.2142472810081047
3250,-0.005820258215746846
3251,-0.18332474355557027
3252,-0.16986710670700333
3253,0.056588446619276894
3254,0.2390645579566259
3255,0.46800309839719934
3256,0.576823576231196
3257,0.5596083186177311
3258,0.7597809069344108
3259,-0.5151200205809332
3260,-0.24905861963287956
3261,-0.03642925362835077
3262,-0.26754907976190256
3263,-0.14477154891980076
3264,0.0744954028130109
3265,0.2479278687214617
3266,0.4664318748559759
3267,0.5722763869124086
3268,0.6751469166330424
3269,0.8023910734144253
3270,-0.5413051595248755
3271,-0.2797572997910948
3272,-0.08157154899873642
3273,-0.3199083792998868
3274,-0.13649741890005335
3275,0.06249285715886757
3276,0.34873720074272724
3277,0.47119457716611385
3278,0.5795334496648127
3279,0.6784501980783221
3280,0.7818399607865842
3281,-0.5637351173882246
3282,-0.32685682121142934
3283,-0.12911919366185332
3284,-0.2980610347522306
3285,-0.28523077993978063
3286,0.07624146167276846
3287,0.2517139039619035
3288,0.39275231309151076
3289,0.5183428367080847
3290,0.6155159531417923
3291,0.7633804013037284
3292,-0.5896195323173121
3293,-0.3964138667643086
3294,-0.18502099614689232
3295,-0.2769233511222056
3296,-0.15539139897498278
3297,-0.40209214796507586
3298,-0.1051634850416786
3299,0.10992367557547217
3300,0.4195397863488425
3301,0.5337759919505095
3302,0.7067381678247192
3303,-1.1585819101580448
3304,-1.14981275896047
3305,-0.9988806556884168
3306,-0.4685021261077519
3307,-0.20102377133025462
3308,-0.8867330608217108
3309,-0.44594919884903356
3310,-0.164711782047828
3311,0.05767497656240789
3312,0.23796852118482745
3313,0.5674214783027243
3314,-1.1318004749991544
3315,-1.0851647144515777
3316,-0.8347512346832668
3317,-0.3634719585553156
3318,-0.006166385113307679
3319,0.169821393046937
3320,-1.0092699966750442
3321,-0.4899105456008217
3322,-0.20142559438231222
3323,0.041715276619351066
3324,0.45880637530265456
3325,-1.2278001896270616
3326,-1.0801476629959696
3327,-0.6283206109089322
3328,-0.32030049859401144
3329,-0.0840593601489194
3330,0.10382320399564852
3331,0.25154854119976433
3332,0.37733364511095724
3333,0.48814212708266475
3334,0.5856481595544922
3335,0.6733330683206222
3336,-1.264882172113296
3337,-1.1757504794307665
3338,-0.8628452893294192
3339,-0.49037403644732425
3340,-0.2236023584468853
3341,-0.008096556128273726
3342,0.1608988956275816
3343,0.3006419657535693
3344,0.4197106487553465
3345,0.5247584840774675
3346,0.6201741328706788
3347,-1.386234863102353
3348,-1.2770691972243973
3349,-1.0591584560860023
3350,-0.651043623640227
3351,-0.3477011041168699
3352,-0.09847020656437802
3353,0.0846814689397578
3354,0.23308808272468615
3355,0.36396941568505387
3356,0.4735526325711439
3357,0.576629750837917
3358,-0.4443607880868161
3359,-0.2369163177448367
3360,-0.0253405163883002
3361,0.2822135817593835
3362,0.4043497905161484
3363,0.49339599235745485
3364,0.5710564139330749
3365,0.11845444661721019
3366,0.27459605455501795
3367,0.4050763525008258
3368,0.6962664571445192
3369,-0.15949684723065977
3370,0.037290354775770945
3371,0.20573398697767312
3372,0.25411526025530284
3373,0.4385404692326895
3374,0.5323659132924115
3375,0.541303609197405
3376,0.5411966527003138
3377,0.5650180835450249
3378,0.6048629614679486
3379,0.7152783198480538
3380,-0.16801611489343876
3381,0.05455412826682404
3382,0.21841648536564578
3383,0.21210587978602075
3384,0.3449983834133849
3385,0.5540187405707976
3386,0.551190303029925
3387,0.6245243952109933
3388,0.7477985103536582
3389,0.8054900548295078
3390,0.8830114625146384
3391,-0.16985376556505094
3392,0.04855081548419746
3393,0.2182712381279723
3394,0.1634319109779338
3395,0.239423358087963
3396,0.4134601145787633
3397,0.5635353548115759
3398,0.5632610831602671
3399,0.6745621581605297
3400,0.7831780698056703
3401,0.8876437546112461
3402,-0.17650593396201492
3403,0.036700571453839786
3404,0.21177120878772426
3405,0.11019434685387387
3406,0.1084352646165386
3407,0.276377956543086
3408,0.6209493962663767
3409,0.6970626825905462
3410,0.6150938460825102
3411,0.7836627586771365
3412,0.8901501820064354
3413,-0.19067424372645358
3414,0.026764366205482615
3415,0.19899549075473844
3416,0.05131822453564927
3417,0.015420983154501994
3418,0.21247727032498748
3419,0.544155738945026
3420,0.6443615439512638
3421,0.7223573435600124
3422,0.8024809311861918
3423,0.8872186125958561
3424,-0.21685256307186507
3425,0.004291862174180094
3426,0.18573619368533983
3427,-0.012908327755354998
3428,-0.020419714067912292
3429,0.18731192594048493
3430,0.37996874130737457
3431,0.5600009946019018
3432,0.6516899786278889
3433,0.600971478925124
3434,0.843351074379943
3435,-0.24903727123306574
3436,-0.025044077836958167
3437,0.1627341853396244
3438,-0.09285305804221922
3439,0.006368049984204954
3440,0.2094239558696483
3441,0.359282355435653
3442,0.5703691892752876
3443,0.6567401597108786
3444,0.7374705499393877
3445,0.875536810049219
3446,-0.26961952180825943
3447,-0.05042990146279103
3448,0.12029018221014816
3449,-0.13992132356670883
3450,0.014598259023766103
3451,0.1991512170459191
3452,0.46574259995884854
3453,0.5657461007680731
3454,0.6559722344562748
3455,0.7426859601805693
3456,0.8523679006681684
3457,-0.2864958438472185
3458,-0.0905622692393353
3459,0.07847098139781614
3460,-0.1192240875245279
3461,-0.13801010449241674
3462,0.1884708405376544
3463,0.33568700345875535
3464,0.4588401179059243
3465,0.5698722202688379
3466,0.6617739088350767
3467,0.8250267121366475
3468,-0.3135204887899269
3469,-0.16060481302714297
3470,0.02118759459773567
3471,-0.09969016199622949
3472,-0.016081831525007417
3473,-0.2578170728470846
3474,0.011651718817014517
3475,0.20207651661788065
3476,0.4540882021460134
3477,0.5658126936952736
3478,0.7601197061991376
3479,-0.8609698321398859
3480,-0.636432881280665
3481,-0.3849714364027854
3482,-0.31172812375385495
3483,-0.10521873949343585
3484,-1.0405054779630096
3485,-0.5492782474960332
3486,-0.258147924772463
3487,-0.01847181333693751
3488,0.17284516845929385
3489,0.5802105546891099
3490,-1.1291512492349725
3491,-0.9068183299635594
3492,-0.5831175955381036
3493,-0.2224098244273242
3494,0.1544273625600543
3495,0.30348196322527166
3496,-1.2923281363088723
3497,-0.7146566364680356
3498,-0.3892134382532412
3499,-0.11907294871835195
3500,0.4168646191992078
3501,-1.0202617970509231
3502,-0.8227487766106227
3503,-0.41058658928287994
3504,-0.14090533306223174
3505,0.069050559861372
3506,0.23470566144992994
3507,0.3617091509778749
3508,0.4694146275687032
3509,0.5628406909019522
3510,0.6501812423874873
3511,0.7409848847309175
3512,-1.1298271333193954
3513,-0.9617057270547386
3514,-0.6195501071013545
3515,-0.28478522823911573
3516,-0.046596599260090216
3517,0.13716949066415127
3518,0.28658778323881257
3519,0.4069796047210219
3520,0.5091464814705957
3521,0.6044209019426885
3522,0.6992250668979587
3523,-1.133997114337076
3524,-0.964417794472397
3525,-0.8018306451787945
3526,-0.427028205572063
3527,-0.16377301028363211
3528,0.05308439786749235
3529,0.21631450990414247
3530,0.3473192788898506
3531,0.46085588844869757
3532,0.5617964193824815
3533,0.6651869140527618
5594,-0.2803503656021027
5595,-0.045269276707160605
5596,0.14570616102285092
5597,0.3030423246188094
5598,0.4309535874058136
5599,0.5455752424455286
5600,0.6370684508745756
5601,0.7212959100351191
5602,0.7915938349917889
5603,0.8604135022205149
5604,0.9217968686070188
5605,-0.26707671700465285
5606,-0.014869967149575239
5607,0.1838072865817513
5608,0.35003317341346546
5609,0.48766953665601676
5610,0.6004889625405887
5611,0.7011648782231394
5612,0.7839496546909719
5613,0.858777239442388
5614,0.9246200099304396
5615,0.9883633444430568
5616,-0.28172652924232605
5617,-0.006080202733753315
5618,0.2061876509410283
5619,0.37807911902502106
5620,0.5196895423396519
5621,0.6373818580811225
5622,0.7390438346044461
5623,0.8247705082910617
5624,0.9029482069463015
5625,0.9745295553234061
5626,1.0383520864703049
5627,-0.3100085915812265
5628,-0.017208292134875125
5629,0.20681527902216945
5630,0.38695151045437576
5631,0.5356140000958198
5632,0.6592612627996991
5633,0.764336358431795
5634,0.8541117027196223
5635,0.9349221434400561
5636,1.0074722409791887
5637,1.0751799620475313
5638,-0.3513283294264127
5639,-0.04688942627424525
5640,0.18928946946468106
5641,0.3820003725584791
5642,0.5388987729250242
5643,0.6680959135571729
5644,0.7787680535355289
5645,0.872980708903287
5646,0.9563447065187864
5647,1.0317304787056814
5648,1.1026667775913448
5649,-0.44431046046360456
5650,-0.10021908259353407
5651,0.15099048453125818
5652,0.3590248533565219
5653,0.5269754062568327
5654,0.6644215046044729
5655,0.7809854946798307
5656,0.8802718031705608
5657,0.9673709003989164
5658,1.046472028114502
5659,1.1194798904783525
5660,-0.583995296508753
5661,-0.19521185325186774
5662,0.08468113961060235
5663,0.3092478008866341
5664,0.4924493430996741
5665,0.6440106649089925
5666,0.768087110143602
5667,0.8733757564017116
5668,0.9654764681404765
5669,1.0493885653570376
5670,1.1256281902589707
5671,-0.8555685420038106
5672,-0.33841947962332264
5673,-0.032501408267841134
5674,0.22306440337106365
5675,0.42865621928752307
5676,0.5925870938168766
5677,0.7315896598423504
5678,0.8441194921790617
5679,0.9450386228106724
5680,1.033480884244101
5681,1.115292669886815
5682,-1.0222440044453929
5683,-0.5571135328164606
5684,-0.1960929925201756
5685,0.08816607821247964
5686,0.3191497079853516
5687,0.5076697967768216
5688,0.6587177580639451
5689,0.7869340862582993
5690,0.8964292913331305
5691,0.9914809382888815
5692,1.0810780409519254
5693,-1.4583910818064094
5694,-0.8897638441811127
5695,-0.46523894190976955
5696,-0.1228514432873411
5697,0.14576566827488996
5698,0.3683988377788426
5699,0.5463641631358083
5700,0.6943066630920907
5701,0.8180505254964049
5702,0.9249560018202707
5703,1.0214364156091673
5704,-2.0
5705,-1.3195486854699456
5706,-0.7942294905048431
5707,-0.3884796769800888
5708,-0.061635203670196315
5709,0.2005067205003029
5710,0.4033363688112401
5711,0.5706706412488869
5712,0.7143426886935619
5713,0.8362762120660671
5714,0.946346592124226
5715,-0.34888511161505786
5716,-0.09840241906479907
5717,0.10769088157511003
5718,0.2778544535807025
5719,0.41547671886536797
5720,0.5335722837983174
5721,0.6295513535359536
5722,0.7155079521489581
5723,0.7898836587271794
5724,0.8580141863683872
5725,0.9171851527899865
5726,-0.33780789459717175
5727,-0.06860321881906392
5728,0.14021723279965911
5729,0.31596890752363327
5730,0.458295152678143
5731,0.5781325198758006
5732,0.6792990193863279
5733,0.7681475992331417
5734,0.8476362290306252
5735,0.9132186071051712
5736,0.9728178965309586
5737,-0.3606509067821737
5738,-0.0655461736588531
5739,0.15936591103127157
5740,0.3381479836092852
5741,0.48866068912989824
5742,0.6134942358029003
5743,0.7175410321608318
5744,0.8077164843045834
5745,0.8879394834461675
5746,0.9575772076393496
5747,1.0198985251878758
5748,-0.38975284005724165
5749,-0.08084334734269644
5750,0.15465961368863662
5751,0.34456410655646125
5752,0.500887830760631
5753,0.6311482309483138
5754,0.7407406706172333
5755,0.8347662092230965
5756,0.9179705394105244
5757,0.990693094350078
5758,1.0553421816385473
5759,-0.43792945396274374
5760,-0.11721741798278862
5761,0.13192962329029748
5762,0.335418950691154
5763,0.5010370222422587
5764,0.637431015856369
5765,0.7540786983555401
5766,0.8527424631355363
5767,0.9384219468017723
5768,1.0148835299752097
5769,1.0823504226701113
5770,-0.5372133730460802
5771,-0.1732010874349888
5772,0.09277527426322957
5773,0.3086210456755213
5774,0.4859514898774675
5775,0.6307668642763574
5776,0.7527761283637111
5777,0.8565777957521983
5778,0.9468120191500035
5779,1.0269666385119436
5780,1.0972814574280854
5781,-0.6693744348798193
5782,-0.26779020799224706
5783,0.024291793020866276
5784,0.257137682760039
5785,0.45127944923386953
5786,0.607598260166461
5787,0.737560804408945
5788,0.8473722821479922
5789,0.9430509497107677
5790,1.027604634257567
5791,1.1016666909182677
5792,-0.9519387490093236
5793,-0.4114511789014037
5794,-0.09696515778362846
5795,0.17187181475657115
5796,0.38549608800452506
5797,0.5556686885369645
5798,0.7000888950099224
5799,0.8165357636752586
5800,0.9218050821864547
5801,1.0111711899709594
5802,1.0912661262638972
5803,-1.088093862434913
5804,-0.6381334362736262
5805,-0.24247756424686767
5806,0.049761446344261204
5807,0.28281108244147857
5808,0.477214184789105
5809,0.6358183952325213
5810,0.7681691031454947
5811,0.8796144138388833
5812,0.9775146793393817
5813,1.0651100112215173
5814,-1.5137938348707425
5815,-0.9385047596160523
5816,-0.5068827230190791
5817,-0.15754193763220098
5818,0.11687705061655758
5819,0.34093750160661185
5820,0.5268173449873162
5821,0.6778792587395612
5822,0.8053428553871027
5823,0.9135478577048041
5824,1.0081365972621101
5825,-2.0
5826,-1.3352981536888004
5827,-0.8088584281651929
5828,-0.3949922495994962
5829,-0.07273152421287735
5830,0.1858958889717733
5831,0.3924724854701921
5832,0.5640126271053469
5833,0.709622375791618
5834,0.8330028449088666
5835,0.9398598342191907
5836,-0.13591608560778923
5837,0.065473682956602
5838,0.23783186165493142
5839,0.38026743209868896
5840,0.5013999264798208
5841,0.606515556921525
5842,0.6912490153140827
5843,0.768431772733587
5844,0.8349605388002247
5845,0.8992393026804523
5846,0.9645818201358229
5847,-0.12505321381701684
5848,0.10356746931845555
5849,0.2829589889654311
5850,0.43514832701435735
5851,0.5614393814609565
5852,0.6702216682389102
5853,0.7628733582869698
5854,0.840463034345196
5855,0.909072945821978
5856,0.9765233113800342
5857,1.0431425466304516
5858,-0.14753121780033984
5859,0.10453891397889924
5860,0.2997146276149268
5861,0.45560110766231154
5862,0.5882509758998925
5863,0.7018149474081745
5864,0.7960991529372436
5865,0.8751749528491155
5866,0.9482357084764892
5867,1.0178501751985949
5868,1.085944346132614
5869,-0.17012881974010124
5870,0.0934017659375217
5871,0.2965120081388417
5872,0.46290712799454414
5873,0.6003486143425396
5874,0.7172208252232974
5875,0.8159503237932113
5876,0.8985284073783681
5877,0.9742605665686742
5878,1.0446526848504603
5879,1.1157327965980746
5880,-0.21421839625296268
5881,0.06276638703773957
5882,0.2791649522412291
5883,0.45702515175497377
5884,0.6026942406183065
5885,0.723126091457506
5886,0.8276225793271441
5887,0.9144456130047307
5888,0.9910104761433065
5889,1.0654173207281161
5890,1.139104373080984
5891,-0.3158563656642148
5892,0.010506957794070515
5893,0.2446626781096367
5894,0.4317579061264546
5895,0.5892113445927727
5896,0.7175726523496835
5897,0.825206232541122
5898,0.9161325058626311
5899,0.9972364303457235
5900,1.0743739964545207
5901,1.150644214757127
5902,-0.4685068016218146
5903,-0.08867474400050646
5904,0.1728001425109616
5905,0.38343099902532624
5906,0.5537025125539532
5907,0.6915363458434145
5908,0.8074562518608911
5909,0.9031106133144999
5910,0.9887298646438947
5911,1.0701395450204658
5912,1.1512211562051893
5913,-0.7130184132074939
5914,-0.25541889507695736
5915,0.04096320300148823
5916,0.2902430732570796
5917,0.4788036111380375
5918,0.636360832563493
5919,0.7632121095435569
5920,0.8667595484179802
5921,0.9599338557637298
5922,1.0454388181011438
5923,1.131891678234303
5924,-0.9359525017145189
5925,-0.4885287552967228
5926,-0.13847142643471988
5927,0.13760334164007437
5928,0.3605378544162019
5929,0.5372931464701545
5930,0.682209403467978
5931,0.8028014511660572
5932,0.9029434784829254
5933,0.9942214865810317
5934,1.0875168023353579
5935,-1.3561218443098069
5936,-0.8109017427407119
5937,-0.3974089767946073
5938,-0.06529785992684459
5939,0.19295097493778032
5940,0.4018967710131396
5941,0.5736389712580929
5942,0.713960352488124
5943,0.8256534236235169
5944,0.9298847201644728
5945,1.0296263650992752
5946,-1.8805095089287622
5947,-1.2107817725596097
5948,-0.7123590826116475
5949,-0.3228337675091591
5950,-0.014551720218772102
5951,0.23673475638255287
5952,0.43036310383160103
5953,0.5944865507452639
5954,0.7298661056987165
5955,0.8486077018493092
5956,0.9594318433752187
5957,-0.0271197277521008
5958,0.1529226674268834
5959,0.2987256078312039
5960,0.4181360862185886
5961,0.4506071071998294
5962,0.5406506644980886
5963,0.5756269689748293
5964,0.6229044080789949
5965,0.6621558794726544
5966,0.7096234958336742
5967,0.7954736810771865
5968,0.06488667909774104
5969,0.23128756440093132
5970,0.38015715838618064
5971,0.5147057597607798
5972,0.6286777199563695
5973,0.7229511083974889
5974,0.8049021991782658
5975,0.8756728375322391
5976,0.939261170688406
5977,1.0028102645992583
5978,1.0673117531340943
5979,0.05996186655923308
5980,0.2526841471299408
5981,0.4150605596590362
5982,0.5529902826877349
5983,0.6743212946500724
5984,0.7710748105598393
5985,0.8535827942527517
5986,0.9258028955687524
5987,0.9912803576959441
5988,1.0570788810384857
5989,1.1245495774072856
5990,0.04949308843984335
5991,0.25507044076894125
5992,0.4262179663373675
5993,0.5729997233948623
5994,0.6958775402707569
5995,0.7970825254927574
5996,0.8831848728219851
5997,0.9578865662659581
5998,1.0254751740385688
5999,1.0906219678171334
6000,1.1620477723631022
6001,0.02588948226011306
6002,0.24060034477389824
6003,0.42096063667380107
6004,0.5764963900738151
6005,0.7052037028750964
6006,0.80854436963751
6007,0.8981687471803144
6008,0.9750015556539189
6009,1.043614716828135
6010,1.112773356139316
6011,1.1862139044125475
6012,-0.04795678406108095
6013,0.20563961724772264
6014,0.39788034283196205
6015,0.5619013440476782
6016,0.6985670140520919
6017,0.8057540695255574
6018,0.8978531197982842
6019,0.9779084420873192
6020,1.0506041484311555
6021,1.1230462317371526
6022,1.2001175034243288
6023,-0.16325423740962197
6024,0.13119689000601498
6025,0.34493779724207785
6026,0.5233333562685899
6027,0.6699410624609667
6028,0.7852789076583473
6029,0.8815727124675528
6030,0.966257134777142
6031,1.0431877889614716
6032,1.1207055376420985
6033,1.2029458666544781
6034,-0.424355559351826
6035,0.0028969937357256614
6036,0.2374386701339395
6037,0.4430859480368665
6038,0.6064177541238103
6039,0.7329438829394079
6040,0.8415522578760322
6041,0.9327711105369164
6042,1.0164018695375545
6043,1.0982589532432616
6044,1.1883937048441768
6045,-0.6015819235895712
6046,-0.22695876045547525
6047,0.06641507889808657
6048,0.303061208391748
6049,0.4914386267263484
6050,0.6413923998400368
6051,0.7675303210497922
6052,0.869149709737228
6053,0.9602207126487273
6054,1.049739552123973
6055,1.14603407361392
6056,-1.0434851501414852
6057,-0.5737854696672288
6058,-0.21835077422167015
6059,0.07473043147961
6060,0.3051407730744204
6061,0.4925778859667089
6062,0.644812849247339
6063,0.7734252433552316
6064,0.8800696688904924
6065,0.9771314739298056
6066,1.0822089930150787
6067,-1.6229303485000823
6068,-1.0110884454150004
6069,-0.5657101763900939
6070,-0.20090782408536573
6071,0.08786052021833524
6072,0.3098846257093592
6073,0.4934122903751732
6074,0.643975298844086
6075,0.7766122597893265
6076,0.8924741703348035
6077,1.0080039187303336
6078,-2.0
6079,-1.4266764428095777
6080,-0.9049917375974768
6081,-0.47285260058442513
6082,-0.12749163109724682
6083,0.13932446290955539
6084,0.35001526292204943
6085,0.5310407828537986
6086,0.6846137212285723
6087,0.8188547677816044
6088,0.9432984019960166
6392,0.0521218421250592
6393,0.2246289518146819
6394,0.3687551867765692
6395,0.4952902107734819
6396,0.5291197685598164
6397,0.6126262168950027
6398,0.6830572403503018
6399,0.7344139396176016
6400,0.7991120392977985
6401,0.8382284571631841
6402,0.9218081970311516
6403,-0.04317334203388068
6404,0.1427453104770584
6405,0.30258204863089044
6406,0.44956335848985896
6407,0.5702243396534059
6408,0.6771375844016119
6409,0.7655643252423349
6410,0.8403657299089651
6411,0.9053807415227855
6412,0.9718043366438186
6413,1.0386525406930833
6414,-0.04514151036869163
6415,0.16564602203366924
6416,0.3392518183270753
6417,0.48824818021273025
6418,0.6178671306832734
6419,0.7256406891890641
6420,0.8144583543508964
6421,0.8931164292321967
6422,0.9619573392504157
6423,1.028040416599104
6424,1.098123898622117
6425,-0.05937656401404745
6426,0.16698421500244243
6427,0.35027043428858207
6428,0.5068208241512588
6429,0.6408578044828014
6430,0.7523520403047944
6431,0.8468195049694641
6432,0.9248527037537448
6433,0.9971705167541691
6434,1.0659777699440727
6435,1.1347407806730558
6436,-0.08474365369304548
6437,0.15160027082859517
6438,0.3440356023451081
6439,0.5097663554630962
6440,0.6497188277649515
6441,0.7644999702447213
6442,0.862255901780826
6443,0.943780620258858
6444,1.0164423321600224
6445,1.087261993845225
6446,1.1596648816838973
6447,-0.1545118315024665
6448,0.11565207858286985
6449,0.3210397640322271
6450,0.4949882900003934
6451,0.6427182660159558
6452,0.7620074288625844
6453,0.8624467248721424
6454,0.9471482591491304
6455,1.0224256539947336
6456,1.0958987262090245
6457,1.171210787586983
6458,-0.2704605546931437
6459,0.04118955432750493
6460,0.2672015293414143
6461,0.45511632217260445
6462,0.6141455803386563
6463,0.7407564139582073
6464,0.8461063730096701
6465,0.9347119336261218
6466,1.0133545721436514
6467,1.091391342116943
6468,1.1707764501938671
6469,-0.5283875744747575
6470,-0.09147775305509498
6471,0.16111528755260937
6472,0.37733615256609454
6473,0.5523283799095061
6474,0.6886027932801727
6475,0.804408395816822
6476,0.8977670826203178
6477,0.9849132161651115
6478,1.066617736347098
6479,1.1525982428787604
6480,-0.6928875534000829
6481,-0.33248646017440353
6482,0.0006019987131798965
6483,0.2448953541378346
6484,0.44244413281341727
6485,0.605034035075364
6486,0.7349280809790186
6487,0.8409620276712084
6488,0.9294667375915661
6489,1.0193434818318687
6490,1.112660113516247
6491,-1.1225135316956505
6492,-0.6463970530974844
6493,-0.28035783499910727
6494,0.018167516274936818
6495,0.2601891389743426
6496,0.4526497573121885
6497,0.6107413258001926
6498,0.7416379914388298
6499,0.8480649797515268
6500,0.9474164309178797
6501,1.0462640050279373
6502,-1.7094932108191476
6503,-1.0922240502370582
6504,-0.6347287807006465
6505,-0.25841263069001874
6506,0.03569114173501674
6507,0.2719660938384713
6508,0.4539714480682378
6509,0.6103094538706352
6510,0.7406338637945087
6511,0.8568117195300573
6512,0.968769672095145
6513,-2.0
6514,-1.5071441451446175
6515,-0.9802643596158642
6516,-0.5318252671971425
6517,-0.17715307821033055
6518,0.09907174053423304
6519,0.3170292693847151
6520,0.4990411139494669
6521,0.6502064888077742
6522,0.7827371756777536
6523,0.9050698954387177
6524,-0.0796964226554181
6525,0.0442156132126103
6526,0.2682197622045751
6527,0.4118324415078838
6528,0.4449587365473555
6529,0.5390832054575365
6530,0.6279838414184249
6531,0.782260211478074
6532,0.8313062396110157
6533,0.8593773383803206
6534,0.942957078248288
6535,-0.09423863395882182
6536,0.10774575079321443
6537,0.2748547334679403
6538,0.4216251381953214
6539,0.5440039444650797
6540,0.6496475167519786
6541,0.7412102317260706
6542,0.8119246584864066
6543,0.880147050042212
6544,0.941898827045608
6545,1.0058945534065298
6546,-0.1056907786002424
6547,0.12283491506047768
6548,0.3047793763610699
6549,0.4538305144164243
6550,0.5837864322499103
6551,0.6912094859134525
6552,0.7854440325676094
6553,0.86321537224376
6554,0.9296131326325044
6555,0.9958157055464121
6556,1.0612734642227184
6557,-0.12463837423873814
6558,0.11995777358275508
6559,0.31150911549732774
6560,0.4702243232598738
6561,0.6049899402428917
6562,0.7206619808144643
6563,0.8185226120184634
6564,0.8978871877129098
6565,0.9681907715121478
6566,1.0363355049936032
6567,1.1041562519711556
6568,-0.15687102312304146
6569,0.09830489530108366
6570,0.3021886145593697
6571,0.47114024155376544
6572,0.6134404464007022
6573,0.7331701932095436
6574,0.8355938086173526
6575,0.9197480245880876
6576,0.9924657813131252
6577,1.0624390257346228
6578,1.133381821383968
6579,-0.23911032458163817
6580,0.05789029762951908
6581,0.27565346297762605
6582,0.4555873993535646
6583,0.6057834747147057
6584,0.7316287802127295
6585,0.8382915755574847
6586,0.9264425646139217
6587,1.003123986840266
6588,1.0767020539134589
6589,1.1511337399604025
6590,-0.354838118097611
6591,-0.020152216958755742
6592,0.222177022287448
6593,0.41679595530927815
6594,0.5788307478466307
6595,0.7131282225477558
6596,0.8260633769007018
6597,0.9179975732525374
6598,0.9991890799748624
6599,1.0773269369976144
6600,1.1551935427723299
6601,-0.6269428225120897
6602,-0.15745588841761804
6603,0.10726392529902265
6604,0.33359002660797665
6605,0.517072893494288
6606,0.6630865697567967
6607,0.7868673507829405
6608,0.8850806169733593
6609,0.9747163368731702
6610,1.0571805823751874
6611,1.1416674361659638
6612,-0.8206537601591026
6613,-0.40610478120814586
6614,-0.07782449787775703
6615,0.18624409994541474
6616,0.3960719060866903
6617,0.5659733833000067
6618,0.7062121780812498
6619,0.8197261023174804
6620,0.9162110872990832
6621,1.0053390677641338
6622,1.1012517693995703
6623,-1.2526999292818586
6624,-0.7399326778929591
6625,-0.35092758234836463
6626,-0.032696951059028506
6627,0.21694210813875128
6628,0.4208698975429227
6629,0.591690901343452
6630,0.7261679865302451
6631,0.8388183562702755
6632,0.9396184039946996
6633,1.0372540302771838
6634,-1.7931811747122919
6635,-1.1547808049467798
6636,-0.6780707414987891
6637,-0.29815501240675035
6638,0.00691999609025909
6639,0.2543957389532182
6640,0.4460801615238314
6641,0.6061329693291225
6642,0.7390031983790623
6643,0.856540326486841
6644,0.9673025258515661
6645,-2.0
6646,-1.5508600168168698
6647,-1.0049135565736964
6648,-0.5573810174882706
6649,-0.19582300316734952
6650,0.08617616094346223
6651,0.31146716397819024
6652,0.4988170466824713
6653,0.650703028164898
6654,0.7825467605404304
6655,0.9034997106567332
6656,-0.19287795813949438
6657,0.023715205687006913
6658,0.2090838385474362
6659,0.36245260791556133
6660,0.4880231201666123
6661,0.5933574152017858
6662,0.6857512851960867
6663,0.7625105119224204
6664,0.836228803375344
6665,0.9051639054657941
6666,0.9754300985297867
6667,-0.1763088597423248
6668,0.0645813305594391
6669,0.2526149146767439
6670,0.4137305696956858
6671,0.5460177437461713
6672,0.6566799219275287
6673,0.7518890201974384
6674,0.8341241260976144
6675,0.9096872956395157
6676,0.9784858918103195
6677,1.0494477668372055
6678,-0.20422893446644774
6679,0.06366873470229736
6680,0.2704701185024572
6681,0.4338332691628199
6682,0.5725109516184805
6683,0.6878441857631206
6684,0.7836126967298243
6685,0.868043687818109
6686,0.9456351895752049
6687,1.0179657900595787
6688,1.088831464365295
6689,-0.22723584736818325
6690,0.051446804438507354
6691,0.2647075825832249
6692,0.4395579680726205
6693,0.582435313271037
6694,0.7020911220468307
6695,0.8030515085263019
6696,0.8900801109337976
6697,0.969055741600495
6698,1.0423100385710828
6699,1.1150505017390322
6700,-0.268852459189982
6701,0.018593036756685166
6702,0.24567719103741192
6703,0.4304383236753613
6704,0.5825547691463668
6705,0.7062501852143532
6706,0.8130514457129308
6707,0.9033541804147727
6708,0.9839124943737931
6709,1.0608379376638264
6710,1.1353958076786552
6711,-0.3715692677408071
6712,-0.03658434437988453
6713,0.20795209542444573
6714,0.4066020855698011
6715,0.5672692930468892
6716,0.6987009826098303
6717,0.8099021226733158
6718,0.9047009442865976
6719,0.9894471794688439
6720,1.0687551412864633
6721,1.1453382744779081
6722,-0.5091354813218556
6723,-0.13064843242035595
6724,0.14266006301978829
6725,0.35673009846286674
6726,0.5334281555197892
6727,0.6752087258529127
6728,0.7939416151920515
6729,0.8932034375240065
6730,0.982615801378405
6731,1.0648357747608683
6732,1.1448634627990537
6733,-0.7732852621131849
6734,-0.2794481721191401
6735,0.017880926775313055
6736,0.2703807832157952
6737,0.4659351902831128
6738,0.6203357217758834
6739,0.7534310882155222
6740,0.859527679131745
6741,0.955135652733397
6742,1.041516655863854
6743,1.1269175733241246
6744,-0.9450792319657084
6745,-0.49433510407553505
6746,-0.1428317082267999
6747,0.13627564557007332
6748,0.35746314073947694
6749,0.535464261223985
6750,0.6799481672478994
6751,0.8009343248256353
6752,0.9031890914934355
6753,0.9957053721681889
6754,1.0867353720447883
6755,-1.3498119077857784
6756,-0.8059955808793342
6757,-0.390684530235368
6758,-0.06161403225743933
6759,0.19615388082068147
6760,0.4039316319527299
6761,0.5760559596104262
6762,0.7128183257861463
6763,0.82881588624254
6764,0.9302613228025051
6765,1.0277467954275177
6839,-0.2114713153739041
6840,-0.046239408952049
6841,0.0750287532312316
6842,0.1788389008910702
6843,0.2351932083042017
6844,0.5388822688309927
6845,0.607641100237782
6846,0.6029956451759542
6847,0.4662647225196885
6848,0.38143485731835136
6849,0.5719659288450936
6850,-0.06101523144859339
6851,0.11940779781790117
6852,0.2806663029599263
6853,0.33478073700677835
6854,0.49813407786209163
6855,0.5816163401638067
6856,0.6471518445450972
6857,0.6763283628008167
6858,0.7603189914165784
6859,0.7713040195721835
6860,0.8103119364296889
6861,-0.06349758432950409
6862,0.1360198005719727
6863,0.2988681627625942
6864,0.2953763324776971
6865,0.4294274476500844
6866,0.6064462005848731
6867,0.5082521678294347
6868,0.6160955943828377
6869,0.7206081689010051
6870,0.8059581825681734
6871,0.9004677258720575
6872,-0.06403292199883626
6873,0.1390111777796479
6874,0.3022722443316546
6875,0.24787272006419306
6876,0.3193067578758735
6877,0.487202006933636
6878,0.6183480406173499
6879,0.5887824108608782
6880,0.6642996080648933
6881,0.7645797219224431
6882,0.8965572566038374
6883,-0.06185355401522585
6884,0.1270399425950393
6885,0.296976499006553
6886,0.19364873213050257
6887,0.18729441557652401
6888,0.33975169916878056
6889,0.6578233499710574
6890,0.7305184176885808
6891,0.6351091632423622
6892,0.7756759172769714
6893,0.9103472571636382
6894,-0.07022863937674156
6895,0.12203392841738639
6896,0.28702401312663195
6897,0.1368473178700477
6898,0.08805622894168089
6899,0.2706002652077122
6900,0.5612740299456765
6901,0.6488027707373412
6902,0.7496913115446573
6903,0.8199282875019931
6904,0.9213346840980021
6905,-0.08440672724706566
6906,0.10444238081427376
6907,0.2744783826626127
6908,0.07156694363399366
6909,0.052573682381622605
6910,0.24492832899685746
6911,0.4030354623815585
6912,0.6031556281853068
6913,0.6856686544406079
6914,0.6416182993309892
6915,0.8720096791199524
6916,-0.11027527034485152
6917,0.08157225478478958
6918,0.2541655412516946
6919,-0.008200766161911899
6920,0.07975822136283037
6921,0.2609463010415696
6922,0.402226284289087
6923,0.5986877492031142
6924,0.6789317540946436
6925,0.7688238267614194
6926,0.9065252102757781
6927,-0.1222009062497269
6928,0.06125131561094227
6929,0.21610025670660649
6930,-0.0554021571912971
6931,0.08392712447375039
6932,0.24973018192410623
6933,0.5058778855021593
6934,0.5967532624729738
6935,0.6834476528788103
6936,0.7654200872288892
6937,0.8789714551688902
6938,-0.13362908548363372
6939,0.02765729214440099
6940,0.17800198449024082
6941,-0.03478188831491985
6942,-0.06661074759352781
6943,0.23022746282097423
6944,0.3749892336855486
6945,0.48341369298179615
6946,0.5844684230463751
6947,0.6849887803148229
6948,0.8492304093728122
6949,-0.15981499918298558
6950,-0.044307298287354746
6951,0.12010924241622056
6952,-0.017753672179875724
6953,0.04666366177311318
6954,-0.21503764585346175
6955,0.038408805596061635
6956,0.22019223288543804
6957,0.47082790654043427
6958,0.580473654857694
6959,0.7832890679402468
6960,-0.4344175354527964
6961,-0.2289556579062869
6962,-0.0163476050610151
6963,-0.2334893274038674
6964,-0.034852401249769294
6965,-0.9579426439927528
6966,-0.4863084100625321
6967,-0.21928630222672713
6968,0.05878567544625379
6969,0.21308400663595561
6970,0.6153559415521455
6971,-0.619614736049304
6972,-0.3947727529988603
6973,-0.1085541109330871
6974,-0.15872417696289187
6975,0.20503242671107788
6976,0.3359476076086009
6977,-1.2210810813554813
6978,-0.6431713718338942
6979,-0.32152862147046285
6980,-0.050732400665493005
6981,0.45551708733618085
6982,-0.7064677262425872
6983,-0.7239082748181507
6984,-0.33090026160036734
6985,-0.07625141024586957
6986,0.12137578872036899
6987,0.27064445977530743
6988,0.38582482306107646
6989,0.488372660820263
6990,0.5807838785579489
6991,0.6696127234397821
6992,0.7648989845894179
6993,-0.8303284241323832
6994,-0.6524409474139133
6995,-0.5643399293518114
6996,-0.2372260988966154
6997,-0.008559161645104119
6998,0.16427132469637623
6999,0.3048292091911652
7000,0.4252536655462997
7001,0.5257284299878788
7002,0.6247247415502313
7003,0.7226015362596353
7004,-0.992057508721561
7005,-0.8661421346221143
7006,-0.75154420078457
7007,-0.38348099936633995
7008,-0.13102718731277385
7009,0.07743422283152074
7010,0.23422581685528032
7011,0.36527341485661213
7012,0.4795514504608277
7013,0.5837603927457611
7014,0.6902708726989192
7015,-0.1361387429601122
7016,0.05146163228380582
7017,0.20344154082389315
7018,0.30090009901239756
7019,0.43085021477509644
7020,0.5219288604554537
7021,0.5973473575425204
7022,0.31526335512049086
7023,0.4595308762849274
7024,0.5704390767237622
7025,0.7789724976944228
7026,-0.12872793099830937
7027,0.06334711126048434
7028,0.234888972031115
7029,0.266877913536288
7030,0.43888330992162616
7031,0.5596455614657327
7032,0.22092944251404856
7033,0.3827783282076844
7034,0.5124843267413824
7035,0.6077987165870716
7036,0.7945667994701334
7037,-0.1379864489773414
7038,0.0838194154231954
7039,0.2455017551242807
7040,0.22641633975916373
7041,0.34469581085846795
7042,0.5656420067349922
7043,0.6442075131808459
7044,0.42746293306618033
7045,0.3659477424434676
7046,0.3835484313815597
7047,0.6220591190951327
7048,-0.13453243410031257
7049,0.07202804056418538
7050,0.244097210677208
7051,0.17693207213099643
7052,0.23820963531582826
7053,0.38691401036944406
7054,0.5606323844142743
7055,0.6511595081716071
7056,0.45654772323435155
7057,0.5571635105134576
7058,0.7893932326043235
7059,-0.14036446738404484
7060,0.06563977432288065
7061,0.2387081608015448
7062,0.12422236382257992
7063,0.09950727399186615
7064,0.2685114698775872
7065,0.6682530640755759
7066,0.6576924387161425
7067,0.6683417216012357
7068,0.6868976354838694
7069,0.8309610361747262
7070,-0.14965461650822487
7071,0.056852058109248566
7072,0.22672464445984733
7073,0.07119131253483885
7074,0.0362028423765865
7075,0.23232300079916327
7076,0.6252745022646734
7077,0.7041550508668024
7078,0.7793396337431581
7079,0.794930331278441
7080,0.8404507459926701
7081,-0.17278680486248277
7082,0.035696379490102015
7083,0.21477580059722567
7084,0.005936186643285157
7085,-0.0012855831483215008
7086,0.20466273337091725
7087,0.49375178460976105
7088,0.6551799058309686
7089,0.7389356979424222
7090,0.8008538672463379
7091,0.915685429875294
7092,-0.19949747669911766
7093,0.010900154893013658
7094,0.18816373546469634
7095,-0.07386466362206545
7096,0.04768980689752314
7097,0.24243133475425824
7098,0.3889178211173657
7099,0.6358194773962657
7100,0.7075681592849767
7101,0.7911105341221538
7102,0.8980880820580253
7103,-0.21437406092541234
7104,-0.01063177177949215
7105,0.15211945251237335
7106,-0.1105905759278511
7107,0.02131928257463156
7108,0.20509109834309147
7109,0.5011365308881759
7110,0.5990348164214516
7111,0.6844643671771001
7112,0.772651503520539
7113,0.8720212206468778
7114,-0.2284170038317327
7115,-0.046768185133893414
7116,0.11279243613223558
7117,-0.09255154749711647
7118,-0.10966189439501595
7119,0.22112193090331952
7120,0.37195533225165345
7121,0.4886778963329927
7122,0.5967933976773713
7123,0.6924383776610556
7124,0.8379588755226306
7125,-0.252101606852415
7126,-0.11220627678300366
7127,0.0600129871591388
7128,-0.07678334142025217
7129,-0.005300766250070643
7130,-0.24493784448626815
7131,0.0195507790179886
7132,0.20524884350709854
7133,0.46353065692604223
7134,0.575458425111779
7135,0.7660520829703847
7136,-0.641686393774351
7137,-0.4743522344846985
7138,-0.1808119982211006
7139,-0.29304971685017134
7140,-0.10087180368705884
7141,-1.022847557915911
7142,-0.5313202299176855
7143,-0.23816588665546234
7144,0.015583835001752033
7145,0.2181255638272542
7146,0.6016411423487997
7147,-0.6381688414395348
7148,-0.5151292364283154
7149,-0.1512261056694194
7150,-0.21176690054419756
7151,0.16597850780340515
7152,0.31058324375098467
7153,-1.2976197933566251
7154,-0.6387049086453553
7155,-0.3343945878462558
7156,-0.06447024672392768
7157,0.445485092864095
7158,-0.8026466445690607
7159,-0.6248036686777307
7160,-0.2748908891554246
7161,-0.12795240686585618
7162,0.08762215928932701
7163,0.24607434949692616
7164,0.3713298747730482
7165,0.4767246383310767
7166,0.5705472751406611
7167,0.6568282702280511
7168,0.7460597428059944
7169,-0.96855271496073
7170,-0.8398214499774657
7171,-0.6005123206537373
7172,-0.2708082019436771
7173,-0.035121178413417
7174,0.14555280400572407
7175,0.2920845225678876
7176,0.4122662881201648
7177,0.5127704090797525
7178,0.6090447377207276
7179,0.7042465764105067
7180,-0.9764516898351876
7181,-0.8438986304556758
7182,-0.7911311451317283
7183,-0.4158396593624182
7184,-0.15664358137792728
7185,0.05962034102051937
7186,0.21845409141839436
7187,0.35066238985763853
7188,0.46465850658633195
7189,0.566808464818665
7190,0.6712753017528671
7246,-0.2949113437854802
7247,-0.1064636680138818
7248,0.1236564105777673
7249,0.2536173870105377
7250,0.3448285504015974
7251,0.4688466874916904
7252,0.5790717123059078
7253,0.6919707989038333
7254,0.7331601501719668
7255,0.7145190097562771
7256,0.6972478937976306
7257,-0.21661485423816268
7258,-0.009001267150275966
7259,0.16188867641060933
7260,0.23480437379482882
7261,0.4038378568112797
7262,0.5003423536959676
7263,0.5782828862282936
7264,0.5185000454011058
7265,0.6191162053343232
7266,0.7113209846939996
7267,0.8132882664690422
7268,-0.22299831283123822
7269,0.0037073997071406517
7270,0.17625273669354946
7271,0.18942072480627203
7272,0.34201878935821584
7273,0.5230790094177199
7274,0.39940650936517347
7275,0.5089372072782805
7276,0.6115565517677604
7277,0.7034881960013204
7278,0.8250337930506828
7279,-0.23292143549798078
7280,0.0034965202584094357
7281,0.17515087278017683
7282,0.135010209902981
7283,0.22040781081890096
7284,0.41827406295650466
7285,0.5556541924476812
7286,0.4882755545104497
7287,0.46469240149804314
7288,0.6415851350101828
7289,0.7816695152017998
7290,-0.24103253549979858
7291,-0.01654526642225268
7292,0.164855167494403
7293,0.07286300990037008
7294,0.08398697400174848
7295,0.25103457191823325
7296,0.5771735797605474
7297,0.6619517520539329
7298,0.49361366160737324
7299,0.7039801526076473
7300,0.8500756439156237
7301,-0.26012838415751655
7302,-0.02894412271154545
7303,0.15118864048111197
7304,0.013392477254748625
7305,-0.018500481733234625
7306,0.1821306197242441
7307,0.4816551235898763
7308,0.5899133493897997
7309,0.6702407401513397
7310,0.7575848048698983
7311,0.8608659092821991
7312,-0.28816892042525544
7313,-0.05501818246584489
7314,0.13211430616180941
7315,-0.05549559666527962
7316,-0.05675490712755743
7317,0.1561078250303099
7318,0.30444976612622676
7319,0.5207962623266471
7320,0.6207552178172548
7321,0.5218215861106649
7322,0.8008818157701326
7323,-0.3311277110730897
7324,-0.08978664038442369
7325,0.10493203831385597
7326,-0.13905234039081782
7327,-0.03390696542065705
7328,0.17773976832082927
7329,0.33286979410272644
7330,0.5328779975424098
7331,0.633332855548782
7332,0.7255266918897494
7333,0.8592560692907112
7334,-0.35411116049200386
7335,-0.11975291007475697
7336,0.05993252333808717
7337,-0.18976260946948015
7338,-0.01694832908585603
7339,0.1692761465667474
7340,0.43275745115060027
7341,0.5487930253133232
7342,0.6402624281345628
7343,0.7328911779058951
7344,0.8413132466431892
7345,-0.3744991425725386
7346,-0.1598058691688114
7347,0.0178149345410486
7348,-0.16969007137305858
7349,-0.17932799243436165
7350,0.1489061499027923
7351,0.3108698522803358
7352,0.44688977969036303
7353,0.5572528823460465
7354,0.6588381725771266
7355,0.8172078857618621
7356,-0.3999109254716974
7357,-0.2273118463666196
7358,-0.03637107587696925
7359,-0.15028398081695882
7360,-0.06366425324244257
7361,-0.2813522922905896
7362,-0.008610978417949194
7363,0.19259552611224862
7364,0.43587026176034543
7365,0.5491739325604141
7366,0.7503329698231669
7367,-0.8671213654489626
7368,-0.6673170264353813
7369,-0.401139427054612
7370,-0.35818903498497634
7371,-0.140418203600557
7372,-1.040067599163474
7373,-0.5817435598183198
7374,-0.26772958886997045
7375,-0.033622555835365636
7376,0.17134556451603672
7377,0.5723982309019087
7378,-1.013814444606837
7379,-0.804806486529121
7380,-0.4645405107342648
7381,-0.2580440969654754
7382,0.120192231703379
7383,0.27745502018137697
7384,-1.2628896922308213
7385,-0.6424521799553734
7386,-0.35526241019722254
7387,-0.08851786907948639
7388,0.42596890445969177
7389,-0.9686493673117336
7390,-0.8836081195434677
7391,-0.4570586618713932
7392,-0.17738613231436517
7393,0.04163229280703819
7394,0.2105234413799193
7395,0.34575776662968744
7396,0.4558088327879972
7397,0.5533188094592922
7398,0.6428100197003614
7399,0.7334992636248067
7400,-1.0812364959286025
7401,-0.9546686552236426
7402,-0.6541653046835787
7403,-0.3160610414964626
7404,-0.07097717007340995
7405,0.11821085690399612
7406,0.26916514518278367
7407,0.39372859314445857
7408,0.4970110130105761
7409,0.5959299621950287
7410,0.6897860461736659
7411,-1.1234963871743977
7412,-0.9738013719429872
7413,-0.8312133668266848
7414,-0.45243590459604976
7415,-0.18401348992642408
7416,0.03349746984084842
7417,0.19995571434433576
7418,0.3344691195240972
7419,0.449100851839076
7420,0.5505762586161829
7421,0.6534849857331314
7475,-0.4291275574593139
7476,-0.2537575606190281
7477,-0.1436950843129368
7478,-0.0641545669465138
7479,-0.0376288826955315
7480,0.0378820087654936
7481,0.1434186490202526
7482,0.2342114250017686
7483,0.2929385546928199
7484,0.3202212523329302
7485,0.3766272599256291
7486,-0.2904881934652257
7487,-0.115117579955345
7488,0.001978146417081
7489,0.4233020864408096
7490,0.5220003585264856
7491,0.5919330551101496
7492,0.6526997797943035
7493,0.20130839060641526
7494,0.3450701305167698
7495,0.4559198243229311
7496,0.7475598852755159
7497,0.05801795444068264
7498,0.21207507096390094
7499,0.35982400213832616
7500,0.3962002184579191
7501,0.5569075731101889
7502,0.6287625761390495
7503,0.6874498181911279
7504,0.7161443024531314
7505,0.7459955988688918
7506,0.7170578690426506
7507,0.8148615583483536
7508,0.05438801660231585
7509,0.23488110174646
7510,0.378108846909478
7511,0.35271134003081034
7512,0.46523705482958927
7513,0.6563532560011397
7514,0.6615883801903553
7515,0.7409790579685136
7516,0.8114419979021028
7517,0.8723297182056412
7518,0.9260824759253297
7519,0.06101042709652332
7520,0.22911355825504962
7521,0.37893183642767203
7522,0.3045353699870221
7523,0.3557871074732595
7524,0.5074217451292686
7525,0.6397078276841083
7526,0.6480519944307794
7527,0.7638571251793855
7528,0.8643080241312444
7529,0.9583706315848066
7530,0.06023858514218988
7531,0.22288176120611083
7532,0.3743982893126078
7533,0.25164076238591065
7534,0.22134063475879276
7535,0.36735257360596996
7536,0.706324630261234
7537,0.7667981114141036
7538,0.7068603365065939
7539,0.8455303726559542
7540,0.9420065924400434
7541,0.055423795971197565
7542,0.21768830027295077
7543,0.363595604597755
7544,0.19334284920393918
7545,0.13620333855507963
7546,0.3090461688737649
7547,0.648877818018324
7548,0.7446942629045675
7549,0.8112375431425256
7550,0.8775126618710719
7551,0.9595278770823423
7552,0.033008856976560086
7553,0.1983707887903295
7554,0.3557217280168647
7555,0.11463873568752156
7556,0.09495938379090074
7557,0.27890335395575994
7558,0.6188707502435621
7559,0.7283044298341939
7560,0.8067688311529708
7561,0.8589196775624284
7562,0.9589388265702992
7563,0.015114818429388999
7564,0.1804288073692606
7565,0.32422416989175284
7566,0.03122555389524212
7567,0.190589868997876
7568,0.3450094850709847
7569,0.4626746788668917
7570,0.7254280016817785
7571,0.7835712478195737
7572,0.8571896070847951
7573,0.9476989643302749
7574,0.004845378584325322
7575,0.1582314465260652
7576,0.286091309150727
7577,0.033277959370571875
7578,0.0009456261878466043
7579,0.1971772560972333
7580,0.6560899784314276
7581,0.7211024710038141
7582,0.7669358135682034
7583,0.7479344970474655
7584,0.8546358354329251
7585,-0.018292048347420042
7586,0.08153865818894068
7587,0.22682048315003422
7588,0.055884041637433046
7589,0.08599249209655652
7590,-0.1293874557202358
7591,0.1052600794278048
7592,0.27537255778202263
7593,0.42870679506830334
7594,0.5500699923727987
7595,0.7861764422341562
7596,-0.4711589745686758
7597,-0.2766273146837691
7598,-0.0504375000896758
7599,-0.16431052055552353
7600,-0.005978877988025211
7601,-1.047747749682951
7602,-0.5555956304027098
7603,-0.2443427465433497
7604,0.2447439796897845
7605,0.22970474546119968
7606,0.5965266652643768
7607,-0.4268241564037128
7608,-0.208120895569621
7609,0.0460963357410587
7610,-0.08715369969397158
7611,0.270531000155397
7612,0.39040630919093755
7613,0.01067109955882356
7614,-0.013479429544213661
7615,0.37931630877757416
7616,0.22229612972294577
7617,0.43049796907438487
7618,-0.6311085860780915
7619,-0.3938447837471151
7620,-0.0865589424346162
7621,-0.021202256451190782
7622,0.20197542451956685
7623,0.33591448903824717
7624,0.05871035617155296
7625,0.28273686582876
7626,0.40287216414654603
7627,0.5911429550627615
7628,0.7467367557896294
7629,-0.8356366625825129
7630,-0.6371310530576314
7631,-0.46945289522928557
7632,-0.15940013700127986
7633,0.05489248352430884
7634,0.21678696136426573
7635,0.34505127651904455
7636,0.45840487829669385
7637,0.5568652812195571
7638,0.6549942893561297
7639,0.7530579762258788
7640,-1.0279667865714042
7641,-0.9007291038576936
7642,-0.6777016772791749
7643,-0.3220892991616663
7644,-0.07780237479367325
7645,0.11918681546478802
7646,0.2699735400752366
7647,0.39746996261966483
7648,0.509706808190654
7649,0.6124903188550572
7650,0.7201144863601251
7772,-0.3908555602197375
7773,-0.1401454697243917
7774,0.0643171254589301
7775,0.19632891243927747
7776,0.3374598767375706
7777,0.4347036155057922
7778,0.5237122215482723
7779,0.0934352266111867
7780,0.26608758508639224
7781,0.40592660664640773
7782,0.6729355861900144
7783,-0.3042613656403784
7784,-0.08219197166609513
7785,0.10142983023419512
7786,0.17307671858947832
7787,0.36094634735927844
7788,0.4647228501010626
7789,0.5509604020019218
7790,0.6187099651487574
7791,0.6814290183039619
7792,0.6714222398925651
7793,0.7348764710198084
7794,-0.3126160177478863
7795,-0.07237376333192655
7796,0.11088248527846441
7797,0.12892468048233688
7798,0.2806152760974419
7799,0.47973168574925007
7800,0.3975039738753613
7801,0.5398406754798097
7802,0.6476194703203808
7803,0.7407941755346332
7804,0.8308037673096096
7805,-0.3250531519593636
7806,-0.07413387018339412
7807,0.1076050611228043
7808,0.07321051564425138
7809,0.1648460983917219
7810,0.36628251844299786
7811,0.5144839492434663
7812,0.46284681399276106
7813,0.5460138285276943
7814,0.6471197335204855
7815,0.7830178045794363
7816,-0.33691247432272015
7817,-0.09768410033187247
7818,0.09341236630486024
7819,0.005241134380077603
7820,0.014015732226403954
7821,0.1914290886569971
7822,0.5498573969589906
7823,0.6406242058750851
7824,0.6106560023208651
7825,0.7528720927606309
7826,0.8571322955274712
7827,-0.35838211984737617
7828,-0.11290750367145783
7829,0.07616429734009335
7830,-0.05771835717270005
7831,-0.08230684474970146
7832,0.1257074110645967
7833,0.45426266258534065
7834,0.5921202267072068
7835,0.6813889932391738
7836,0.7711326669815002
7837,0.8591940798460856
7838,-0.39242175159583625
7839,-0.145001093894931
7840,0.05588703568093049
7841,-0.13071329450106367
7842,-0.12266892991544107
7843,0.09883642429614956
7844,0.3291017839259417
7845,0.5363680352016023
7846,0.6508885811188423
7847,0.6371443727717917
7848,0.8173470526386156
7849,-0.42899595621871045
7850,-0.1734559282392527
7851,0.03328226816127429
7852,-0.20000165940546322
7853,-0.10437161228815275
7854,0.10933087174168746
7855,0.28098791990019106
7856,0.4874312639347753
7857,0.5910976357100914
7858,0.6984842705527986
7859,0.8305899663060443
7860,-0.4552543492898484
7861,-0.20300392109612225
7862,-0.011489835299910503
7863,-0.265161072407188
7864,-0.04874363516957639
7865,0.14034254381957206
7866,0.370250732990618
7867,0.4859666417614622
7868,0.5959463040743781
7869,0.6951154194582115
7870,0.8073105736432458
7871,-0.4750306030951984
7872,-0.23585405301471274
7873,-0.05220177451510363
7874,-0.24551144859827473
7875,-0.25808850465015937
7876,0.033993131765157225
7877,0.21986917689213578
7878,0.3708959458758262
7879,0.4965350850707232
7880,0.6081815133121673
7881,0.7822196120319405
7882,-0.4968551989535742
7883,-0.3063826274365127
7884,-0.10572344208190909
7885,-0.2257315797047733
7886,-0.14567216175442121
7887,-0.3166848965423218
7888,-0.041543870181711295
7889,0.16443276117255243
7890,0.3643264744200082
7891,0.49974620493311805
7892,0.7118931718202883
7893,-0.526212825753345
7894,-0.3612810733344075
7895,-0.1548741453624406
7896,-0.20654755515997958
7897,-0.029844014213067566
7898,-0.43428866475773253
7899,-0.11807888560154989
7900,0.1034296592743246
7901,0.16534732081579379
7902,0.6269941807793766
7903,0.5177886793467736
7904,-1.1032219702813684
7905,-0.9260029099431786
7906,-0.6839085309430263
7907,-0.34685138723177494
7908,0.0545355378110316
7909,0.174578345124907
7910,0.3585878549786894
7911,-0.09344602836813043
7912,0.19112535746003834
7913,0.11648492540411526
7914,0.35923367370269305
7915,-1.1270526111670338
7916,-0.9434494333149642
7917,-0.6627266714584058
7918,-0.23463762060768012
7919,-0.0014668152675767904
7920,0.17562804809957655
7921,0.3074107282201801
7922,0.42820655762915444
7923,0.5329130467238098
7924,0.62479350406262
7925,0.7119969816452386
7926,-0.38114228230524333
7927,-0.1500301765589285
7928,0.03256071650721696
7929,0.147840913076246
7930,0.3040908143783779
7931,0.41498682551694877
7932,0.5069944253510814
7933,0.34067407104306446
7934,0.4673956006982548
7935,0.5986941380437272
7936,0.7607763084275547
7937,-0.38018472493456085
7938,-0.1458306776686506
7939,0.04991515384078328
7940,0.11253874115822124
7941,0.3068871333997151
7942,0.43527149010855504
7943,0.08184263665725003
7944,0.2629437436515518
7945,0.42994702676019947
7946,0.5501711287348353
7947,0.7273532232607285
7948,-0.3937548711044541
7949,-0.13463788172885588
7950,0.054406706778990496
7951,0.06444340035268549
7952,0.20282303045267985
7953,0.4454944037608289
7954,0.5388183639291679
7955,0.4641180369780321
7956,0.47475672987395245
7957,0.36504224419403464
7958,0.5567577475872519
7959,-0.4034420883682311
7960,-0.14680540260549663
7961,0.04645536354941256
7962,0.0055811370043164915
7963,0.09750114757376366
7964,0.2732055141774548
7965,0.4468062161431102
7966,0.5218796767841266
7967,0.6432731426833966
7968,0.5898527228097131
7969,0.7079320973154756
7970,-0.4157927452636325
7971,-0.16575249325860228
7972,0.03352885369628006
7973,-0.051536889082059376
7974,-0.04242543392595313
7975,0.14171235784040964
7976,0.5212189455944478
7977,0.6241016485748716
7978,0.7070091421556046
7979,0.7274924957992057
7980,0.7395500022649664
7981,-0.43814663329515396
7982,-0.1822507685058045
7983,0.014735978629520606
7984,-0.1132699306301369
7985,-0.13192731007391592
7986,0.08127018582826373
7987,0.4771354496885468
7988,0.5898396969019621
7989,0.6900709894186615
7990,0.7288221485798299
7991,0.7165729012949521
7992,-0.47336375761645844
7993,-0.2153600887263178
7994,-0.00729301020469382
7995,-0.19159135131507687
7996,-0.17561382701485628
7997,0.05097759935547591
7998,0.36504610187438546
7999,0.5477642911551706
8000,0.6717486932117371
8001,0.7647180710585438
8002,0.7760183045288196
8003,-0.516979314582231
8004,-0.2515154200119566
8005,-0.04025182433227216
8006,-0.2761945835067864
8007,-0.13108497645007006
8008,0.08758972657481412
8009,0.2611837679052931
8010,0.5354677143852026
8011,0.6432288355908293
8012,0.7281673493950831
8013,0.8233254454062532
8014,-0.5423599481348091
8015,-0.28174076920164204
8016,-0.08578101446888808
8017,-0.31700092136147673
8018,-0.16662361669335757
8019,0.03144553958319676
8020,0.3913181792777306
8021,0.5112934640878377
8022,0.623092127739918
8023,0.7175530007740254
8024,0.8023930462509274
8025,-0.5649560204251624
8026,-0.3303785566125563
8027,-0.1325518531591558
8028,-0.29662986771891414
8029,-0.2686910993747032
8030,0.13688418044379472
8031,0.304847888060534
8032,0.44621309569513856
8033,0.5664495646323946
8034,0.6635723494308272
8035,0.7793170787693646
8036,-0.5912003802079429
8037,-0.39906931263245915
8038,-0.1897468772691925
8039,-0.27472184776659153
8040,-0.14529739072645914
8041,-0.41733694006745425
8042,-0.1174701835629835
8043,0.09732716192323665
8044,0.490465906104952
8045,0.5891928519052765
8046,0.7295316308857628
8047,-1.0392693946451912
8048,-1.0156596716219568
8049,-0.8366318678803188
8050,-0.460535767762771
8051,-0.17108752686997564
8052,-0.6784230068804662
8053,-0.29446284240515663
8054,-0.007943421953964303
8055,0.20728727629439572
8056,0.3890906769567598
8057,0.6277486332789832
8058,-1.1533837784898744
8059,-1.1067480179422975
8060,-0.856334538173987
8061,-0.35635259533393016
8062,-0.010920381702126586
8063,0.1628024046828935
8064,-0.7415186756301099
8065,-0.28383073402227965
8066,-0.01635034846879918
8067,0.22831748405758642
8068,0.5311636748721315
8124,-0.4507646677144649
8125,-0.2266103624427586
8126,-0.0150345610862221
8127,0.28058920195404785
8128,0.39945795421154934
8129,0.4881094492989232
8130,0.5359720128169414
8131,0.6828145639344715
8132,0.6373024719568313
8133,0.6714875707460473
8134,0.7066784762002926
8135,-0.15924580688002055
8136,0.03787685491148307
8137,0.20348861585713826
8138,0.25555987488424114
8139,0.4364552572734225
8140,0.5280689044873244
8141,0.6055045111707905
8142,0.6255069379065347
8143,0.6949414346505316
8144,0.7381972588652779
8145,0.8354913074522725
8146,-0.16828837389180373
8147,0.05520256283214495
8148,0.21806125147049804
8149,0.21353874840061915
8150,0.3506727987901713
8151,0.5518977284673249
8152,0.49787048358867025
8153,0.5658613089619815
8154,0.6376559031871285
8155,0.7257507153963256
8156,0.8328379235180619
8157,-0.1696618281555291
8158,0.04891303277436729
8159,0.2185927899384527
8160,0.16633216110387022
8161,0.24795723013500995
8162,0.44335914348459204
8163,0.5781491151989271
8164,0.511628033010969
8165,0.4699431580403027
8166,0.5884714378025544
8167,0.7258490196510184
8168,-0.17673311265555375
8169,0.036704320215646874
8170,0.21232383181396744
8171,0.1127024059704651
8172,0.11863343677551172
8173,0.28414528131204647
8174,0.6019713993859035
8175,0.6750787545817499
8176,0.4248660646227726
8177,0.6772928818613346
8178,0.8207251003335044
8179,-0.19026582960977628
8180,0.028126323301695455
8181,0.200678677874372
8182,0.056542039338924155
8183,0.020217888152385982
8184,0.21671527076940264
8185,0.4829555109252761
8186,0.5818523395625261
8187,0.6440754571077647
8188,0.7330506331263531
8189,0.8448546536022918
8190,-0.21423091980952425
8191,0.005945819721612566
8192,0.186364755630438
8193,-0.008081033885467992
8194,-0.01385048070132755
8195,0.19293625010752538
8196,0.2577768047541757
8197,0.49780689945087997
8198,0.5724599292968163
8199,0.40810062740224823
8200,0.749005018663236
8201,-0.24818238547083982
8202,-0.022757665057305143
8203,0.1644905369902046
8204,-0.08329164756177065
8205,-0.011050072462099658
8206,0.19577127808474093
8207,0.3492904764633119
8208,0.5142815492642362
8209,0.6010771706084365
8210,0.6956499763189137
8211,0.8549935112889255
8212,-0.269192748757242
8213,-0.04886769207197739
8214,0.12369021242480581
8215,-0.14289414223934832
8216,0.051901374362127384
8217,0.22822325561577156
8218,0.4283317661592008
8219,0.5265907856833135
8220,0.6164058328694741
8221,0.7007125861001033
8222,0.8311970374714537
8223,-0.2851701835755355
8224,-0.08310903831601207
8225,0.08363174638262191
8226,-0.12119457866088373
8227,-0.1509306312454366
8228,0.11880867918304858
8229,0.27954350071210843
8230,0.41189160635644967
8231,0.5100934653016647
8232,0.6099333597902112
8233,0.8094764537168727
8234,-0.31014717824488225
8235,-0.15506709367274174
8236,0.028453191699414848
8237,-0.10191255288840578
8238,-0.028584027090277353
8239,-0.23818181572359687
8240,0.025858619319131332
8241,0.2166082815745931
8242,0.3869734671208453
8243,0.4990831844030403
8244,0.7344638606673999
8245,-0.8609698321398859
8246,-0.2121304519547782
8247,-0.023954267604388235
8248,-0.08756110369921277
8249,0.07330471143483244
8250,-0.35612407037036586
8251,-0.04826822902806993
8252,0.15659965863183603
8253,0.6340445337497704
8254,0.7262263515949283
8255,0.8147876217046984
8256,-1.0807109113925586
8257,-0.8611516000276712
8258,-0.5371575467472416
8259,-0.2367479342035973
8260,0.13110055532113096
8261,0.18140786210191173
8262,0.3243548606759773
8263,0.46803775597301756
8264,0.5209603954896243
8265,0.6324490986732251
8266,0.7502866389679388
8267,-1.0082654551422714
8268,-0.8208311805343288
8269,-0.4747415508069492
8270,-0.13717849752308886
8271,0.0842539916091277
8272,0.2483611137029058
8273,0.23057091705629063
8274,0.39991147659440174
8275,0.49559768245328495
8276,0.6231800002784438
8277,0.7192559463457936
8278,-1.132738388078834
8279,-1.0511591223633596
8280,-0.5867712580639692
8281,-0.260811773421844
8282,-0.02590371328294183
8283,0.1535199179623855
8284,0.29978664536413663
8285,0.42038874135126686
8286,0.519593619930696
8287,0.615931589810662
8288,0.7098528077049694
8289,-1.1335401258569462
8290,-0.9639608059922672
8291,-0.7733110841858427
8292,-0.40596008402276873
8293,-0.14269775945396507
8294,0.06886574987065901
8295,0.23075891909410384
8296,0.36063858643506885
8297,0.4713949101695443
8298,0.571918882406111
8299,0.6737362018817423
8472,-0.8793671193614547
8473,-0.7273089750664226
8474,-0.5948668005598863
8475,-0.4862352747123465
8476,-0.4269745102422979
8477,-0.3246928836720179
8478,-0.1305434163974271
8479,-0.0217588222837879
8480,0.0416660715763038
8481,0.0952935516191775
8482,0.1866180676525583
8483,-0.6467216761622008
8484,-0.39069773996234525
8485,-0.25360052604128464
8486,-0.15084489699593268
8487,-0.07498558745032008
8488,0.005102901578190253
8489,0.08050919447785493
8490,0.14102397701840697
8491,0.20526120250934685
8492,0.2673728430187586
8493,0.33460382985466025
8494,-0.5502639814995115
8495,-0.3140184952565339
8496,-0.18340242212195557
8497,-0.060883847901791965
8498,0.03365587977328402
8499,0.12602659881953995
8500,0.20047075534334646
8501,0.26428032696767045
8502,0.3282861870500687
8503,0.37660490102258326
8504,0.459632373559444
8505,-0.4896257560473569
8506,-0.2074577873876518
8507,-0.09441559118184228
8508,0.030171417552651347
8509,0.14527078340183872
8510,0.23381423594153775
8511,0.3105379215272247
8512,0.37813147954102366
8513,0.4418756294891421
8514,0.4905761698691875
8515,0.5611086278596116
8516,-0.4452940339285347
8517,-0.18222433380614111
8518,-0.05739452946479251
8519,0.07241380115785002
8520,0.19070716841892216
8521,0.27809052180852517
8522,0.3565357613883224
8523,0.42289140150583343
8524,0.489435687892193
8525,0.5512635900896075
8526,0.621886640681929
8527,-0.4021745304018688
8528,-0.16575566384764595
8529,-0.025720771585155955
8530,0.11437200262600489
8531,0.2336436277819377
8532,0.32411375471792137
8533,0.399773115343288
8534,0.4654411815704997
8535,0.5329109622909258
8536,0.595647499753251
8537,0.6664827874306899
8538,-0.4053842309379766
8539,-0.16371789401925796
8540,0.0037708622138273307
8541,0.15817677923755805
8542,0.2709659960480116
8543,0.36736004587998045
8544,0.45450303453620056
8545,0.5178765815373331
8546,0.5854442523450499
8547,0.6504057335074008
8548,0.7284961917960964
8549,-0.3816753358913083
8550,-0.1454131289388989
8551,0.03269019616838048
8552,0.1824976898598678
8553,0.3026619582269888
8554,0.4010152824981772
8555,0.48655370356937294
8556,0.5586233906473721
8557,0.627837073229324
8558,0.6928043912766201
8559,0.7663028885198148
8560,-0.36340865807418665
8561,-0.13391616212467056
8562,0.04438436992137462
8563,0.21009029742345162
8564,0.32941262737825594
8565,0.43024201135025164
8566,0.5170226192529659
8567,0.5899793838368887
8568,0.6598270312328718
8569,0.7277161943949446
8570,0.8033080715230204
8571,-0.37370134823022993
8572,-0.12735910641066772
8573,0.05703546350945113
8574,0.22073262900001658
8575,0.3551813647195883
8576,0.4613869517321431
8577,0.5486846686838516
8578,0.6231300909202397
8579,0.6944627170124555
8580,0.7651129937563051
8581,0.8393163299589548
8582,-0.3906398928460675
8583,-0.11970731540361679
8584,0.0653230019708301
8585,0.23642145087532135
8586,0.3762691909942646
8587,0.48426716736327863
8588,0.5764715599577422
8589,0.6515476011711974
8590,0.7254304136004778
8591,0.796698124071038
8592,0.8726226015180849
8593,-0.40190171011849884
8594,-0.13841761438342698
8595,0.07254541128071934
8596,0.2488922958119446
8597,0.38910651047245515
8598,0.49690966904732004
8599,0.5903294886058679
8600,0.6718195676742884
8601,0.7456986509654902
8602,0.8184958693577508
8603,0.895215814449668
8604,-0.43449915902289593
8605,-0.1456514555261168
8606,0.0751178619718462
8607,0.2534000537687293
8608,0.3957434255613023
8609,0.5118612308030579
8610,0.606437834888263
8611,0.6892779387077103
8612,0.7647297373144716
8613,0.8377094483597578
8614,0.9163666254816002
8615,-0.4433431606058085
8616,-0.14439495820934906
8617,0.06512445188599808
8618,0.2466065417695604
8619,0.3964147889298643
8620,0.5153253862903147
8621,0.6156470349867178
8622,0.7009097066368044
8623,0.77685638651222
8624,0.8525586321453327
8625,0.9326308539944943
8626,-0.5506039421736371
8627,-0.17255876662022213
8628,0.054783660777688176
8629,0.24738294826406035
8630,0.39401721308841814
8631,0.5201645200063055
8632,0.6211916431520256
8633,0.7113294346639173
8634,0.7885665589227866
8635,0.8662062072661282
8636,0.9474964487209893
8637,-0.5540820963736421
8638,-0.2005410854124824
8639,0.037823840527544283
8640,0.23510592087634644
8641,0.39415807790292806
8642,0.5222884696945642
8643,0.6288171636684288
8644,0.7197589227938301
8645,0.799456578000937
8646,0.8791270305160057
8647,0.9616493696723285
8648,-0.6387427583758585
8649,-0.1860960176459332
8650,0.028078427409103768
8651,0.22907920552175504
8652,0.3984362574220044
8653,0.5258823360105888
8654,0.6353948176388546
8655,0.7284634282649218
8656,0.8084917457188107
8657,0.8895166984212601
8658,0.9754602344705977
8659,-0.6286522826050109
8660,-0.2828754152101839
8661,-0.0193034200653181
8662,0.19762945509717533
8663,0.3779238458801456
8664,0.5128688612270702
8665,0.6267708354249022
8666,0.721047356051465
8667,0.8050181837231927
8668,0.8875425269764832
8669,0.9754731386914397
8861,-1.071194750124702
8862,-0.7973865248971036
8863,-0.5913922075061276
8864,-0.3691968126102949
8865,-0.2312332658873295
8866,-0.1479008642146086
8867,-0.1132714935749482
8868,-0.1519991783770678
8869,-0.094591816966399
8870,-0.0453118865701857
8871,0.0835761414732543
8872,-0.9130470994844161
8873,-0.6096383180331724
8874,-0.4386685110672185
8875,-0.31146727685528497
8876,-0.21251726373395505
8877,-0.10978923012470493
8878,-0.013152335991700397
8879,0.06492189970530815
8880,0.14108465294853073
8881,0.20584029272055615
8882,0.2644620721506488
8883,-0.8219544277135571
8884,-0.5371791047042747
8885,-0.3726289344213771
8886,-0.22686841433657468
8887,-0.11096053709084891
8888,0.0026444921999499715
8889,0.09807705609348726
8890,0.1782796452456957
8891,0.2531686448741911
8892,0.31677989772360027
8893,0.3763708501950179
8894,-0.6833751658799008
8895,-0.40989876398994624
8896,-0.2709473925400898
8897,-0.12285370389954353
8898,0.008912387867621299
8899,0.12359123785662089
8900,0.21656204103646776
8901,0.2873507679416273
8902,0.3748941633759503
8903,0.43696592867117534
8904,0.4982106412016801
8905,-0.6956604648404183
8906,-0.3916121408457587
8907,-0.23342715888110366
8908,-0.07731062311072162
8909,0.06590680698433717
8910,0.17816732129382057
8911,0.27846086494668454
8912,0.36306531007300313
8913,0.44114962063073854
8914,0.5054811461723634
8915,0.5681252386828759
8916,-0.6630956496221223
8917,-0.3819101255626016
8918,-0.20037060458775252
8919,-0.028931522320071318
8920,0.10933878016191145
8921,0.22519541881780047
8922,0.3292150451336725
8923,0.4127743720582837
8924,0.49156012817764283
8925,0.5562769804915741
8926,0.6185699997800325
8927,-0.6784716854872979
8928,-0.37828721175509233
8929,-0.16930612775670995
8930,0.010022632747832008
8931,0.15108913096658508
8932,0.27448629983045597
8933,0.38443398616711655
8934,0.4718498797056978
8935,0.5516253659672739
8936,0.6187080976758297
8937,0.6838288247901619
8938,-0.6326494105470943
8939,-0.35710797693808627
8940,-0.14425294098037156
8941,0.03982226133235613
8942,0.18452257719493798
8943,0.309537236549416
8944,0.41712469511540207
8945,0.5081525228699741
8946,0.5884688597136782
8947,0.6574477408435095
8948,0.7233394017823178
8949,-0.6641966016009346
8950,-0.35783812790998026
8951,-0.1400298796825089
8952,0.05361703238207398
8953,0.2108494733149336
8954,0.34427296358796744
8955,0.450780075169362
8956,0.5481595455490218
8957,0.6304075279234507
8958,0.7019892144026929
8959,0.7694487085246713
8960,-0.6697660028832068
8961,-0.34824827069996134
8962,-0.1278001454692158
8963,0.06921552820155362
8964,0.23343388983720917
8965,0.3664390181140097
8966,0.4843264414309244
8967,0.5768769718891804
8968,0.6596361269340938
8969,0.7346289329452202
8970,0.8049822951929144
8971,-0.6721661811941029
8972,-0.3695387675966456
8973,-0.12243561416164134
8974,0.08175938422686924
8975,0.24561250318981337
8976,0.3802463311708676
8977,0.497799737896251
8978,0.5985114569790735
8979,0.6850227670648624
8980,0.7612008818804703
8981,0.8303975217423283
8982,-0.722717372642941
8983,-0.3887615910100465
8984,-0.1273948118165528
8985,0.08035796724663787
8986,0.24931760798420444
8987,0.39250979262850366
8988,0.5117192745180373
8989,0.6147856711787529
8990,0.7062389108710405
8991,0.7811209380775685
8992,0.8528124533644676
8993,-0.8215422015019901
8994,-0.40895376422576546
8995,-0.14968508559699845
8996,0.0665341831445558
8997,0.23889676810557925
8998,0.38849982786079085
8999,0.5130081671843638
9000,0.6213895796282399
9001,0.7130067528705636
9002,0.7936544314574212
9003,0.8687760068383046
9004,-0.8581092128339084
9005,-0.4512596365295731
9006,-0.1750671866750669
9007,0.05008543269197012
9008,0.23421099645636417
9009,0.38857787136221345
9010,0.5182116497804972
9011,0.6305648243908621
9012,0.7246553593332311
9013,0.8101361172358574
9014,0.8859139138886669
9015,-0.9446751147920283
9016,-0.5163775908053247
9017,-0.2198369312914526
9018,0.020295454001828854
9019,0.22468020546626988
9020,0.381930315159145
9021,0.5180486191019523
9022,0.6322068413330819
9023,0.7295895129971217
9024,0.8175092824321093
9025,0.8976632232425017
9026,-0.5109626245355081
9027,-0.25269416456514276
9028,-2.137764820030197e-05
9029,0.20247350884512
9030,0.3690263561822119
9031,0.5112826122373406
9032,0.6301660786565841
9033,0.7318928101156279
9034,0.8212939292472398
9035,0.9021702676374898
9036,-1.0807987072782426
9037,-0.4863168556144628
9038,-0.1638233764930359
9039,0.15493837927998727
9040,0.3352188168208098
9041,0.4820132659224413
9042,0.6071606377276713
9043,0.7142085297066341
9044,0.8107273245375592
9045,0.894612061080537
9046,-1.257309623434298
9047,-0.5541960308876889
9048,-0.1830297018888701
9049,0.13512299020351565
9050,0.3205731746026649
9051,0.4736589270722582
9052,0.6021381771247202
9053,0.7132873616505067
9054,0.8104915392302736
9055,0.897065511508658
9372,-0.6385570475796778
9373,-0.5827154494761978
9374,-0.4594965585929793
9375,-0.3577574398444698
9376,-0.3406803745310433
9377,-0.2483440231147942
9378,-0.144959158284558
9379,-0.0709735032893942
9380,0.0022376970420441
9381,0.0651908727221164
9382,0.1666610215188533
9383,-0.6385570475796778
9384,-0.5827154494761978
9385,-0.4594965585929793
9386,-0.3577574398444698
9387,-0.3406803745310433
9388,-0.2483440231147942
9389,-0.144959158284558
9390,-0.0709735032893942
9391,0.0022376970420441
9392,0.0651908727221164
9393,0.1666610215188533
9394,-0.5966490621275256
9395,-0.3650653157225723
9396,-0.24206643264427974
9397,-0.15074070250433802
9398,-0.08297992614323069
9399,-0.006854838551329845
9400,0.06777491782891859
9401,0.1277755436663084
9402,0.19136941541014862
9403,0.2527354274830555
9404,0.3199294818221705
9405,-0.5204672075542419
9406,-0.30445321945569326
9407,-0.1864235964157559
9408,-0.07930454878393844
9409,0.003337935066149239
9410,0.0892471634221087
9411,0.16312996255808704
9412,0.22575218911609243
9413,0.2891713315585782
9414,0.350466476950281
9415,0.41934051009612494
9416,-0.3769404044308001
9417,-0.162224709786697
9418,-0.08308262866804372
9419,0.02106519260301737
9420,0.11491402257817811
9421,0.20097356678142458
9422,0.27128582503028564
9423,0.33858972184023345
9424,0.3997347120890389
9425,0.45916985012119826
9426,0.529404203480004
9427,-0.4433694050257846
9428,-0.17703452836509115
9429,-0.0693776374098638
9430,0.048926911839001636
9431,0.17094397901802538
9432,0.2551985755983377
9433,0.33297193588400587
9434,0.39112415906854103
9435,0.4555874082379826
9436,0.516772669262611
9437,0.5878827706907157
9438,-0.3504762670558088
9439,-0.13385435044666139
9440,-0.018032035242630307
9441,0.10502209052414291
9442,0.21467274820525534
9443,0.29911858539409203
9444,0.3768733803254703
9445,0.4421167850182227
9446,0.5092914898928502
9447,0.5706812845554428
9448,0.641080232129903
9449,-0.34124411807035704
9450,-0.13504009132639283
9451,0.012744163130600478
9452,0.15861774626831232
9453,0.25661263610725216
9454,0.3465762737768985
9455,0.4383678525216147
9456,0.5044639146026187
9457,0.5627661157057402
9458,0.6263420630687284
9459,0.6987526660553114
9460,-0.36148567727268943
9461,-0.12529780654889544
9462,0.04370810373617459
9463,0.18546879925447451
9464,0.2973750879691639
9465,0.3933006179753283
9466,0.4741771521733757
9467,0.5511438812151004
9468,0.6199701977546642
9469,0.6846807063955873
9470,0.7588317393771356
9471,-0.30515334186236576
9472,-0.10040830701411407
9473,0.06466298017600275
9474,0.219538296424057
9475,0.3313522907896083
9476,0.42778210583245213
9477,0.5125456005254394
9478,0.5848894200708747
9479,0.6543495058113038
9480,0.7219390512131783
9481,0.7977452400813743
9482,-0.3202837692149548
9483,-0.09434042705558143
9484,0.07644990399406143
9485,0.2298336999400276
9486,0.3576548060795236
9487,0.45716060138773273
9488,0.5441609988325752
9489,0.6181778830397893
9490,0.6889893751849672
9491,0.7592723006658866
9492,0.8343745593656616
9493,-0.33169769673138516
9494,-0.08455617550877326
9495,0.08980367549758694
9496,0.25130085313906914
9497,0.3809543741959477
9498,0.48321606234987713
9499,0.5751025377329742
9500,0.6527954075977582
9501,0.7234945330286779
9502,0.7928849678294637
9503,0.871421715434687
9504,-0.33293468305432783
9505,-0.09829920350452293
9506,0.09965635811559076
9507,0.26680797578301924
9508,0.3950830415421156
9509,0.5008664312892611
9510,0.5918987396507807
9511,0.6695320606087074
9512,0.7433604089108353
9513,0.8163637636605857
9514,0.8938140596342918
9515,-0.369167141363405
9516,-0.1051325666840569
9517,0.10332490874843547
9518,0.27222943391035226
9519,0.40604539070291057
9520,0.5160808071524848
9521,0.6074836557168284
9522,0.6891722059289629
9523,0.7648099849188633
9524,0.8380594796164991
9525,0.9177080911078159
9526,-0.39570171058435255
9527,-0.10550436879555358
9528,0.09340681381684901
9529,0.2663481811656929
9530,0.40615601247061106
9531,0.5193518686760249
9532,0.6163144359820094
9533,0.7013242841124137
9534,0.7762394361797739
9535,0.8525629320590418
9536,0.9337232379670398
9537,-0.4312637242650733
9538,-0.11001506731644267
9539,0.08679550926560442
9540,0.27426870585635554
9541,0.4095667662680736
9542,0.532274762575316
9543,0.6310064182748198
9544,0.7184489787295012
9545,0.7930645610636489
9546,0.8751196568049306
9547,0.9568324804515076
9548,-0.5092115010360565
9549,-0.17799292622061613
9550,0.06380844853648582
9551,0.24843461636869751
9552,0.4037175767276069
9553,0.5229959172459083
9554,0.6257943564542038
9555,0.7148096070671541
9556,0.7946992675839519
9557,0.8747018727903478
9558,0.9591851801892376
9559,-0.5615908184394995
9560,-0.16641999453824252
9561,0.05476679428462389
9562,0.24692025681862825
9563,0.4085247053159502
9564,0.526372809106952
9565,0.6325419183216239
9566,0.721919373677057
9567,0.8018971428020171
9568,0.8831531984216415
9569,0.9705135734153414
9570,-0.8372022700213536
9571,-0.7306859977351451
9572,-0.5885357102841604
9573,-0.4835185360394642
9574,-0.4071729828658625
9575,-0.3084428708651898
9576,-0.1880098213943106
9577,-0.0812914926553058
9578,-0.0132090663880121
9579,0.0485598651228452
9580,0.145780594691214
9581,-0.7077516338198926
9582,-0.43520235623519465
9583,-0.2853881773500806
9584,-0.16881987135164034
9585,-0.08070369582342812
9586,0.010023053583942967
9587,0.09264299066857981
9588,0.15948496680686564
9589,0.2273020566324412
9590,0.29041035738442056
9591,0.35677456630243287
9592,-0.6171464934420514
9593,-0.3631021517555234
9594,-0.21942921538018545
9595,-0.08438293305990796
9596,0.021273544219369694
9597,0.1235497706806998
9598,0.20526065340409594
9599,0.27515005743876686
9600,0.3426730765305923
9601,0.4056204150921895
9602,0.47394269412608725
9603,-0.5819823378925382
9604,-0.2691937895105762
9605,-0.13850477731954508
9606,-0.00174680798295615
9607,0.12558136769321196
9608,0.22238536066780198
9609,0.3076533145359074
9610,0.3809636322955681
9611,0.44861826668392246
9612,0.511162518651707
9613,0.5808950531601936
9614,-0.5006628094197796
9615,-0.22909340406552392
9616,-0.08939618337580862
9617,0.05769194963640936
9618,0.17854241923634856
9619,0.28044024542813784
9620,0.3603825785346056
9621,0.43216587631880365
9622,0.5027641571116053
9623,0.5654384054850607
9624,0.6346436067750069
9625,-0.47697660820784404
9626,-0.22370124886623033
9627,-0.0593772866827299
9628,0.09897904886086532
9629,0.22050769155285446
9630,0.321341669895979
9631,0.412520994366967
9632,0.48410573290527836
9633,0.5546971286602168
9634,0.6190594211967239
9635,0.6893365462642642
9636,-0.488887789878671
9637,-0.21971062158680105
9638,-0.03290269333910162
9639,0.13079836433943892
9640,0.25529953270664973
9641,0.3619108198443084
9642,0.45703830720156835
9643,0.5322151503977373
9644,0.6040475166040491
9645,0.6698835279543306
9646,0.7419595054942987
9647,-0.44251477348638435
9648,-0.19641531766749298
9649,-0.004781793958463149
9650,0.16168745293083403
9651,0.2906300321002055
9652,0.39879356868692856
9653,0.4913598366360925
9654,0.5698554602399417
9655,0.6421348610198223
9656,0.7097502826139666
9657,0.7825158645445588
9658,-0.48942109136253253
9659,-0.2003846661346938
9660,-0.0034054796345532046
9661,0.17732404714095693
9662,0.317074955636374
9663,0.43388461671632456
9664,0.5270248538647226
9665,0.6089777858554386
9666,0.6823011333533748
9667,0.7522399613307604
9668,0.8267143339506865
9669,-0.45939676505502036
9670,-0.18289423109933456
9671,0.015808859633431482
9672,0.192742290086104
9673,0.341492954889107
9674,0.455493680654636
9675,0.5538460933904865
9676,0.6366758002558526
9677,0.7119146417185127
9678,0.7851436782232868
9679,0.8575243138950293
9680,-0.4944304910886126
9681,-0.203271863396091
9682,0.020727153190635783
9683,0.205600386125033
9684,0.35224174573976474
9685,0.47052922743552694
9686,0.5709504830299742
9687,0.6587679873617169
9688,0.7366842640067415
9689,0.8101880254901276
9690,0.8851270485005461
9691,-0.5196451930709542
9692,-0.21033964239457836
9693,0.022906281908545628
9694,0.21019299660239193
9695,0.3608290228226228
9696,0.48538653758423883
9697,0.5878562967939627
9698,0.6760830082542979
9699,0.7556069961477792
9700,0.8299275989178339
9701,0.9066733417627659
9702,-0.528948295508789
9703,-0.2129823537041834
9704,0.01196207161413776
9705,0.20357511141107848
9706,0.36196659395330955
9707,0.489641229338013
9708,0.5981346359278941
9709,0.6906245696710152
9710,0.7716918938223474
9711,0.8488671767082971
9712,0.9273286692960006
9713,-0.6432369659505799
9714,-0.24364376610355742
9715,-0.001691241437292046
9716,0.20154364196791402
9717,0.3570240703412758
9718,0.4922055006319134
9719,0.6019018384509892
9720,0.6998456398464792
9721,0.7824637548008577
9722,0.8620612067124374
9723,0.9418016494346226
9724,-0.6601956511520601
9725,-0.28509523228107847
9726,-0.02470766518426515
9727,0.1833016490178
9728,0.3541528506563558
9729,0.49125016459351906
9730,0.6072865187455938
9731,0.7066262076045653
9732,0.7925128695768456
9733,0.8745340789808571
9734,0.9558917955190162
9735,-0.7353227557665787
9736,-0.3187962972031332
9737,-0.05440121559355282
9738,0.16536287283854323
9739,0.3507634569033573
9740,0.48982034032642274
9741,0.6100837471758249
9742,0.7111745879985847
9743,0.7989865835644006
9744,0.8830824437313909
9745,0.9683052390455468
9746,-0.7208904775110849
9747,-0.30763351673818384
9748,-0.07569483736678789
9749,0.1495732804019395
9750,0.33365874143734464
9751,0.47972350245269857
9752,0.6050570163055202
9753,0.7104993626046897
9754,0.8026129413592833
9755,0.8885881951068768
9756,0.9749281475426794
9757,-0.14100715269921293
9758,0.11304691634598044
9759,0.30442926276685445
9760,0.4584770639501647
9761,0.5868224433430949
9762,0.6967126823593932
9763,0.7927104832075891
9764,0.8825778614261084
9765,0.9698741587455617
10032,-0.5582423426825452
10033,-0.4271120998424823
10034,-0.3727677676581291
10035,-0.3266576259167616
10036,-0.2991070812259523
10037,-0.2567489354339037
10038,-0.1611635075714483
10039,-0.0753967674653989
10040,-0.0038567379069244
10041,0.056591534345189
10042,0.1651165484998777
10043,-0.5247448334819668
10044,-0.31564590370922585
10045,-0.20661824787789712
10046,-0.1278199768344993
10047,-0.07038485542947498
10048,-0.0032537076487967886
10049,0.06591535565164147
10050,0.12150762865792253
10051,0.18223592375421396
10052,0.24264067680473214
10053,0.31207928793099193
10054,-0.4644025627267232
10055,-0.277040208586394
10056,-0.16213270224633136
10057,-0.0821969527397503
10058,-0.015296837196400681
10059,0.05794688498943104
10060,0.1265209092679962
10061,0.18373340836336183
10062,0.24438089156707188
10063,0.32035779206031567
10064,0.3911646090505435
10065,-0.4157395607975438
10066,-0.21855293715412016
10067,-0.11721138939151865
10068,-0.013275099463483236
10069,0.06777972542749608
10070,0.15012647547451585
10071,0.2177398950970908
10072,0.27734681397096006
10073,0.33787676552699264
10074,0.3983196026524348
10075,0.4705075521963631
10076,-0.32839993570449355
10077,-0.11030565805524423
10078,-0.031235239174033036
10079,0.0711506685233525
10080,0.16736536744996328
10081,0.24538431155446952
10082,0.3134751591865271
10083,0.37653950793735175
10084,0.43633898182759523
10085,0.49591213301926207
10086,0.5693541894272647
10087,-0.3000006221750844
10088,-0.08850862147503791
10089,0.008253522580273565
10090,0.11823888703887661
10091,0.22137366988202584
10092,0.2972334639204083
10093,0.36820855848710166
10094,0.42974392579041204
10095,0.4931393673857586
10096,0.5537107181635045
10097,0.6271286098923097
10098,-0.2588134865434857
10099,-0.07306589903004568
10100,0.04681728104195093
10101,0.17284186927618295
10102,0.2703787840778932
10103,0.3499005604013711
10104,0.4250562976434339
10105,0.48584055002659765
10106,0.5498899723106648
10107,0.6121921943379061
10108,0.686517555406714
10109,-0.2671861144143671
10110,-0.06638106618268158
10111,0.07873057748990009
10112,0.21186315195065264
10113,0.3115398764239505
10114,0.3967764167152264
10115,0.4758161067736201
10116,0.5398804832472266
10117,0.6052181644276791
10118,0.6694557506840423
10119,0.745895296721887
10120,-0.21654708679794776
10121,-0.03936741963180784
10122,0.11048377820347682
10123,0.2463449017710376
10124,0.3499176341846407
10125,0.43599913612686375
10126,0.5116795518064421
10127,0.5785963006209104
10128,0.644492639162539
10129,0.7108082271504402
10130,0.7880896058019535
10131,-0.26037697682181205
10132,-0.039300727820669956
10133,0.1156978601995734
10134,0.26519105011053795
10135,0.3792602179888752
10136,0.4732765628834511
10137,0.5486348042409173
10138,0.618563056645755
10139,0.6855471472000167
10140,0.7544550888281336
10141,0.8335186728045691
10142,-0.22254806167131558
10143,-0.016922362366102672
10144,0.13910860791887364
10145,0.2835758979534398
10146,0.4035139602696006
10147,0.49518089910916624
10148,0.5745971448435853
10149,0.6445200406172285
10150,0.7134869098920826
10151,0.7857636177160241
10152,0.8628213956105972
10153,-0.2534539291773793
10154,-0.03148785368991003
10155,0.14898039064210614
10156,0.3010020899406421
10157,0.419572900469058
10158,0.5127651841023637
10159,0.5934447962712521
10160,0.6679896602665987
10161,0.7394929572421167
10162,0.8123086719792476
10163,0.8920771760297284
10164,-0.2725885234360029
10165,-0.03253885275327528
10166,0.15653253723839683
10167,0.31003875432897043
10168,0.4313169277437685
10169,0.5295784927561138
10170,0.6113661928276033
10171,0.6872348583724189
10172,0.760539300525056
10173,0.8343259566564782
10174,0.9162374246132055
10175,-0.29108549869656253
10176,-0.030881444934753755
10177,0.14881403142313845
10178,0.30608173956114587
10179,0.43290783367961316
10180,0.5336656046581512
10181,0.6205521953868787
10182,0.6992602059929686
10183,0.773539198628028
10184,0.8496487614499851
10185,0.9343579526116395
10186,-0.3903134177888845
10187,-0.053621194078212864
10188,0.14195702422694317
10189,0.30854173920968964
10190,0.4307428807705293
10191,0.5371590145330742
10192,0.6238840328676073
10193,0.7069679601088033
10194,0.7824705903974509
10195,0.8615563531611823
10196,0.946640061899867
10450,-0.3841066387144293
10451,-0.21080197919887322
10452,-0.12115747194577997
10453,-0.05471282039381997
10454,-0.006087437052874928
10455,0.05451546301419399
10456,0.11868096014407842
10457,0.1716060231857628
10458,0.22798817309500954
10459,0.28608048857511814
10460,0.35839037353581016
10461,-0.3484415027547251
10462,-0.17265449976503322
10463,-0.08596990987648373
10464,-0.009642886100553028
10465,0.04826955346032946
10466,0.11483269551298692
10467,0.17832254893877875
10468,0.23275866261391098
10469,0.28905016171265435
10470,0.3471757554886479
10471,0.4205872482465495
10472,-0.2884760632247515
10473,-0.12444071412833124
10474,-0.04150693805147487
10475,0.04712462173834908
10476,0.11658618332756757
10477,0.19052721535709827
10478,0.2530985038324732
10479,0.30936691061545785
10480,0.36551792580861336
10481,0.4236822005608736
10482,0.49848674411460997
10483,-0.1885195581617839
10484,-0.01075616866657847
10485,0.0426921625497686
10486,0.12550954933268832
10487,0.203464476746822
10488,0.2732570270500175
10489,0.33404302720423307
10490,0.3935095853348794
10491,0.44806701237502955
10492,0.5048244790169353
10493,0.5805566840887448
10494,-0.2133257011416183
10495,-0.009143259787363855
10496,0.06823873382533407
10497,0.1609463839461032
10498,0.25196891821273565
10499,0.3186566876971263
10500,0.38456234504455783
10501,0.4426075181237813
10502,0.5007595490626027
10503,0.5589942633469279
10504,0.6351237429544585
10505,-0.15356829377777492
10506,0.018573549384635346
10507,0.10576332523821952
10508,0.2046435237524958
10509,0.2923402360936802
10510,0.3596731331916403
10511,0.42604571274906083
10512,0.4826246446915743
10513,0.5423166845848559
10514,0.6010903997692498
10515,0.6769925343903785
10516,-0.14416849273887367
10517,0.019729667240532822
10518,0.13214630168262248
10519,0.24914193782326194
10520,0.3312844062436052
10521,0.40349401518809225
10522,0.4754340447107861
10523,0.5317009852007109
10524,0.5903975825806793
10525,0.6511801854303945
10526,0.7290640713322216
10527,-0.15583153769030722
10528,0.02837858107628355
10529,0.15749940121662093
10530,0.2730762094911453
10531,0.3600849320497644
10532,0.4357301479414323
10533,0.5132968040807053
10534,0.5682362753936022
10535,0.6284629785325122
10536,0.6902089879581591
10537,0.7695435109727793
10538,-0.10162875493018575
10539,0.05500339455728598
10540,0.18545822709110496
10541,0.30143397148351486
10542,0.3914064485338598
10543,0.4665261420496329
10544,0.5352860772325407
10545,0.5967166983981353
10546,0.6566139041307757
10547,0.7199913755308047
10548,0.7998671555992651
10549,-0.10689820512265835
10550,0.0626059612865818
10551,0.19435135459216335
10552,0.3248077446505509
10553,0.41525729659522964
10554,0.4929774891653541
10555,0.5631943693811394
10556,0.6249774404811628
10557,0.6862205702184866
10558,0.7514489533835624
10559,0.833487695989317
10560,-0.10159275990919836
10561,0.07477525124633899
10562,0.20865372837426444
10563,0.3353094198703609
10564,0.4377779122434241
10565,0.5180603898389196
10566,0.5874661380365862
10567,0.6475843730353653
10568,0.709660177419744
10569,0.7793681529663643
10570,0.8578844292951782
10571,-0.11399572518602907
10572,0.08606488884114616
10573,0.22277291170009134
10574,0.35087692390870234
10575,0.4586263220466551
10576,0.5390703974125031
10577,0.6117694570182465
10578,0.6729238090376412
10579,0.7376792773204499
10580,0.8043598073678129
10581,0.8849722220451182
10582,-0.12167961649882408
10583,0.07340786619550532
10584,0.23475195002599364
10585,0.368702454602521
10586,0.47168659853392475
10587,0.5521080216332104
10588,0.6247010565422623
10589,0.6916271840508275
10590,0.7558694845681235
10591,0.826039647864529
10592,0.909528968802364
10593,-0.8818980456997908
10594,-0.6379285320225557
10595,-0.4875244711658338
10596,-0.4689225266209889
10597,-0.4149153406635422
10598,-0.3327598190035401
10599,-0.2343320029210968
10600,-0.1194419041059127
10601,-0.04593246259399
10602,0.0293698518259761
10603,0.1255284111441436
10604,-0.8051933051041614
10605,-0.5181992381636804
10606,-0.3578955570361354
10607,-0.23340145095486559
10608,-0.13729164115980164
10609,-0.038419471048310574
10610,0.05214384154832405
10611,0.1250200352030831
10612,0.19663353128113303
10613,0.2596910371107475
10614,0.32109447032644556
10615,-0.7249822378958183
10616,-0.4466659244782688
10617,-0.299816007796548
10618,-0.15936915013407793
10619,-0.04821851862215254
10620,0.06064404334692347
10621,0.15007301133306622
10622,0.225157036182278
10623,0.29578033673582327
10624,0.35796357005104795
10625,0.4203400943506752
10626,-0.6731262122243118
10627,-0.3484479528348167
10628,-0.2085534910856185
10629,-0.06427531754952204
10630,0.06778864500707832
10631,0.18192528113364248
10632,0.275315834924613
10633,0.3544513153682953
10634,0.42469719310721776
10635,0.4855806712309324
10636,0.5373286022263055
10637,-0.5884160566090124
10638,-0.3078412507751993
10639,-0.15728059572058128
10640,-0.008110659220525535
10641,0.1273682396181065
10642,0.2327999320554658
10643,0.3270186628671331
10644,0.4001821198489462
10645,0.47423407001553874
10646,0.5426346006461548
10647,0.6075794262452083
10648,-0.5739364017111452
10649,-0.30699715315145637
10650,-0.129685635828222
10651,0.03800618382005527
10652,0.16791454568591158
10653,0.27835884761826485
10654,0.37784029931474855
10655,0.45591319492023186
10656,0.5301772388546734
10657,0.5939801801040497
10658,0.6592879032049563
10659,-0.5890841560166695
10660,-0.3029358374788661
10661,-0.103948698161281
10662,0.06789782555435125
10663,0.20144073771266016
10664,0.321349415928627
10665,0.42170943486004864
10666,0.50345432952186
10667,0.5788993556309678
10668,0.6445810321853107
10669,0.7122643852933855
10670,-0.5426681948785756
10671,-0.28078543321997085
10672,-0.07762467563859188
10673,0.09791116996669151
10674,0.23542907717993544
10675,0.35333036805842577
10676,0.45475052502819013
10677,0.5401715108367893
10678,0.6162364833490622
10679,0.6837917138640872
10680,0.7520906028098813
10681,-0.5812137088797187
10682,-0.28294527081999976
10683,-0.07466643410484791
10684,0.11284557369343583
10685,0.2621266798135628
10686,0.3888197637474767
10687,0.49142197866171633
10688,0.5804813715994861
10689,0.657329930872476
10690,0.7270355622635443
10691,0.797173055509075
10692,-0.5717725096072134
10693,-0.2691548473386788
10694,-0.059007146159386015
10695,0.12905099402641335
10696,0.2852106990799549
10697,0.41090399720093396
10698,0.5188075934985561
10699,0.6088939228662398
10700,0.6877850613320724
10701,0.7613047024835171
10702,0.8297102247115697
10703,-0.5874603590992697
10704,-0.29040632119158205
10705,-0.05381147129548863
10706,0.14115994033309776
10707,0.29689576806078455
10708,0.4233884150487862
10709,0.534943916324323
10710,0.6300293331164577
10711,0.7121687330223092
10712,0.7864682147672531
10713,0.8578735283270094
10714,-0.6278732426224524
10715,-0.30413365049718966
10716,-0.05499255909521658
10717,0.1435993912835659
10718,0.3036999516867852
10719,0.4386334041959846
10720,0.5507887727335855
10721,0.6478595893367156
10722,0.7323347031795275
10723,0.8075691188060277
10724,0.8812208412059142
10725,-0.6864992235044232
10726,-0.31622560171282355
10727,-0.07290588005716608
10728,0.13212304993398138
10729,0.2979507708393479
10730,0.4379679477392869
10731,0.5561884017095813
10732,0.6571698063110092
10733,0.7437781743603173
10734,0.8230366570824105
10735,0.8988226870608891
10736,-0.7220984220027085
10737,-0.3315985097467702
10738,-0.08697591182023182
10739,0.12959440864066168
10740,0.297675580336071
10741,0.44518510893947527
10742,0.5673695498616417
10743,0.6729703082510137
10744,0.7613979588407347
10745,0.8444352624388228
10746,0.9205093981757613
10747,-0.8282219860033448
10748,-0.3733372192423614
10749,-0.11171178678287702
10750,0.1067716094329538
10751,0.2921175459199922
10752,0.43794702345088443
10753,0.5642996289767238
10754,0.6714692277160207
10755,0.7626949770317383
10756,0.8466867000429578
10757,0.9260740898594407
10758,-0.8402721141566614
10759,-0.444968105942517
10760,-0.16472382871883445
10761,0.07333639190875531
10762,0.2711681583230925
10763,0.42583087299018896
10764,0.5581717615951726
10765,0.6682468366592124
10766,0.7634711114711954
10767,0.8503351376586878
10768,0.9338053488707505
10769,-0.8266518502177274
10770,-0.5110352518589312
10771,-0.22053115210347896
10772,0.03932705203750532
10773,0.24141472801034936
10774,0.40454280148337396
10775,0.5422043271561918
10776,0.6582547982293034
10777,0.7592677752308903
10778,0.8498401721891045
10779,0.9340673631736991
10780,-0.9655056919711036
10781,-0.4129305804531319
10782,-0.09602390458108628
10783,0.21746888282685917
10784,0.3879591167066767
10785,0.5306514240572529
10786,0.650169867310759
10787,0.7527443135941569
10788,0.8475096692705804
10789,0.9336876359400456
11916,0.7961257646718637
11917,0.8878248725903845
11918,0.9444531082995196
11919,0.8234985308242987
11920,0.9575321855293224
11921,1.0740454106954676
11922,0.8125581718950712
11923,0.9498135510261564
11924,1.0688816120209714
11925,0.8182432515487491
11926,0.96118693945956
11927,1.084160265249836
11928,0.7680199379312437
11929,0.92132074223982
11930,1.0737945575617387
