id,log_k
0,1.184219313515972
1,1.1274939211673691
2,1.0683403779974352
3,1.0015464636296765
4,0.9214077159139316
5,0.8122501044167655
6,0.7442566580946011
7,0.5939682809765711
8,0.4051683244763832
9,0.2162574696538103
10,0.0148747721013504
11,-0.1714819487520432
12,0.819956997075432
13,0.7592825148049854
14,0.7261524148203656
15,0.6963227927926862
16,0.5938463330224327
17,0.4862135900319806
18,0.4021322224302574
19,0.2467550073354706
20,0.0891572964631567
21,-0.0349046274546095
22,-0.3163306036794783
404,-0.2591059272259404
405,-0.24948952968253602
406,-0.25165467866480606
407,-0.26102830760145124
408,-0.3032070683174031
409,-0.3629410350168283
410,-0.4592198010407046
411,-0.6700516654920835
412,-0.9701495279046016
413,-1.2123164467657612
414,-1.462512857631406
415,-1.7500717563705253
416,-1.8124604092662364
417,-1.9707783850358225
418,0.7021307596267596
419,0.7550972609478609
420,0.7864671134887993
421,0.7992617536475849
422,0.8161126312170319
423,0.851269389250659
424,0.8808466763077234
425,0.6938462363499964
426,0.5942384509497887
427,0.4881655288049081
428,0.360173578265068
429,0.22699161327110773
430,0.09038976274538231
431,0.2786807665921166
432,0.14396226300941362
433,0.1963609594857813
434,0.1567775048903799
435,0.09859253547990088
436,0.02385144596488109
437,0.021088662357429455
438,-0.08555472174118539
439,-0.281510017066667
440,-0.1956360423275266
441,-0.2504322644005284
442,-0.6461510234003124
443,-0.810716807549623
444,-1.1159871187391228
445,-1.1239423376304372
446,0.602970321198383
447,0.9910387097013154
448,0.991974485665141
449,0.9990504057131737
450,1.025611983346538
451,1.008872516938294
452,1.125598834776959
453,1.1470291998880309
454,1.0237861928057497
455,0.9191943691689023
456,0.7863832839203837
457,0.6625729434658525
458,0.5363086104416683
459,0.40688377806418397
460,-0.2878811225702375
461,-0.3102170716931713
462,-0.2691012640375251
463,-0.2171776992438008
464,-0.2156134208904544
465,-0.2413717218927338
466,-0.3538329203828756
467,-0.2724193664516472
468,-0.4368581628575772
469,-0.5517426503485219
470,-0.6544423134884794
471,-0.6699784840720819
472,-0.6977837380386482
473,-0.8589533419952945
474,-0.99556962898889
475,-1.0338070396315937
476,0.7142510675040018
477,0.35990440230948734
478,0.7537308998347845
479,0.660677607974909
480,0.7792414118089834
481,0.6245068402878271
482,0.5909853857216433
483,0.51885837373073
484,0.6614277976929271
485,0.4990868592689771
486,0.16546710896952466
487,-0.43601792528851885
488,-1.1895598527766196
489,0.4775909880501139
490,0.457464346018731
491,0.3892049608458391
492,-0.3326185195700392
493,-0.415402644997221
494,-0.4148767201447863
495,-0.4492481458384954
496,-0.401238297594874
497,-0.3977586623361357
498,-0.4610455951951158
499,-0.3789574258993206
500,-0.5622021158754702
501,-0.6618558713122429
502,-0.7471749616955231
503,-0.927668177218426
504,-1.1488848153970934
505,-1.003742778371267
506,-1.136153421953504
507,-1.178413313199299
508,0.6485425289604306
509,0.6056285044343289
510,0.42747472001981157
511,0.5661582824542815
512,0.5692642600009279
513,0.41361136622930444
514,0.25994879178340735
515,0.33228871206377913
516,0.48395493828986424
517,0.31321208656550187
518,0.008641544272021254
519,-0.5982389796460525
520,-1.3518325419158668
521,0.361286219110347
522,0.2914224972226609
523,0.22691778455397765
524,-0.1386760540865362
525,-0.04023169587551012
526,-0.05575587900680862
527,-0.06774712302814162
528,-0.1282273418222346
529,-0.2296621432224748
530,-0.3502117705384451
531,-0.5821543679112429
532,-0.5533428610129913
533,-0.6696826563292791
534,-0.8521391108561699
535,-1.018312946576844
536,-1.0726409444264302
537,-1.1574416493046475
538,0.8507215186262718
539,0.9207986097666065
540,0.9311221138400978
541,0.9192635726140654
542,0.8837670415373533
543,0.9874567135817581
544,1.0244896388304143
545,0.9405998021184603
546,0.8650187214566363
547,0.7630639201749492
548,0.6373704126822657
549,0.5126230830605539
550,0.39175556313565546
551,0.2605531166139173
552,-0.2084898676959376
553,0.14426168575112464
554,0.1916727946750576
555,0.16949306930660685
556,0.1604923137222246
557,0.1287544975122295
558,0.02433120232081587
559,-0.030430650377734847
560,-0.07601604934071537
561,-0.18348143835101238
562,-0.4767397652709575
563,-0.2439498912397208
564,-0.2504322644005284
565,-0.4404994649248454
566,-0.8054688890099752
567,-1.0341695223946954
568,0.3269985016117224
569,0.8907994062675855
570,0.9739508954695822
571,0.9858875946831919
572,1.0356792566183606
573,1.0564939228739525
574,0.9617819326470884
575,1.0538731452800645
576,1.131079651145144
577,0.998291814992333
578,1.041948439959929
579,0.9775317058823175
580,0.9103553866856398
581,0.8425898560621141
582,0.7039196778793442
583,0.28736947952320924
584,-0.23603423576678256
585,-0.22575367538559934
586,-0.2495971470435974
587,-0.29184444753764616
588,-0.38025393120539497
589,-0.4133654011805563
590,-0.5587816102447536
591,-0.6725634850240008
592,-0.7485833872989639
593,-1.0140286700238186
594,-0.9818650330052338
595,-1.2143508516530448
596,-1.2607872926366033
597,0.7193385089561123
598,0.7826590092517549
599,0.8099460774248904
600,0.8200840357733579
601,0.7801815579278883
602,0.8616328126871188
603,0.8067498255428032
604,0.7847732362713592
605,0.7174447332357415
606,0.6207498630397578
607,0.4944313529622877
608,0.3664209874862063
609,0.23581969989572255
610,0.11054764029733422
611,-0.5071300685123398
612,-0.5413043231816185
613,-0.4880715431156672
614,-0.5306969393888807
615,-0.5340753132445452
616,-0.5593003021276663
617,-0.6818835281780881
618,-0.7345886921949157
619,-0.6106735637178714
620,-0.8292155332285013
621,-0.8181243229055791
622,-1.2394550322250892
623,-1.2166953134538294
624,-1.3126950280817364
625,-1.3464067905888062
626,-1.4610806998209191
627,0.54946446245653
628,0.4833020779307078
629,0.5032248213116062
630,0.5574453752330557
631,0.5590141241172615
632,0.41032435403684503
633,0.4683573768622904
634,0.3973421007958122
635,0.539983012780015
636,0.2244911371135298
637,-0.14504963491075445
638,-0.42994543788116446
639,-0.8988189918619238
640,0.20971446248924316
641,0.12057083514410512
642,0.041538691511030804
841,0.6719136540188491
842,0.7452368699583812
843,0.8161903931074096
844,0.8841336416132989
845,0.9487196460663104
846,1.0024745845560117
847,1.0665286061354031
848,1.242406641108837
849,1.2017237694650107
850,1.1427763048068305
851,1.1130102192127138
852,1.086267280549135
853,1.044160882580524
854,0.9877389548280463
855,0.5330645523093076
856,0.6161330093202659
857,0.702852262094726
858,0.7787585911948594
859,0.8560272676106231
860,0.91644280302461
861,0.987895256273076
862,1.1692421013501852
863,1.1318526652732166
864,1.0753970391090388
865,1.0485347415083863
866,1.0239924040935129
867,0.9828212345729922
868,0.9268336660970617
869,0.37228676585108234
870,0.4693118341335815
871,0.5719957179379667
872,0.6620997137478322
873,0.7530790502275906
874,0.8242917464677366
875,0.9041258955037527
876,1.0839443397004993
877,1.0513769618932838
878,0.9983390661833631
879,0.9748617243671747
880,0.9518234722439208
881,0.91426078124893
882,0.8587285286299288
883,0.1728222275556498
884,0.2877252036036202
885,0.40633358123231517
886,0.5160205418796925
887,0.6249826929534434
888,0.7104020762340475
889,0.7974957692975339
890,0.9865616212797332
891,0.9590058537732492
892,0.9107566612807915
893,0.8893637743039137
894,0.8701906144626982
895,0.835062696798295
896,0.7818601767452342
897,-0.022410146116528428
898,0.11249821626527906
899,0.2510035053021737
900,0.38627521987012026
901,0.5137687616514187
902,0.6190106921410841
903,0.7200120452220595
904,0.8827061471483535
905,0.860859662390644
906,0.8253887013170912
907,0.8070927376131557
908,0.7802836241155726
909,0.747737093704278
910,0.6956537667124661
911,-0.3113341196049099
912,-0.1481314957184846
913,0.023503149721159963
914,0.18810309085919302
915,0.3365237747426385
916,0.4676120578944392
917,0.5830957121337778
918,0.7508450142575078
919,0.7387151825774351
920,0.7083398579247371
921,0.6968704664209717
922,0.6753193961136504
923,0.6444549191512595
924,0.5967793619125719
925,-0.6559976795050828
926,-0.45229825175111016
927,-0.24268373730729462
928,-0.037152349370099695
929,0.14647157784073742
930,0.3041316414846412
931,0.44440088664883215
932,0.5971883125957306
933,0.5939659855498438
934,0.5714667849996948
935,0.5653076647436535
936,0.5496563453877171
937,0.5236948508825163
938,0.479484053686364
939,-1.1192499641367175
940,-0.859930812442125
941,-0.5982266775828697
942,-0.3368088593870293
943,-0.10573505156899998
944,0.08937292037676908
945,0.2614276061870213
946,0.40514478198642434
947,0.4157768788267986
948,0.3985932929914819
949,0.4018138003512113
950,0.39317669021359375
951,0.3736022851730379
952,0.3356055635886307
953,-1.7170506402862906
954,-1.3880933727857103
955,-1.0441127532264964
956,-0.716148865418212
957,-0.4216757314142801
958,-0.18772442926509764
959,0.024562371002612104
960,0.16535336214294855
961,0.19180777395266685
962,0.17404357894910688
963,0.18838131241991848
964,0.1905811887639108
965,0.17491793901380157
966,0.14348501645551023
967,-1.715523382664274
968,-1.602218141671423
969,-1.666168400792846
970,-1.2486150467759787
971,-0.8671477940104048
972,-0.580981122894886
973,-0.3053952043237034
974,-0.11549059421665125
975,-0.07318633618471163
976,-0.07668003296257908
977,-0.0595975840914252
978,-0.046785924066395736
979,-0.0464223705091166
980,-0.07690278778809559
981,-1.920025465817532
982,-1.80909010177146
983,-1.6795398231509522
984,-1.3877736055963554
985,-1.1458062299338188
986,-1.0780226633635621
987,-0.8849003263099076
988,-0.5578335774348637
989,-0.47578560923418994
990,-0.4158494479291913
991,-0.3874979046629002
992,-0.39601861748542844
993,-0.39337847697808076
994,-0.40346775963781745
995,-2.0
996,-2.0
997,-2.0
998,-1.8353761866772191
999,-1.5925227123869476
1000,-1.3162850192340312
1001,-0.9358328633747293
1002,-0.7579022326500995
1003,-0.6672522106980596
1004,-0.5767346128553412
1005,-0.5026804110588052
1006,-0.4705957468538022
1007,-0.4415106668591526
1008,-0.4352311307116748
1009,-2.0
1010,-1.9860125484732407
1011,-1.8071168120543453
1012,-1.5986593920177563
1013,-1.5606140816565233
1014,-0.9091453889072063
1015,-0.76339970460438
1016,-0.6116632176792135
1017,-0.49724713213690974
1018,-0.4239513898019751
1019,-0.3707813502284585
1020,-0.3417049723803407
1041,0.9021500114962984
1042,0.8408791763775503
1043,0.9130004465378092
1044,0.9805133962341444
1045,1.051135544711081
1046,1.108017231901787
1047,1.1759646377206225
1048,1.1601722848599922
1049,1.163052588754568
1050,1.1580760500636516
1051,1.1520091260929273
1052,1.0937877774538187
1053,1.0461603726827235
1054,0.9835916109491428
1055,0.8109670215550607
1056,0.7100594608590427
1057,0.7970377950079359
1058,0.8737116878664619
1059,0.9572130955788012
1060,1.0213351437229046
1061,1.0973422741326124
1062,1.0871197276974174
1063,1.0933961607403215
1064,1.0910788427360834
1065,1.0878310820181596
1066,1.0315895726876694
1067,0.9848985978522621
1068,0.9229210088070815
1069,0.6310758089882175
1070,0.5776582455146969
1071,0.6804067176433718
1072,0.7713864850670535
1073,0.8698384525093655
1074,0.9438153330377445
1075,1.0304589335771706
1076,1.005902271173487
1077,1.0202469277546304
1078,1.0215643007787862
1079,1.0206618777212595
1080,0.9664354807492962
1081,0.9228698003419744
1082,0.8608300251474547
1083,0.4863422601115609
1084,0.39560666721428484
1085,0.514789005167735
1086,0.6244816821527992
1087,0.7427194293143019
1088,0.8313547787363097
1089,0.9265303679792798
1090,0.9113573566009889
1091,0.9285440050533432
1092,0.9392063453741436
1093,0.939061027065807
1094,0.8884532629780645
1095,0.8482255987963567
1096,0.7858334640153739
1097,0.2040750613282383
1098,0.22207562985616142
1099,0.3613668519056517
1100,0.4953709394180336
1101,0.6349914621715895
1102,0.7443936075537663
1103,0.854279430591045
1104,0.8130824980885762
1105,0.8345712223403634
1106,0.8560141796202738
1107,0.8454675780360854
1108,0.8004725336591924
1109,0.7627081693008805
1110,0.7018642378577633
1111,-0.1049457893748902
1112,-0.042157655625709084
1113,0.12973875694574824
1114,0.29332262020163924
1115,0.45717041691824734
1116,0.5940913910666666
1117,0.7187673406653396
1118,0.6814964915675332
1119,0.7128298837331815
1120,0.7398726620348098
1121,0.736050590832753
1122,0.695540932328751
1123,0.6601997574803529
1124,0.6032555265724503
1125,-0.523174743591133
1126,-0.36746914775853134
1127,-0.15675234214283695
1128,0.04671951977120932
1129,0.24977719378640617
1130,0.41825466873053324
1131,0.5660823297459029
1132,0.522723851210837
1133,0.5665445692845654
1134,0.6016986507140825
1135,0.6033478835817089
1136,0.5686415132072863
1137,0.538117846143856
1138,0.4873545938842771
1139,-0.6267446744042068
1140,-0.7985003624151269
1141,-0.5345264483747579
1142,-0.2765551804343249
1143,-0.020515610125889677
1144,0.18929815273780812
1145,0.36954201330833303
1146,0.3348698504016234
1147,0.39121114569637644
1148,0.4318308246129788
1149,0.44222862655873285
1150,0.41478758397390997
1151,0.39079350251980005
1152,0.3480570644566405
1153,-1.2303146027782694
1154,-1.3741629409087006
1155,-1.0293140106930465
1156,-0.703056278641183
1157,-0.37771949876139055
1158,-0.11393783409028949
1159,0.09750010865788253
1160,0.08295417963966857
1161,0.15722118780942987
1162,0.19589690548532035
1163,0.21985029476808698
1164,0.20454805717659474
1165,0.1853017289287879
1166,0.15004719134210745
1167,-1.501966013876437
1168,-1.3593616043153804
1169,-1.2132241169393234
1170,-1.2646248678682102
1171,-0.8445177434136042
1172,-0.5147103205550149
1173,-0.24546642242315198
1174,-0.21017692106301794
1175,-0.11235089412139827
1176,-0.06596474222693059
1177,-0.04017183614968514
1178,-0.04335410301176471
1179,-0.048919456986016754
1180,-0.08311146412560858
1181,-1.555170956492832
1182,-1.4010122058018613
1183,-1.2904040349203003
1184,-1.181377171924279
1185,-1.0707623308562078
1186,-0.8565247838049644
1187,-0.6934973185669581
1188,-0.5540823843855069
1189,-0.47687216873573857
1190,-0.44234827000808685
1191,-0.42594721982656303
1192,-0.3955190487968864
1193,-0.40478009590538666
1194,-1.9514452251780088
1195,-1.8211085961270477
1196,-1.7001065570487626
1197,-1.6925357588542582
1198,-1.430464961526056
1199,-0.8499165453366136
1200,-0.7803207554595188
1201,-0.6487374382928535
1202,-0.5469995694035137
1203,-0.46144989181951585
1204,-0.43152257392716836
1205,-0.40597201947158507
1206,-0.3988335295084497
1207,-2.0
1208,-1.9736631103245337
1209,-1.844709777919551
1210,-1.8256034732045496
1211,-1.5978436625322991
1212,-1.603325777347829
1213,-0.8949862528616976
1214,-0.7196217591053936
1215,-0.5409877011712888
1216,-0.43179602722636423
1217,-0.34669370587174464
1218,-0.2963689428421047
1219,-0.2633153180904596
1239,0.7827852738056578
1240,0.8537716474399071
1241,0.9204911906119038
1242,0.9868693626543761
1243,1.0520354067851363
1244,1.1027380869964416
1245,1.1332074853553047
1246,1.1591205829743716
1247,1.2066951222033806
1248,1.0965154962867407
1249,1.1237751438208927
1250,1.1036097800090134
1251,1.064160570285153
1252,0.9920796519720118
1253,0.6444809687495346
1254,0.7249019984471865
1255,0.8066164860675085
1256,0.8810211858752182
1257,0.9586501064199275
1258,1.0160556898737483
1259,1.0539939865831118
1260,1.0856070741953858
1261,1.136577607094749
1262,1.0287816584324112
1263,1.0589022547963975
1264,1.0411728490144387
1265,1.0027280511956453
1266,0.9312124345720392
1267,0.5039808673670291
1268,0.5979137051556764
1269,0.6947017048253252
1270,0.7830162107363201
1271,0.8744649239066997
1272,0.9424890489276934
1273,0.9892521946880797
1274,1.0037188601928246
1275,1.0628016194350831
1276,0.9582212119549233
1277,0.9916073959865582
1278,0.9744113534278195
1279,0.9405147942342195
1280,0.8695972307485242
1281,0.30745710828368455
1282,0.4186980772580258
1283,0.5304160201467064
1284,0.6377148522389239
1285,0.7473491613709521
1286,0.8288570877836934
1287,0.8835576709853562
1288,0.9077945485154553
1289,0.9691554769217142
1290,0.8747489182411068
1291,0.9079725205657572
1292,0.8947984964312059
1293,0.8642374481160637
1294,0.7963277810283946
1295,0.11856143251869569
1296,0.24917020759366396
1297,0.37959327747651284
1298,0.5116677317743543
1299,0.6403776812614348
1300,0.7412541419913216
1301,0.8105072896100038
1302,0.8092118944227082
1303,0.8600659074870471
1304,0.7903115141240864
1305,0.8308862946390926
1306,0.8056547920814614
1307,0.778114175050692
1308,0.7118237148421458
1309,-0.16740255537267754
1310,-0.009401269029132048
1311,0.15231770614979803
1312,0.31313129343609647
1313,0.46341003571587014
1314,0.5900851554354943
1315,0.6733441567754083
1316,0.6764255758106352
1317,0.7359616597225479
1318,0.6723888556600828
1319,0.7195495682467039
1320,0.7003472444180102
1321,0.6737966106104831
1322,0.6133191735543364
1323,-0.5238166084696034
1324,-0.32660916874749724
1325,-0.1292175888155081
1326,0.07142949056571248
1327,0.257469478578036
1328,0.4133064295748261
1329,0.5188580849164859
1330,0.5160144144929764
1331,0.587767637153721
1332,0.5329768833317687
1333,0.5849706889580825
1334,0.5715453552882598
1335,0.5502256960017893
1336,0.4943845342883498
1337,-0.9975651659646061
1338,-0.7465106267325894
1339,-0.5001949896943757
1340,-0.2451531416655233
1341,-0.010866755888310153
1342,0.1831218546637808
1343,0.3118331227867097
1344,0.3261743556081297
1345,0.409853518152184
1346,0.36142922700355834
1347,0.4221683344677349
1348,0.4148514682462809
1349,0.4007740425400534
1350,0.352704848988907
1351,-1.6267115638076064
1352,-1.30823830535485
1353,-0.9841683201454456
1354,-0.663685743419703
1355,-0.3654398815609444
1356,-0.12170910296555318
1357,0.03631066959306914
1358,0.07190940016017605
1359,0.17179950473383332
1360,0.12230221800228148
1361,0.19586811597434967
1362,0.20326770793448076
1363,0.19231099715742436
1364,0.15317541076823116
1365,-1.1005640463749884
1366,-1.0847945325448256
1367,-0.9663850679489452
1368,-1.214526526363984
1369,-0.8286247909356727
1370,-0.5243896612045222
1371,-0.3112900607645289
1372,-0.22499787401274896
1373,-0.10136046457549251
1374,-0.14324897697602834
1375,-0.0665097959707582
1376,-0.05150035548361989
1377,-0.04373728598469454
1378,-0.08018055122751686
1379,-1.264917487927352
1380,-1.2624820310844216
1381,-1.1501949289960791
1382,-0.932533229050943
1383,-0.9644871411625944
1384,-1.0829337110509958
1385,-0.920173142221459
1386,-0.7027706972370237
1387,-0.5570607290272266
1388,-0.5335861758311601
1389,-0.4554092385025326
1390,-0.42570015706593667
1391,-0.38564054005453824
1392,-0.39596761726139634
1393,-1.42567331821433
1394,-1.4232378613713992
1395,-1.3178682051813932
1396,-1.105204722052311
1397,-1.1757016040330688
1398,-0.927157478172291
1399,-0.9206573193745838
1400,-0.802583284549724
1401,-0.6930571424633025
1402,-0.570377299869365
1403,-0.49651353578175617
1404,-0.44019088668951006
1405,-0.40957107157698597
1406,-0.4002678989870237
1407,-1.6696596188653057
1408,-1.563566934981357
1409,-1.3584922415614418
1410,-1.4405250097352196
1411,-1.0882872979712643
1412,-0.97869745757531
1413,-0.9248111198824793
1414,-0.7592953241577827
1415,-0.5747772150858664
1416,-0.46059124616198177
1417,-0.3709541799157191
1418,-0.3087374518783007
1419,-0.26995693427887424
1442,1.02972048462693
1443,0.9799693824314493
1444,1.0453341188430152
1445,1.108927906538704
1446,1.172344665868478
1447,1.2229762248645224
1448,1.2587118846413827
1449,1.2952477790849728
1450,1.33482118686214
1451,1.2143107414387473
1452,1.2373258547497359
1453,1.2206870681942055
1454,1.2054211320522343
1455,1.1345678516093871
1456,0.9198272745450884
1457,0.8505396621127846
1458,0.9302051961441489
1459,1.0021007221362137
1460,1.0769343146514119
1461,1.1350374272573915
1462,1.1779481355784482
1463,1.2206426453545165
1464,1.264174953392014
1465,1.1459199694973472
1466,1.171779919504742
1467,1.1574013250081163
1468,1.1434113819994622
1469,1.073564500359129
1470,0.8049752994411598
1471,0.7263234039697114
1472,0.8206054056665232
1473,0.9059243778574865
1474,0.9941769382672456
1475,1.0629182277249258
1476,1.115226694927779
1477,1.1782735217478177
1478,1.1957909043635795
1479,1.0736651799896357
1480,1.1023460558181706
1481,1.0925245663387604
1482,1.0817766557962636
1483,1.012112999301291
1484,0.723844477282035
1485,0.5531541646678844
1486,0.6621480193575378
1487,0.7652892790651088
1488,0.8713272853563288
1489,0.9536701280450397
1490,1.0151524506177128
1491,1.0880305015089629
1492,1.1083342335988635
1493,0.9962498013091232
1494,1.0268187030079223
1495,1.02238291344724
1496,1.0143479461708949
1497,0.945655437701324
1498,0.4313753628698949
1499,0.38247656015675036
1500,0.5097638251859662
1501,0.6360966838269412
1502,0.7615038491316664
1503,0.8620515068368855
1504,0.9393385281287023
1505,0.9947821352837444
1506,0.9982463269322763
1507,0.9152752423324563
1508,0.9486872141890029
1509,0.940555493319241
1510,0.9274539454536866
1511,0.8606201032591558
1512,0.148279031336532
1513,0.13499425781638735
1514,0.29258899835893876
1515,0.4466698169975804
1516,0.5940341679532373
1517,0.7181742974021914
1518,0.8121830286035627
1519,0.8737583571655885
1520,0.8856416376773223
1521,0.8087230954371966
1522,0.8487700912416416
1523,0.8463190639658736
1524,0.8353583142308206
1525,0.7734493908307779
1526,-0.2130249832253954
1527,-0.1768790988300027
1528,0.015738724982122587
1529,0.20759771146207992
1530,0.3902790056110953
1531,0.5431632665096755
1532,0.6605134245769471
1533,0.7123668109550888
1534,0.7432098530192399
1535,0.6753390144582099
1536,0.7206969934692584
1537,0.723687631147551
1538,0.7178577388906668
1539,0.6610907962680651
1540,-0.3059914449381362
1541,-0.5982859584322577
1542,-0.35763028480135645
1543,-0.11416465021119776
1544,0.11625763857501226
1545,0.3069856857512063
1546,0.45068567734685505
1547,0.5171054099910404
1548,0.5646575271192198
1549,0.5032629067105353
1550,0.5576541372408088
1551,0.5673468764035796
1552,0.5680830358996236
1553,0.5191546730396353
1554,-0.7237615332286053
1555,-1.1602850620923797
1556,-0.8443688987302975
1557,-0.5371478816525408
1558,-0.2445026979419283
1559,-0.004094466508733852
1560,0.17114130254785453
1561,0.26068104987670915
1562,0.3274470886977864
1563,0.26254258954801246
1564,0.3335038988896481
1565,0.35163947211816937
1566,0.3576737644021176
1567,0.3165621696589081
1568,-1.1013345328117932
1569,-1.0773120220584995
1570,-0.9811207079911004
1571,-1.12297251901533
1572,-0.7452793086699916
1573,-0.4426835297780435
1574,-0.21279224792818718
1575,-0.07960248227603589
1576,0.018515842698679758
1577,-0.023095686773074803
1578,0.06186224558892228
1579,0.08793724446324375
1580,0.10889585524691443
1581,0.07584627705172284
1582,-1.287015802384123
1583,-1.276327348618062
1584,-1.1894416432489097
1585,-0.9697788262520696
1586,-1.0080825117593004
1587,-0.982010938639678
1588,-0.7700147513519389
1589,-0.543694281414795
1590,-0.4132153805420524
1591,-0.4044998536597374
1592,-0.30535129790347776
1593,-0.26878160894363534
1594,-0.2261589886792409
1595,-0.22225035025446474
1596,-1.4454002947987517
1597,-1.4338223193402404
1598,-1.3523716500398126
1599,-1.132708833042975
1600,-1.215016624885099
1601,-1.0000748993906772
1602,-0.8578845075330956
1603,-0.6758652359158379
1604,-0.5986577772343482
1605,-0.48333590122901493
1606,-0.3982974357537849
1607,-0.34035465193772557
1608,-0.3060982469208371
1609,-0.2882665117598123
1610,-1.5276526262352377
1611,-1.5160746507767269
1612,-1.4346239814762984
1613,-1.220285080799551
1614,-1.3189032641919314
1615,-1.1285990164085558
1616,-1.0617808836734377
1617,-0.9282034388174112
1618,-0.6836727221585948
1619,-0.5048458631637305
1620,-0.38094076308902247
1621,-0.2903760057493736
1622,-0.22341783114869074
1623,-0.17560051209322158
1646,0.8980785562512325
1647,0.9726898544182716
1648,1.036038803932516
1649,1.1007446789689364
1650,1.1649784882360084
1651,1.2163239977175997
1652,1.294805263406872
1653,1.280298993433523
1654,1.2221455532471244
1655,1.2324766039941994
1656,1.1602829320163357
1657,1.1476722517670874
1658,1.1366873939560231
1659,0.9303536040790008
1660,0.7597233356200235
1661,0.8445185128760901
1662,0.9221351001244334
1663,0.9946854150442271
1664,1.0710452961283872
1665,1.1293834361118027
1666,1.2159485259667648
1667,1.207475439721626
1668,1.152535694674909
1669,1.1653473255907516
1670,1.0959841949408868
1671,1.0856618440660242
1672,1.0756352303925212
1673,0.8467738642110336
1674,0.6218424572861243
1675,0.720943036228311
1676,0.8128833472253926
1677,0.8989962265404979
1678,0.988971549706614
1679,1.05807194406356
1680,1.154191759739373
1681,1.127957716340544
1682,1.0818886975862783
1683,1.0931526607375799
1684,1.0248458120127344
1685,1.0193717565866074
1686,1.0131814855116341
1687,0.8187027654417284
1688,0.4478593155084428
1689,0.565093474238551
1690,0.6712028868620759
1691,0.7758097816742539
1692,0.8837301553450402
1693,0.9665212679146661
1694,1.0717562239762148
1695,1.0552116232933495
1696,1.011426353359974
1697,1.04462733812064
1698,0.976518174682693
1699,0.9750033466822633
1700,0.960430825978698
1701,0.7660124789087673
1702,0.2767328339027483
1703,0.4143457051078916
1704,0.538217756775996
1705,0.6669581702619245
1706,0.7938607739706651
1707,0.8959668988472305
1708,1.0170703680295634
1709,0.9808911402004334
1710,0.95063208179095
1711,0.9981799934065263
1712,0.9461581595314642
1713,0.9428755195404588
1714,0.9226111367317121
1715,0.6132756685159921
1716,0.007400721673089972
1717,0.17404714080652253
1718,0.32766143730141617
1719,0.4844239962145631
1720,0.6328023642924299
1721,0.7604631972008732
1722,0.8977829699114557
1723,0.8769565393084369
1724,0.8741179486008213
1725,0.9267178416941984
1726,0.8945778879152014
1727,0.8968641066916082
1728,0.8664095300088752
1729,0.52283547288823
1730,-0.31916274998332034
1731,-0.11135948279278995
1732,0.07611947521117735
1733,0.2716993367615252
1734,0.45544225132859917
1735,0.612535487439408
1736,0.7746430948708896
1737,0.7480053757448004
1738,0.7723603964598602
1739,0.8333864819866532
1740,0.8063113834593325
1741,0.8140720107211727
1742,0.7887439839992456
1743,0.4287110039780486
1744,-0.7729136010111841
1745,-0.5085871349668734
1746,-0.2746640237170416
1747,-0.026076444995852155
1748,0.20539861666349207
1749,0.4010602802694874
1750,0.5975677298305013
1751,0.5801479922195584
1752,0.6218253973933361
1753,0.6933865137191793
1754,0.6755657300009188
1755,0.690222564340552
1756,0.6715581971895328
1757,0.3957290606920278
1758,-1.3904261661688966
1759,-1.0546102459843614
1760,-0.7467898836418678
1761,-0.4343753968576503
1762,-0.13986021904020013
1763,0.10617631408677286
1764,0.3361988610678649
1765,0.3398848429906228
1766,0.3868135399497693
1767,0.46253258491426297
1768,0.45777009926493933
1769,0.4893611061115276
1770,0.474611490269028
1771,0.2519720296352685
1772,-0.9608046588038324
1773,-0.8610280938685527
1774,-0.8028807193451232
1775,-0.9955940379448183
1776,-0.6147337306614638
1777,-0.3069604795540099
1778,-0.015808986232865807
1779,0.026877449021645017
1780,0.09244525799539038
1781,0.1928261112266853
1782,0.20097926391650506
1783,0.2421743493930723
1784,0.2444896795810883
1785,0.0281122323967546
1786,-1.0980112446365515
1787,-1.02087071670064
1788,-0.9591217565600938
1789,-0.8003688831303791
1790,-0.6957896845076194
1791,-0.8052582489221523
1792,-0.5658984574976789
1793,-0.38481120032225363
1794,-0.29351193309299844
1795,-0.15568870995893963
1796,-0.13766084252526817
1797,-0.08176690846945583
1798,-0.04253126420511999
1799,-0.0957998034712739
1800,-1.2402494667604675
1801,-1.1627295887383715
1802,-1.0962609253053472
1803,-0.9375080518756316
1804,-0.8927740716978095
1805,-0.7239242051159801
1806,-0.8737528333184271
1807,-0.8025542749336243
1808,-0.6958882908504771
1809,-0.5702666078753771
1810,-0.4919013331151729
1811,-0.43015606029097525
1812,-0.3992444544482822
1813,-0.254451165750244
1814,-1.4341329541884456
1815,-1.3566130761663495
1816,-1.2959905375464151
1817,-1.147270301925578
1818,-1.1049784610016211
1819,-0.990661936518636
1820,-0.9589090644039348
1821,-0.8536229735889755
1822,-0.7080409469406744
1823,-0.5295643142691854
1824,-0.4113170153413511
1825,-0.3203639708607602
1826,-0.26442280479954183
1827,-0.6240537085407698
1853,1.0412347430037006
1854,0.9909213514305766
1855,1.0621723275368362
1856,1.1290054042113853
1857,1.1993856317089937
1858,1.2541945818188693
1859,1.1782941191874425
1860,1.3119084862602504
1861,1.264776403501624
1862,1.2386936849859471
1863,1.186003620655108
1864,1.1073056282758593
1865,1.152417151014232
1866,0.913526277391126
1867,0.909600751174064
1868,0.8609061019984251
1869,0.9473768963703727
1870,1.022731413707581
1871,1.1063172491163569
1872,1.1679355848295627
1873,1.0999097915429688
1874,1.239329731711871
1875,1.1954838923223052
1876,1.172028923593778
1877,1.1220997954575613
1878,1.0454191850820744
1879,1.09149939078597
1880,0.8299465375231586
1881,0.783690183313276
1882,0.754080901288537
1883,0.8563415291850885
1884,0.9457709998055269
1885,1.044271724939947
1886,1.1168115171647721
1887,1.057638962866478
1888,1.1792798482646687
1889,1.1252682648473415
1890,1.0986714202864087
1891,1.0510328276842449
1892,0.9800423022423985
1893,1.0291865338130037
1894,0.7890907723909825
1895,0.6731310132571041
1896,0.6208420269316399
1897,0.7392198651339329
1898,0.8475008602651565
1899,0.9656737592288144
1900,1.052734531498238
1901,1.0014530227586644
1902,1.1323168909827164
1903,1.0565530041328994
1904,1.0494544382975053
1905,1.0006543022437222
1906,0.9541610289345676
1907,0.9848264253913978
1908,0.7425831581463775
1909,0.4670744292774179
1910,0.48486996989977804
1911,0.6231583975994636
1912,0.7559931766731911
1913,0.89505614946978
1914,1.0020222098112093
1915,0.9654230848460477
1916,1.0764461158786296
1917,1.0127035279643914
1918,1.0199399184466738
1919,0.9719015499478718
1920,0.9311349839128229
1921,0.952328271056905
1922,0.6912264588790779
1923,0.3051603448194702
1924,0.24016276814249535
1925,0.41115388703928196
1926,0.5730788584380471
1927,0.7357824125371392
1928,0.8687544418941602
1929,0.8476650815261186
1930,0.9756571396024583
1931,0.9461314693482423
1932,0.9547038439233566
1933,0.9306523547101402
1934,0.8944429611294957
1935,0.8995158892689685
1936,0.6207954354237788
1937,-0.1521171101053182
1938,-0.03640824253428221
1939,0.17283070522435734
1940,0.3745857932915004
1941,0.5760964134432911
1942,0.7362030553044258
1943,0.7409026618796148
1944,0.8665673669637177
1945,0.8856289354101379
1946,0.9020944711838936
1947,0.8829413983740458
1948,0.8527347199935245
1949,0.8359749212716845
1950,0.5291197685598164
1951,-0.2233683246536699
1952,-0.43611604268430515
1953,-0.1744118272809697
1954,0.08174674512845553
1955,0.3356465815869215
1956,0.5406413219162799
1957,0.5719305861496957
1958,0.7067685277472286
1959,0.7458378414988442
1960,0.7752153224648319
1961,0.7646299287101124
1962,0.7419337510382783
1963,0.7321895525785977
1964,0.4952902107734819
1965,-0.6649489687732605
1966,-0.9781948801961585
1967,-0.6353187935997319
1968,-0.31250916734126977
1969,0.01046074605280023
1970,0.2678912345011505
1971,0.3290691511726565
1972,0.4835906882352024
1973,0.5459211732422518
1974,0.5744225067245381
1975,0.5800335027078332
1976,0.5696698616483931
1977,0.5653214352263511
1978,0.3687551867765692
1979,-1.0040956655284734
1980,-0.9374970185128358
1981,-0.5781890595441151
1982,-0.8649897813446711
1983,-0.4474414649830524
1984,-0.15692605633983825
1985,-0.009821631538099396
1986,0.18370788347341732
1987,0.2623414264694608
1988,0.3117314456201197
1989,0.3292703595807991
1990,0.33124079035601056
1991,0.3401831523384371
1992,0.2246289518146819
1993,-1.1315933036207593
1994,-1.0653909100151735
1995,-0.7755703071406798
1996,-0.6341523619048186
1997,-0.1838610576481273
1998,-0.5735752968080682
1999,-0.510167257146011
2000,-0.17767369944997136
2001,-0.0685123575207407
2002,0.012745383793761889
2003,0.03876612076045216
2004,0.060679974275200554
2005,0.1071434307940824
2006,0.0523144317679519
2007,-1.265855514751068
2008,-1.1996531211454835
2009,-0.9173171398470148
2010,-0.7690312301697911
2011,-0.3776721613901496
2012,-0.9345476591611298
2013,-0.6489847417652926
2014,-0.5336971158904866
2015,-0.34111347288450256
2016,-0.24387910817500635
2017,-0.14729161544448832
2018,-0.1010267228401277
2019,-0.0773191440062142
2020,-0.0417981306482262
2021,-1.325284265264116
2022,-1.260168837621945
2023,-0.9798683263451649
2024,-0.8510317217394876
2025,-0.5141981473976619
2026,-0.4755154922962177
2027,-0.3820883004093554
2028,-0.5461486904977333
2029,-0.32120724411746093
2030,-0.1568449251818569
2031,-0.04267316038337854
2032,0.05402531092669749
2033,0.10593491527705634
2034,-0.2915237727598254
2061,1.0083357440202252
2062,1.0796668976667294
2063,1.145473986516805
2064,1.2096027864561674
2065,1.2762702086757536
2066,1.3293470101939562
2067,1.361033729305845
2068,1.3948329155068606
2069,1.2884257459450559
2070,1.2528423319672677
2071,1.2356467357543883
2072,1.1826208516566696
2073,1.2153150336247263
2074,0.7890489474935708
2075,0.8698074104337243
2076,0.9506190441612083
2077,1.031091794857884
2078,1.1032268918131312
2079,1.1822833016914254
2080,1.2425871637263315
2081,1.282016393605403
2082,1.3218999834453071
2083,1.2188737566033099
2084,1.1858724736031934
2085,1.1714654724654041
2086,1.1206362400380458
2087,1.154310170805815
2088,0.7031987622500585
2089,0.7454897940282598
2090,0.8398788625455083
2091,0.9351708581872598
2092,1.0207843558706369
2093,1.113963808369449
2094,1.1853927515842493
2095,1.2339400710161665
2096,1.260371992292434
2097,1.148305421032465
2098,1.1139041612208094
2099,1.1003483332858421
2100,1.0599417859269258
2101,1.097311611138808
2102,0.6621558794726544
2103,0.592567533584923
2104,0.7043487986848818
2105,0.8143936762607633
2106,0.9181977082206726
2107,1.0300263997379897
2108,1.1156074539734975
2109,1.1726130238752677
2110,1.2088529953804397
2111,1.0853806370633403
2112,1.0893777810577245
2113,1.054167000062098
2114,1.036572853622592
2115,1.047089095249528
2116,0.6164796744953792
2117,0.43516633254040665
2118,0.5664094729557283
2119,0.6948935010642225
2120,0.8224094402733823
2121,0.9541620228104756
2122,1.0597113352050878
2123,1.1317886868494687
2124,1.1571075761197978
2125,1.033938126740422
2126,1.059103887330929
2127,1.02754157802161
2128,1.0077191810386996
2129,1.0037300312711155
2130,0.5692022353912136
2131,0.17498703060679505
2132,0.3337557274074868
2133,0.4929951534387456
2134,0.6483645324901803
2135,0.8026736983431713
2136,0.934643151802294
2137,1.0217214727450135
2138,1.063864991963662
2139,0.973890172373322
2140,1.0043799389192334
2141,0.986061231839553
2142,0.9598626433453998
2143,0.9499648383084798
2144,0.5342259309144729
2145,-0.1400583084273963
2146,0.05810696559449363
2147,0.2525549978202154
2148,0.44624985451461907
2149,0.6374058303632332
2150,0.7998007567962035
2151,0.9102604468795495
2152,0.966122539308111
2153,0.9194941667921206
2154,0.9584384882454939
2155,0.9452339140361277
2156,0.9244302897966337
2157,0.8955826912056807
2158,0.4506071071998294
2159,-0.5803779923678346
2160,-0.3281040840839623
2161,-0.08536689215615911
2162,0.16067108477578695
2163,0.40158572601545023
2164,0.6038499899146902
2165,0.7386157150642386
2166,0.8151859660526172
2167,0.7862262399620066
2168,0.8384555285242256
2169,0.8342258775078946
2170,0.8203607950146593
2171,0.7985266676816261
2172,0.4181360862185886
2173,-1.179247050204852
2174,-0.8592269707450394
2175,-0.5400904655102144
2176,-0.23039334649369614
2177,0.07594436205581312
2178,0.33028204549343015
2179,0.4961320600078535
2180,0.5942458202625628
2181,0.5888080342623958
2182,0.6403832779205473
2183,0.649183935922706
2184,0.6517044258295901
2185,0.6343853800193133
2186,0.2987256078312039
2187,-0.9085754525609312
2188,-0.9078522276385996
2189,-0.5438584568044774
2190,-0.7796636612166793
2191,-0.3837798699099345
2192,-0.06562687036726866
2193,0.1578897498696048
2194,0.28943749603876784
2195,0.3011087078652379
2196,0.3812765516570668
2197,0.40259264341475454
2198,0.41516563792871625
2199,0.414168558320159
2200,0.1464979338432677
2201,-1.0616781805847104
2202,-1.0575437733636837
2203,-0.7522734621741846
2204,-0.5887563303950418
2205,-0.1615494093917069
2206,-0.5317322387138175
2207,-0.3601160230988718
2208,-0.0802291490531537
2209,-0.03259714913508982
2210,0.08429521858924355
2211,0.11540384873056042
2212,0.14330846896537774
2213,0.18026428797156246
2214,-0.0271197277521008
2215,-1.1730695875988386
2216,-1.1651143687075245
2217,-0.8609227624087691
2218,-0.7120607062271564
2219,-0.3049976753218301
2220,-0.2509545697036314
2221,-0.5319491581680961
2222,-0.358813265675314
2223,-0.28897270231202965
2224,-0.14879611814265703
2225,-0.08016066262349597
2226,-0.022449610705903233
2227,0.004166605846415594
2228,-0.0957736842891972
2229,-1.2111279138676032
2230,-1.2029383816866754
2231,-0.8987467753879207
2232,-0.7815698172915452
2233,-0.3952416647944347
2234,-0.3559389772896335
2235,-0.2790104172501882
2236,-0.4192141473893771
2237,-0.28813143952381925
2238,-0.1007716025267611
2239,0.01097188258440518
2240,0.10069153419297772
2241,0.15528879601206502
2242,-0.2819872197778741
2270,-0.2114713153739041
2271,-0.046239408952049
2272,0.0750287532312316
2273,0.1788389008910702
2274,0.2351932083042017
2275,0.3557871698621329
2276,0.5002621031014592
2277,0.5676618673844728
2278,0.6157568138423213
2279,0.6217998754342059
2280,0.75624641909259
2281,0.07014491260255429
2282,0.27149405525247394
2283,0.47974508901794416
2284,0.5589766327993216
2285,0.7080568889841503
2286,0.7643978073497424
2287,0.8047478266700743
2288,0.7588833340213921
2289,0.8295356768138793
2290,0.9090932158220743
2291,0.9869020466118895
2292,0.052594648905289976
2293,0.28269357382272137
2294,0.49241250329599207
2295,0.5137028854355525
2296,0.6384545361154426
2297,0.7614961851264045
2298,0.6121725319464668
2299,0.6866244200261107
2300,0.7625713004559941
2301,0.8259030229376337
2302,0.9337824217441785
2303,0.023479817537172654
2304,0.2670768626982525
2305,0.47679172159557087
2306,0.4443512658475063
2307,0.5074623130145979
2308,0.628462913370603
2309,0.7225008905657491
2310,0.6168983700946603
2311,0.5990282357292236
2312,0.7227097135514784
2313,0.8623388112834109
2314,-0.009710245796202055
2315,0.2203529442562164
2316,0.43888154551408814
2317,0.3580039698851182
2318,0.348252795608301
2319,0.4474033539199971
2320,0.7154005354113205
2321,0.7339995013351941
2322,0.5457429423228803
2323,0.7572250861424782
2324,0.8945368463525346
2325,-0.05935711947247707
2326,0.1684304848252815
2327,0.3834572863926395
2328,0.2626668481487039
2329,0.2018385697985438
2330,0.328047383688405
2331,0.569941541368848
2332,0.6357270668485222
2333,0.6893387778910255
2334,0.7651995587722468
2335,0.8683816609314476
2336,-0.03961177455677106
2337,0.19659415136631853
2338,0.4245073413406337
2339,0.24695487445409448
2340,0.2204918031229027
2341,0.35957510625991085
2342,0.43288760204319954
2343,0.6244709417865982
2344,0.7169028174424981
2345,0.6253715790834394
2346,0.8874545678492134
2347,-0.010361643347047478
2348,0.19940180616563252
2349,0.44232167759447927
2350,0.19871170114746134
2351,0.2899134535957476
2352,0.4513201120100852
2353,0.599581845915045
2354,0.7705668225294287
2355,0.8216649735624111
2356,0.8908366653335019
2357,1.0224742370113622
2358,-0.025365506454886444
2359,0.20129612925477364
2360,0.4203408369862455
2361,0.1830942276664249
2362,0.34421715821334115
2363,0.5101735033424584
2364,0.75514975909095
2365,0.8116986884733717
2366,0.8699315630354996
2367,0.9111440390092129
2368,1.0171240491298685
2369,-0.05408164171979302
2370,0.15515262218172432
2371,0.37496390328296814
2372,0.18813886878396707
2373,0.16009540528324684
2374,0.42648479353954866
2375,0.5858778251381247
2376,0.6428910992321633
2377,0.7163649412314312
2378,0.7913777048877902
2379,0.9507742563490116
2380,-0.07896445534823182
2381,0.08513237313443056
2382,0.3199790573641059
2383,0.20846277075506026
2384,0.27775404373887413
2385,0.0028752783873886023
2386,0.2731499996397829
2387,0.4051086520536462
2388,0.6142267571769373
2389,0.6968440994114149
2390,0.8899292816398969
2391,-0.4344175354527964
2392,-0.2289556579062869
2393,-0.0163476050610151
2394,0.0022014622700267106
2395,0.20047380962328937
2396,-0.7556797553206527
2397,-0.2723001236833548
2398,-0.042192512523683556
2399,0.16410380482451278
2400,0.32394175938600256
2401,0.7201909268388031
2402,-0.619614736049304
2403,-0.3947727529988603
2404,-0.1085541109330871
2405,0.09672770906274542
2406,0.4661862578167272
2407,0.575690043155982
2408,-1.072698856563486
2409,-0.4733364730016684
2410,-0.215146266965334
2411,0.024895720179132053
2412,0.5552572869468713
2413,-0.6912934503342102
2414,-0.4565117115126283
2415,-0.1486816346878538
2416,0.2001157916817033
2417,0.40057648413378083
2418,0.5234822885759567
2419,0.6416492032008025
2420,0.6843365665150984
2421,0.7414580499527813
2422,0.7980454614609065
2423,0.88374403377777
2424,-0.8303284241323832
2425,-0.6328633490349981
2426,-0.2716922220106077
2427,0.07122824346006501
2428,0.29219524235867766
2429,0.42965196363050984
2430,0.5681831993685456
2431,0.6231237043105017
2432,0.6848970980866227
2433,0.748538738312684
2434,0.8382772934904377
2435,-0.992057508721561
2436,-0.8661421346221143
2437,-0.4352273705849191
2438,-0.053402459803272406
2439,0.18445352583919855
2440,0.3509896919945966
2441,0.5012658576744851
2442,0.5634872982437495
2443,0.6381217874451829
2444,0.7035925171208971
2445,0.8016418343593772
2446,-0.08890140816184117
2447,0.1556618749409363
2448,0.35619307187486665
2449,0.5101351476090196
2450,0.6217013047700917
2451,0.6912780782109258
2452,0.731958637803164
2453,0.2644190330504129
2454,0.40288889376863724
2455,0.5225846477578769
2456,0.8087812651705861
2457,-0.08030435386018137
2458,0.17014205823640055
2459,0.389781378556115
2460,0.47458043682324685
2461,0.6525155357008744
2462,0.7240401385329658
2463,0.6983484112890479
2464,0.5898521201148378
2465,0.7458625700785456
2466,0.7930531997940946
2467,0.8669822567676473
2468,-0.11084215961965249
2469,0.1804667890340322
2470,0.3909533849739031
2471,0.42327339447850615
2472,0.5438303275784537
2473,0.7345305006851262
2474,0.7085965344074157
2475,0.7557587913862833
2476,0.8101454047128496
2477,0.8779277687786098
2478,0.9534802956029432
2479,-0.10504932461484084
2480,0.17971355658136784
2481,0.39824481344249496
2482,0.3859698418099344
2483,0.45232485450153415
2484,0.6031740359345336
2485,0.724143825906634
2486,0.680199684612408
2487,0.734968975127265
2488,0.8355659705252646
2489,0.9446599014004159
2490,-0.126774118348498
2491,0.14653794564025324
2492,0.37500478466045706
2493,0.3147264961244728
2494,0.29694825150517107
2495,0.44458288337078905
2496,0.7578431427199583
2497,0.7988012788921262
2498,0.5805476398031558
2499,0.7628586770939696
2500,0.8997096125173304
2501,-0.23439718829923717
2502,0.05728188165471634
2503,0.2773885941414594
2504,0.1810397891911083
2505,0.1353141255810042
2506,0.30910165836340664
2507,0.5731974208200747
2508,0.6583017380255481
2509,0.7157841968418938
2510,0.7939607402338102
2511,0.8931641077449436
2512,-0.17590850938175834
2513,0.1029726868464324
2514,0.3424305797786958
2515,0.19182209196098976
2516,0.1356899161447058
2517,0.31804957685553215
2518,0.4358463653008673
2519,0.6233293289908066
2520,0.7017611984415971
2521,0.6033858118822345
2522,0.8734627260590866
2523,-0.2287389691120772
2524,0.04413481327589175
2525,0.28114306204094053
2526,0.06918787844900176
2527,0.16055206601713767
2528,0.35116305936184633
2529,0.5143550507998558
2530,0.6893951986875597
2531,0.7685042854859999
2532,0.8398752895618037
2533,0.9795884366047239
2534,-0.22368815829318672
2535,0.050201220910964184
2536,0.27918160082774424
2537,0.05539207232546223
2538,0.22766323118308604
2539,0.4118491393532334
2540,0.6414185553218896
2541,0.7145892082336875
2542,0.7975032865342595
2543,0.8564024807096834
2544,0.9688280865447163
2545,-0.23649241695637846
2546,0.01335553840442888
2547,0.24459131775979492
2548,0.07129849937860566
2549,0.038283055781675956
2550,0.31062738132594375
2551,0.46005612896001025
2552,0.5537983333908296
2553,0.6510842436099755
2554,0.731521071991679
2555,0.9103370210787884
2556,-0.05237262775776147
2557,0.19553972033524386
2558,0.0899332601108302
2559,0.15374842851716208
2560,-0.07016030285758751
2561,0.19176192156435024
2562,0.3399684659571912
2563,0.5103660503189441
2564,0.6183848615471761
2565,0.842721871746796
2566,0.65048740608674
2567,0.8466452085918846
2568,-0.641686393774351
2569,-0.10567447703226057
2570,0.14445728282854986
2571,0.10847318407007062
2572,0.26727278054683506
2573,-0.1877375965204537
2574,0.115452706587991
2575,0.27870928010593254
2576,0.7833998823738548
2577,0.82409839468434
2578,0.8907289850733301
2579,-0.6381688414395348
2580,-0.4591338686563546
2581,-0.0952307378974581
2582,-0.030465072583930664
2583,0.34065301462302294
2584,0.3893244375383332
2585,0.5406438044191657
2586,0.6382407247388736
2587,0.7034331380874309
2588,0.7874874019632397
2589,0.8791336199371472
2590,-0.8026466445690607
2591,-0.6248036686777307
2592,-0.1921550887288818
2593,0.0711012982547291
2594,0.2985922983992213
2595,0.43742029286244494
2596,0.28057978001456507
2597,0.46147739389175046
2598,0.5501029191052468
2599,0.7044454738270254
2600,0.8206674020676333
2601,-0.9382142791924842
2602,-0.9141702731813608
2603,-0.3834157343116394
2604,-0.03160052378380762
2605,0.19459539223869682
2606,0.3449257837234089
2607,0.48132872306957
2608,0.5542142757188434
2609,0.6420399473749858
2610,0.7248984954990082
2611,0.8137909074805941
2612,-0.9764516898351876
2613,-0.8438986304556758
2614,-0.5653640027089868
2615,-0.17047721621926687
2616,0.08019129435832995
2617,0.26139072916994077
2618,0.41029274876547
2619,0.49233883807875767
2620,0.5910196775535055
2621,0.6770851156697479
2622,0.7738945483572075
2623,-0.297205439225981
2624,-0.1087577634543828
2625,0.1121032342034396
2626,0.2403700057550126
2627,0.3309119411525276
2628,0.4532886216779538
2629,0.5664986178248628
2630,0.6703346683878101
2631,0.7098825630912772
2632,0.7352850584529472
2633,0.7903987087526984
2634,-0.42349312264076094
2635,-0.12314583510113256
2636,0.08656437604209588
2637,0.21878699959226455
2638,0.40017488089745484
2639,0.5121575631177445
2640,0.6029698483228506
2641,0.4373063503315581
2642,0.5507254213900445
2643,0.6395188659368194
2644,0.8061534550566039
2645,-0.4430903562830253
2646,-0.11697169711298258
2647,0.09765832488600545
2648,0.17143573355988317
2649,0.3534740243539143
2650,0.5319916397343455
2651,0.32403754948088426
2652,0.4586140262157181
2653,0.5531700826984086
2654,0.6605251450997305
2655,0.8137100315782833
2656,-0.4607196418483623
2657,-0.11619271172908799
2658,0.09517368204195181
2659,0.11313638668436664
2660,0.23462196057107465
2661,0.46022101937674637
2662,0.5936290790950307
2663,0.4785854537138345
2664,0.3066320892462422
2665,0.45175146169397246
2666,0.6681339386642373
2667,0.0739147212581352
2668,0.03633120579438523
2669,0.08434915900694778
2670,0.26838541851462466
2671,0.5594827901180329
2672,0.6398382241915358
2673,0.33127345818340215
2674,0.628747728189868
2675,0.8124322085355733
2676,0.6954879590636006
2677,0.8250518026454463
2678,0.7081750732588803
2679,0.8293754206230832
2680,-0.19452246286928881
2681,0.0131355647094644
2682,-0.06458248441170561
2683,-0.08068919459607551
2684,0.1363521443894134
2685,0.3840202720327928
2686,0.5027131954314422
2687,0.5956941819273903
2688,0.730409087133071
2689,0.8545591121818795
2690,0.7207999882944827
2691,0.8105063853563633
2692,0.15771595703153088
2693,0.19951087215786834
2694,0.46796852099326763
2695,0.5932184331597203
2696,0.40155092405735965
2697,0.7512336220262233
2698,0.13358380668070724
2699,0.23958120903270566
2700,0.487677089944441
2701,0.6098771363728421
2702,0.49802109334888844
2703,0.7774963506824467
2704,-0.1965173888374323
2705,0.01573008848538973
2706,-0.1708695383486049
2707,-0.06385278963882786
2708,0.16132140953866003
2709,0.33758549678695127
2710,0.5257284042879601
2711,0.6276781446659694
2712,0.697536963381191
2713,0.8497202406670508
2714,0.7355555673571452
2715,0.8600198115473073
2716,-0.5043075336109597
2717,-0.17260925528302873
2718,0.030074508209602183
2719,-0.1700135705940474
2720,0.035930757442792366
2721,0.2481431579145012
2722,0.4820202291377779
2723,0.5803151391113359
2724,0.68514201917712
2725,0.7475499717249512
2726,0.8426012432353517
2727,-0.5439004247256053
2728,-0.23043266206714522
2729,-0.00978778642191358
2730,-0.15950571403638397
2731,-0.16137294565612523
2732,0.13857492738275948
2733,0.31371595938099983
2734,0.414002651065874
2735,0.531899492684793
2736,0.6216802271431299
2737,0.7969225640513962
2738,-0.5669234483411886
2739,-0.29684366753873137
2740,-0.06150982742901581
2741,-0.1404508313066034
2742,-0.043778321049301766
2743,-0.24812042081953248
2744,0.02967436862204556
2745,0.19693363177164952
2746,0.40658646155928246
2747,0.5072079133548391
2748,0.7262381236705049
2749,-0.8671213654489626
2750,-0.6673170264353813
2751,-0.401139427054612
2752,-0.34957406389240964
2753,-0.13239122193432903
2754,-1.1388297346628604
2755,-0.6159425402918864
2756,-0.30663285417887803
2757,0.537733318470593
2758,0.4095823022188012
2759,0.5982317810547473
2760,-1.013814444606837
2761,-0.804806486529121
2762,-0.4645405107342648
2763,-0.24988982784252683
2764,0.15135578117296405
2765,0.3071399492764003
2766,-1.1914658784625556
2767,-0.7527306688644694
2768,-0.3948749823154757
2769,-0.06633227832878558
2770,0.3819451405526613
2771,-0.9381225356893595
2772,-0.47303987266522796
2773,-0.1527103094425673
2774,0.07742681911216545
2775,0.24820359337522807
2776,0.38556219971587735
2777,0.46567131417093377
2778,0.5731477859708642
2779,0.6511031173672568
2780,0.7375067410294702
2781,0.647606789730578
2782,0.7358012055639862
2783,-1.0812364959286025
2784,-0.9378477015095849
2785,-0.6632482960166949
2786,-0.2796388786744513
2787,-0.026831738356460938
2788,0.15818849663501522
2789,0.31348668993397527
2790,0.40544042832789956
2791,0.5177224971611272
2792,0.6046377314618654
2793,0.694687055788507
2794,-1.1234963871743977
2795,-0.9738013719429872
2796,-0.8277935711815253
2797,-0.40834011839227013
2798,-0.13282990678764703
2799,0.08069418479913966
2800,0.24762392569728647
2801,0.34668560686126865
2802,0.4681386453648326
2803,0.5592338903357114
2804,0.657654140300405
2993,-0.4014581559215893
2994,-0.1507480654262435
2995,0.0597810956012669
2996,0.2340043693902295
2997,0.324592561287678
2998,0.4078282955971604
2999,0.5199932857792224
3000,0.6682183329169457
3001,0.7148346994297082
3002,0.7891548727560844
3003,0.8348997938846134
3004,0.40955140130117396
3005,0.5217542129923728
3006,0.6126518815176887
3007,0.5041768671080468
3008,0.6046828123812623
3009,0.6858833586184264
3010,0.8274035093777965
3011,0.6180548039225087
3012,0.6271733371214354
3013,0.7163874872336968
3014,0.7898337271204707
3015,0.8558729601695554
3016,0.5395915481501043
3017,0.3255127641389947
3018,0.48044460229634284
3019,0.5692886864057936
3020,0.657924397206463
3021,0.8228194678375281
3022,0.5380110676013534
3023,0.41068922418536824
3024,0.5324649683298459
3025,0.6367387599545979
3026,0.7187772577133409
3027,0.8387763256086245
3028,0.10481073435306318
3029,0.12303885761738127
3030,0.24412044683385092
3031,0.4720772633490206
3032,0.6050387596612541
3033,0.48327406751047103
3034,0.29274955157377935
3035,0.4363461306936171
3036,0.6592998047743834
3037,0.5052220385425403
3038,0.5936335355615701
3039,0.7292090918629964
3040,0.0401173284143264
3041,0.08016850719844999
3042,0.2675602918958727
3043,0.5773836358624056
3044,0.6562649257343189
3045,0.3810745864918524
3046,0.6489853900126947
3047,0.8309862733870774
3048,0.6724574418638712
3049,0.5403233750471278
3050,0.7275593908853035
3051,0.842845299082428
3052,0.020911047067162958
3053,-0.060856399223300245
3054,-0.07647513740038372
3055,0.14345745458471415
3056,0.4161280258209738
3057,0.5287642305551442
3058,0.6186057247453359
3059,0.6981350888288658
3060,0.8071305126094264
3061,0.6564208083448899
3062,0.7361943649260416
3063,0.8204259010663167
3064,-0.0946489112878759
3065,0.13679467430615488
3066,0.24515340875803399
3067,0.4857241641312167
3068,0.5901612971726153
3069,0.4676649485915578
3070,0.7758486322745972
3071,0.3369550557283072
3072,0.5346118030990236
3073,0.6390073140129273
3074,0.5645649017900052
3075,0.7820797070830094
3076,0.33182015226200673
3077,0.4937311042022752
3078,0.5930129138649078
3079,0.6739120559288319
3080,0.8464496736115713
3081,-0.06971867767384435
3082,0.15881693369074312
3083,0.3370379389365897
3084,0.5178018071209585
3085,0.6220472819414382
3086,0.7003286704816538
3087,0.851043904728262
3088,-0.18772382229490292
3089,0.053439307024102004
3090,0.2529762316003874
3091,0.43755646514173074
3092,0.538343723118155
3093,0.6464441758288202
3094,0.7099263189938481
3095,0.8366629727437531
3096,0.5836150529876611
3097,0.6883583508134297
3098,0.7518589990282945
3099,0.839632380769029
3100,0.3052206385177743
3101,0.4190021671958003
3102,0.5591044830164769
3103,0.6514143137159816
3104,0.8300554717926726
3105,-0.17014375818837627
3106,0.09997535533982516
3107,0.2865987192276306
3108,0.39349051825237163
3109,0.515133411371745
3110,0.614602024867654
3111,0.8343369884982402
3112,-0.5610742780593778
3113,-0.2852920742666424
3114,-0.050492085765405204
3115,-0.13769509166827054
3116,-0.056035228707680185
3117,-0.22849634860568035
3118,0.04674652100246171
3119,0.2114821230191416
3120,0.36888694259461013
3121,0.5061088622781821
3122,0.7184502576926644
3123,-0.5889084301677086
3124,-0.3393186537446029
3125,-0.09993616269224925
3126,-0.11852556006952258
3127,0.05745045364397036
3128,-0.346100312470354
3129,-0.029617108998039154
3130,0.15206259093451518
3131,0.6503849429594797
3132,0.7198960760434538
3133,0.8052727638199091
3134,0.13661201726476954
3135,0.176139407343043
3136,0.35207718806742294
3137,0.49616608895311654
3138,0.579647800978883
3139,0.6650469833022654
3140,0.7550161390901706
3141,0.4533669135177485
3142,-0.018606734043052686
3143,0.2875586601385247
3144,0.4236657375131536
3145,0.7734003778335039
3146,0.09563274762420294
3147,0.26234024315030047
3148,0.2619065937150944
3149,0.41582134232296497
3150,0.5063687980854946
3151,0.648069483732949
3152,0.7209859153595575
3153,0.3956756799595565
3154,0.47442429400228997
3155,0.5793554878324586
3156,0.6576239173218341
3157,0.7450566704597632
3158,-0.6466585021783322
3159,-0.26600756817344273
3160,-0.011706995827540978
3161,0.17311488199462585
3162,0.3252415563536438
3163,0.4165006349688179
3164,0.5259863977726463
3165,0.6116430017218979
3166,0.7012722691760529
3167,0.5217900114282261
3168,0.6086902411631303
3169,0.7003528243480097
3170,-1.1121763442652088
3171,-0.8291774519100871
3172,-0.40824791747526057
3173,-0.13203532273142135
3174,0.08465344264350567
3175,0.2517513077077867
3176,0.3523593164562356
3177,0.4730623509539476
3178,0.562043257644468
3179,0.6608031809394119
3180,0.5574979967355966
3181,0.6586397817125258
3182,-0.45094801007204516
3183,-0.13373724272448526
3184,0.059781990273894865
3185,0.20897459922516748
3186,0.3674748835637219
3187,0.47549087855591143
3188,0.5665153518551743
3189,0.2659114493231735
3190,0.4415119177712955
3191,0.5374726441868366
3192,0.7598192985880597
3193,-0.4523635298966211
3194,-0.1315467986940543
3195,0.07442885284953485
3196,0.17485293858228818
3197,0.3862060353264044
3198,0.498048420523674
3199,0.5034239293285139
3200,0.6305975577526358
3201,0.6466905107008986
3202,0.6149639217646374
3203,0.7297190444452323
3204,-0.47387793708269926
3205,-0.12152428631751705
3206,0.0790913159587332
3207,0.12572034929787804
3208,0.28613465796913923
3209,0.5087145223364549
3210,0.4837832909026446
3211,0.6023469576573816
3212,0.721696524829123
3213,0.8064544518568199
3214,0.8840493825577826
3215,-0.4022716748358972
3216,-0.11188692047369814
3217,0.09198695079799898
3218,0.09343238455503453
3219,0.19580065214236186
3220,0.4027858020595149
3221,0.5591349915789902
3222,0.5398820674048744
3223,0.5975469341448211
3224,0.7274011582211306
3225,0.857653373550638
3226,-0.4348889246785734
3227,-0.15701170829611594
3228,0.05540162251910882
3229,0.006062829021598881
3230,0.03639968835293954
3231,0.22150670925315963
3232,0.5653638796616969
3233,0.6466495278377797
3234,0.5070966261815011
3235,0.7275980341160471
3236,0.8504302398313435
3237,-0.4950804240615669
3238,-0.21259320472796955
3239,-0.014353050692221023
3240,-0.10555240423962611
3241,-0.11762296841747685
3242,0.09811870236485246
3243,0.41346331026209265
3244,0.5220544088806415
3245,0.6251430170544752
3246,0.7155433805034535
3247,0.8091731359185569
3248,-0.4513231926661078
3249,-0.07983061240896544
3250,0.08079305786110215
3251,-0.063017039096159
3252,-0.04311873386770937
3253,0.18496938507796165
3254,0.3662638919283482
3255,0.5892272003108381
3256,0.6996598869284613
3257,0.7459727172577346
3258,0.8821336340460137
3259,-0.4496264929964399
3260,-0.13740494204125306
3261,0.06376067618369789
3262,-0.13379941456637848
3263,-0.005254955830155089
3264,0.21267639338857064
3265,0.38656977935223724
3266,0.6004333185085347
3267,0.7079577595382844
3268,0.8113600446467013
3269,0.9376152356473068
3270,-0.4265336311365877
3271,-0.11058708141203141
3272,0.08098095072355152
3273,-0.12433278999567388
3274,0.06838429651203107
3275,0.28354697062693324
3276,0.5494219269739009
3277,0.6528706802831123
3278,0.763027861388555
3279,0.8628348289171297
3280,0.9649757774597997
3281,-0.5867930955479299
3282,-0.30368257630562645
3283,-0.09185892837654658
3284,-0.26172474336212415
3285,-0.2639390098364951
3286,0.06725710176614569
3287,0.23517626250224768
3288,0.3363853779273222
3289,0.4640884391663479
3290,0.5557312667159032
3291,0.7024010599139288
3292,-0.6134361732968798
3293,-0.374053128402142
3294,-0.1484265482713394
3295,-0.24121517347874222
3296,-0.13481082963051202
3297,-0.41166228555674483
3298,-0.1220132052455075
3299,0.05355662678992952
3300,0.365623345280337
3301,0.47462588544389905
3302,0.6464330220225546
3303,-1.1585819101580448
3304,-1.14981275896047
3305,-0.9988806556884168
3306,-0.4326308440791509
3307,-0.18032004575116187
3308,-0.8960694196833449
3309,-0.46243078214027816
3310,-0.22069429333024737
3311,0.004191941355160947
3312,0.17942563420289853
3313,0.5077921374136036
3314,-1.1318004749991544
3315,-1.0851647144515777
3316,-0.8347512346832668
3317,-0.32656792919843325
3318,0.015496118429900209
3319,0.1614244443651563
3320,-1.0247786421737493
3321,-0.5449783379274858
3322,-0.2541892387800232
3323,-0.016217634123075413
3324,0.39978952708663296
3325,-1.2278001896270616
3326,-1.0551258491907736
3327,-0.5890057623423468
3328,-0.2821054698841971
3329,-0.06118481850594574
3330,0.09649440966379097
3331,0.23701800605917833
3332,0.323274616693633
3333,0.43627501756743964
3334,0.5284117570259435
3335,0.614929097413923
3336,-1.264882172113296
3337,-1.1757504794307665
3338,-0.8220405742378991
3339,-0.4503557091044113
3340,-0.1991393194930348
3341,-0.0144374984678818
3342,0.14695835892595
3343,0.24707699278620765
3344,0.36831632887041527
3345,0.46785730365907097
3346,0.5621291504949134
3347,-1.386234863102353
3348,-1.2770691972243973
3349,-1.0176568919165423
3350,-0.6103186254915023
3351,-0.32293766706657717
3352,-0.10504028964759934
3353,0.07020846345725096
3354,0.17892761651517997
3355,0.3120252392267793
3356,0.416112004040498
3357,0.5181189283609096
3358,-0.4443607880868161
3359,-0.2369163177448367
3360,-0.0253405163883002
3361,0.3808918870441104
3362,0.5269440407576732
3363,0.6327639517249598
3364,0.7134163214843441
3365,0.27559729992967646
3366,0.44048775919273886
3367,0.568363268184808
3368,0.85473898839662
3369,-0.25640632209403996
3370,0.020985664273488913
3371,0.24696698019873822
3372,0.35445432919156533
3373,0.5620221575632729
3374,0.6681273132620389
3375,0.68036005442006
3376,0.6945574331669022
3377,0.7243031608599215
3378,0.7601902895822491
3379,0.86574067781351
3380,-0.28177739829690723
3381,0.033211632614756376
3382,0.2535607690437292
3383,0.30511826560847777
3384,0.4603054976570716
3385,0.6815192291255714
3386,0.682642404351669
3387,0.7716835898385567
3388,0.8987104113549631
3389,0.9533178579857214
3390,1.0258387508344984
3391,-0.27197138000359444
3392,0.039450363010902184
3393,0.2650649905076323
3394,0.27007149909881156
3395,0.3681022389248855
3396,0.554745489519711
3397,0.7096543720528803
3398,0.7279713515776034
3399,0.8446794822190904
3400,0.9538277724589984
3401,1.0530748266812455
3402,-0.27191114049589493
3403,0.030885777120902236
3404,0.2617586940443371
3405,0.2211427184954004
3406,0.24263730633050476
3407,0.42392885331059366
3408,0.7739595531363841
3409,0.8558470315446867
3410,0.7803118363760028
3411,0.9459288758522075
3412,1.0469391483526256
3413,-0.39079576985542236
3414,-0.08279138918875928
3415,0.14557492179227877
3416,0.05859814323568702
3417,0.045830214511914436
3418,0.25798634600929427
3419,0.596305617605215
3420,0.6846819991066274
3421,0.7695426945608392
3422,0.8503962651242749
3423,0.9549435611499679
3424,-0.34084394096792714
3425,-0.05923864179422966
3426,0.18464426099214298
3427,0.045977654416163416
3428,0.10838446300735446
3429,0.33248327620102147
3430,0.5341049311437529
3431,0.6775386004520283
3432,0.7811958453664198
3433,0.7196849669943469
3434,1.0181254095924341
3435,-0.3860929349125992
3436,-0.08748236057345257
3437,0.1594489014918097
3438,-0.035853062755970944
3439,0.08333769379012149
3440,0.30600157641214604
3441,0.46406857201549845
3442,0.687788102997007
3443,0.7816835159000488
3444,0.8590672759743386
3445,0.99132999718322
3446,-0.3517657988221161
3447,-0.05603748754127402
3448,0.18097551105465398
3449,-0.018867034825867213
3450,0.1599310898423088
3451,0.36878290995847474
3452,0.6361135946759143
3453,0.7344297081249258
3454,0.8325823995659749
3455,0.8989732611790638
3456,1.0020416192939974
3457,-0.3701983462377112
3458,-0.09544751079813757
3459,0.15243195063104711
3460,0.0030241674720161704
3461,0.0049835165579242835
3462,0.33134207423571654
3463,0.48080636605840343
3464,0.5812509766670799
3465,0.7011616347186129
3466,0.779882298260479
3467,0.9365134427600172
3468,-0.3956014766216275
3469,-0.16358386824370585
3470,0.09693998142969101
3471,0.023622184921167244
3472,0.12802322243529912
3473,-0.11325451265003716
3474,0.15905221077686157
3475,0.32750594830555757
3476,0.5895682254548507
3477,0.6894385211747607
3478,0.8774934609271026
3479,-0.8609698321398859
3480,-0.636432881280665
3481,-0.3849714364027854
3482,-0.1840469351883564
3483,0.04262748940316524
3484,-0.8926723364013305
3485,-0.39941103221331775
3486,-0.1310135245727278
3487,0.11902155801486464
3488,0.2994937039375335
3489,0.7012254826605975
3490,-1.1291512492349725
3491,-0.9068183299635594
3492,-0.5831175955381036
3493,-0.0853444209837434
3494,0.3107436349966563
3495,0.4583460686846558
3496,-1.13746169320433
3497,-0.5849844716594403
3498,-0.2506767173969682
3499,0.00861965897067643
3500,0.5394675192156402
3501,-1.0202617970509231
3502,-0.7957731897697669
3503,-0.30533815853040763
3504,0.009969483099168286
3505,0.23769241718643225
3506,0.399345763117505
3507,0.523539927437844
3508,0.6032940905368978
3509,0.7029714187734535
3510,0.7782740058592152
3511,0.8642364471952793
3512,-1.1298271333193954
3513,-0.9617057270547386
3514,-0.49747278173370885
3515,-0.11838343191604883
3516,0.13453635015080836
3517,0.31080655583270295
3518,0.454280646710119
3519,0.543965602170265
3520,0.6497551342850673
3521,0.7314419664507743
3522,0.8214885929682012
3523,-1.133997114337076
3524,-0.964417794472397
3525,-0.6662241383307412
3526,-0.250287015037227
3527,0.023358043937981188
3528,0.2296352286453084
3529,0.38530907176211804
3530,0.4839279416847625
3531,0.5990715414353073
3532,0.6850621155982356
3533,0.7836845888637727
5594,-0.4048707286674029
5595,-0.07691912735580447
5596,0.15003086291967058
5597,0.3467021229769795
5598,0.4843081372308677
5599,0.6039904601709162
5600,0.7000106033715693
5601,0.786665713098615
5602,0.8588125475192987
5603,0.9223287963681293
5604,0.981482053180988
5605,-0.3957909470829353
5606,-0.04907309280723336
5607,0.18514303331857096
5608,0.3905999394512771
5609,0.539024137209167
5610,0.6599547796141976
5611,0.765123700124316
5612,0.849335186238059
5613,0.924028890733285
5614,0.9846064065779037
5615,1.0458658740549704
5616,-0.4253080285707249
5617,-0.04324289574963825
5618,0.20428295088169773
5619,0.415261545203614
5620,0.5681802558906011
5621,0.6942653530438685
5622,0.8006161002625892
5623,0.8878158951242988
5624,0.9666062924661595
5625,1.0327411303377145
5626,1.0939825699602082
5627,-0.44167473024148646
5628,-0.03517476992158379
5629,0.2201181041642853
5630,0.4422142858324319
5631,0.6032124567066762
5632,0.7396322704083329
5633,0.8454675780360854
5634,0.939061027065807
5635,1.0206618777212595
5636,1.0878310820181596
5637,1.1351732228600284
5638,-0.4799632636589187
5639,-0.0685591191714484
5640,0.1963549552133969
5641,0.43175272119063435
5642,0.6011196540926035
5643,0.7391491492158968
5644,0.8549915946389193
5645,0.9382249384049025
5646,1.0214927003544305
5647,1.0909877291676942
5648,1.1588100467902736
5649,-0.5546543174575954
5650,-0.11262549052545225
5651,0.15710753535793526
5652,0.3905375887351589
5653,0.5664955982977612
5654,0.7126321734555291
5655,0.8345563805496786
5656,0.9285437825776753
5657,1.0179659281332203
5658,1.0934181464656552
5659,1.1632640812176354
5660,-0.6944271272778042
5661,-0.2078433848985347
5662,0.08463778483633785
5663,0.33614193458292896
5664,0.5218591761002489
5665,0.6784779325150402
5666,0.8129584980837845
5667,0.9112731749416481
5668,1.0041261318293753
5669,1.0871020878336646
5670,1.1601909684452032
5671,-0.851275353843395
5672,-0.2446526945005406
5673,0.09970946519898775
5674,0.37004139926551394
5675,0.5656134822820109
5676,0.7183873573217481
5677,0.8545122775249995
5678,0.9262988237625619
5679,1.0299999048773516
5680,1.0972113116642523
5681,1.1757090865080353
5682,-1.0665554091024825
5683,-0.5113578123596716
5684,-0.1112395219318297
5685,0.18786384272006984
5686,0.4171010578941253
5687,0.594325965002938
5688,0.7427282095912406
5689,0.8307612932034654
5690,0.943939138273967
5691,1.0187227821522464
5692,1.105307650470212
5693,-1.181377171924279
5694,-0.8407271487997593
5695,-0.3772322664035159
5696,-0.02013360828652963
5697,0.24704354223270736
5698,0.4586442114488182
5699,0.6341454764377867
5700,0.7419944815058103
5701,0.8699898990643051
5702,0.9573417693685904
5703,1.0512427325501872
5704,-1.2904040349203003
5705,-1.2644340299550398
5706,-0.6999085448002443
5707,-0.2788252620365741
5708,0.046813455506098334
5709,0.2979115582315387
5710,0.49790573845701247
5711,0.6245318133048318
5712,0.7714276660523414
5713,0.8730525378422833
5714,0.9805444489071362
5715,-0.40167924804356475
5716,-0.07779697669020316
5717,0.14079235702067391
5718,0.3339152678019539
5719,0.4770883474577953
5720,0.59489430622808
5721,0.6889830922789999
5722,0.774993386033161
5723,0.850840623257468
5724,0.919551057991873
5725,0.9781469509577086
5726,-0.3936582377695255
5727,-0.0482914386148138
5728,0.17276950792420906
5729,0.3715973763299529
5730,0.519747683105063
5731,0.6396212645488173
5732,0.7404109504231673
5733,0.8281129199922884
5734,0.9089991925624167
5735,0.975168244719987
5736,1.034101154756118
5737,-0.3959591087795099
5738,-0.04660898017599469
5739,0.1903856732028071
5740,0.3924042163523914
5741,0.5488375066965606
5742,0.6739429043342305
5743,0.7777791355861342
5744,0.8669255327128514
5745,0.9485978257770684
5746,1.0187682543757373
5747,1.0802869572714084
5748,-0.38999086800829075
5749,-0.0592502680031853
5750,0.1851345071459573
5751,0.4018064427842197
5752,0.5651719950482337
5753,0.6923732708680032
5754,0.8018587755564174
5755,0.8972288734306353
5756,0.9819614513432817
5757,1.0726203853149205
5758,1.1363541246125066
5759,-0.41620424562544367
5760,-0.07755528575469153
5761,0.1736301813144834
5762,0.39873748402975207
5763,0.571410602833325
5764,0.7083199258667527
5765,0.82501078209535
5766,0.9102259869223909
5767,0.9975269451005483
5768,1.0744270331263404
5769,1.1408933809068942
5770,-0.4759693653614912
5771,-0.07410124672184248
5772,0.19211044558465723
5773,0.4162094407900634
5774,0.5940789157469103
5775,0.7388782443868118
5776,0.8610224025760301
5777,0.9590094053688781
5778,1.0509736507873213
5779,1.1315429005474156
5780,1.2209247186624566
5781,-0.5578161083954286
5782,-0.1159485910838407
5783,0.16552685517266125
5784,0.40496193777770106
5785,0.5979998283750111
5786,0.7512531668541577
5787,0.8829021870225959
5788,0.9868387410354266
5789,1.0770819719829947
5790,1.1621242581547597
5791,1.2350948225264111
5792,-0.8924277855162464
5793,-0.310261044141122
5794,0.01931978734252912
5795,0.2601948697322269
5796,0.4438648801955375
5797,0.5830683405517813
5798,0.7208680060744048
5799,0.7972733363457437
5800,0.9045186382382112
5801,0.9881966883004559
5802,1.0668995823290515
5803,-1.0767755872278526
5804,-0.5847667874537521
5805,-0.173678392594401
5806,0.09071093917795141
5807,0.3023415932054593
5808,0.46587725393939283
5809,0.6180708128071482
5810,0.7106687621734482
5811,0.8244468850419915
5812,0.9169299484332828
5813,1.0031618697009874
5814,-1.1214573146764135
5815,-0.8842085875367769
5816,-0.4369863602414579
5817,-0.11546275610343765
5818,0.1377505695113271
5819,0.33126366328071294
5820,0.5109175940943023
5821,0.6222967726502915
5822,0.752183165860147
5823,0.8552230220042029
5824,0.9485520332266648
5825,-1.50584150089935
5826,-1.2782274077469724
5827,-0.736296692822183
5828,-0.350244847520911
5829,-0.049074399489226546
5830,0.1791294804676637
5831,0.379521393118023
5832,0.5111683802597038
5833,0.6587259067574127
5834,0.776497058216456
5835,0.8820760946061347
5836,-0.2230907631592142
5837,0.0738699615405776
5838,0.3145207668562361
5839,0.5155649578626801
5840,0.6581762463346527
5841,0.7716900045045111
5842,0.8556426456828075
5843,0.9420871050451717
5844,1.008385469645403
5845,1.0698058577251188
5846,1.1307795280177235
5847,-0.23137070712323998
5848,0.10909362728444823
5849,0.3486613792880411
5850,0.567521104503429
5851,0.7082178933834666
5852,0.8343500910491358
5853,0.9264326646800151
5854,1.0132144452044343
5855,1.0679265382185021
5856,1.1420460880523333
5857,1.2040354487740619
5858,-0.2672416522054818
5859,0.09165666039639962
5860,0.3547788019717396
5861,0.5673303845683335
5862,0.7233779960835571
5863,0.846622653165109
5864,0.9410141432364896
5865,1.0218334735282757
5866,1.092516783152453
5867,1.1573934185493078
5868,1.220678480062508
5869,-0.30568020383989447
5870,0.0633595472168468
5871,0.33446679189857115
5872,0.5578615602221423
5873,0.7208199508107043
5874,0.8487797254976881
5875,0.9485569134422766
5876,1.0263168268568363
5877,1.1021156326213166
5878,1.1714866994589965
5879,1.2374650280787838
5880,-0.4027677897811178
5881,-0.022154492804489778
5882,0.26236694498800855
5883,0.5037472333299117
5884,0.6752633320834167
5885,0.8086832408275054
5886,0.9152523050375697
5887,0.9962494574833607
5888,1.0736873932855382
5889,1.1250387713732248
5890,1.1934806243723555
5891,-0.4187141501587085
5892,0.019248066451153678
5893,0.32797537522428327
5894,0.5505123833555472
5895,0.7403368839723831
5896,0.8835666569675571
5897,0.9962595047376716
5898,1.1061923468698114
5899,1.1827890740769087
5900,1.2641049284836747
5901,1.32400081649883
5902,-0.550639692968261
5903,-0.08334392638040927
5904,0.25744281287547977
5905,0.515860183728811
5906,0.710315455922363
5907,0.8712075998341271
5908,0.9927351457381555
5909,1.0850741912374071
5910,1.1758216863817348
5911,1.2184253199778243
5912,1.2897866588680158
5913,-0.7703220915858031
5914,-0.21932895255115126
5915,0.16642511935414808
5916,0.4504147749746418
5917,0.6562545131469693
5918,0.8120163491494291
5919,0.9375378744697271
5920,1.013758731035428
5921,1.114021541127032
5922,1.1769927413630776
5923,1.2576175673635177
5924,-0.9864409552068876
5925,-0.44621382287986444
5926,-0.006935871285253692
5927,0.30268275569799147
5928,0.5413410855600747
5929,0.7153594101669343
5930,0.8587795887437462
5931,0.9527326905681346
5932,1.062136003648016
5933,1.1331917401208853
5934,1.2213334184958036
5935,-1.008375830614274
5936,-0.7531620223256541
5937,-0.25058202884194897
5938,0.11366176226572369
5939,0.38648917057158994
5940,0.5909693452920803
5941,0.7588649504987239
5942,0.8700956978038404
5943,0.9905663145811204
5944,1.0753288167126063
5945,1.1710072539912637
5946,-1.076357160538664
5947,-1.1341105142779595
5948,-0.5458961294957965
5949,-0.12385322825859979
5950,0.1978454744289383
5951,0.44227920835562357
5952,0.6296781905856597
5953,0.7612240983274351
5954,0.9016490429142927
5955,0.999287507647416
5956,1.1064098170278729
5957,-0.0271197277521008
5958,0.1529226674268834
5959,0.2987256078312039
5960,0.4181360862185886
5961,0.4506071071998294
5962,0.5406506644980886
5963,0.5756269689748293
5964,0.6229044080789949
5965,0.6621558794726544
5966,0.7096234958336742
5967,0.7954736810771865
5968,0.18045120977298157
5969,0.4129217091449562
5970,0.6337656331940356
5971,0.7974766930428534
5972,0.893960274429997
5973,0.9477427561619589
5974,1.0008295759250676
5975,1.0435615420123345
5976,1.0930732565832713
5977,1.1511398428845965
5978,1.209946569547141
5979,0.14421207726448015
5980,0.4153602583524414
5981,0.6511397838852777
5982,0.8195472312821316
5983,0.924293768874042
5984,0.9586182569346189
5985,1.0061595606761078
5986,1.03449604106217
5987,1.0573670119557999
5988,1.1183929860633146
5989,1.1799382505845422
5990,0.11260911902676995
5991,0.3996572838483633
5992,0.6493485385406537
5993,0.8342277698169226
5994,0.9414981751553031
5995,0.9820079753341864
5996,1.0234931659136537
5997,1.0538774953910572
5998,1.1087925309981783
5999,1.1789687289493946
6000,1.244076202730593
6001,0.08454034677613192
6002,0.3816950273540112
6003,0.6402863190774946
6004,0.838796812715879
6005,0.9585514966933204
6006,1.0043460408077127
6007,1.0588276341126637
6008,1.0888087651578766
6009,1.1124832744276103
6010,1.1846813125760765
6011,1.2512639590377082
6012,-0.029915116591917257
6013,0.3017531498227206
6014,0.588711633495355
6015,0.7863905263175779
6016,0.9201214924787309
6017,0.9739294903285507
6018,1.034235622222241
6019,1.085382650092892
6020,1.1622669510341268
6021,1.2185094095295093
6022,1.301920427315825
6023,-0.08375476776243751
6024,0.2890382001491415
6025,0.5919492632926467
6026,0.8156593857222313
6027,0.966777139215271
6028,1.0645555163669245
6029,1.157120609484746
6030,1.2107690580881785
6031,1.2620253816571338
6032,1.3234844145615416
6033,1.396151544718998
6034,-0.30374782767546993
6035,0.2148143055305725
6036,0.5519295482037089
6037,0.7947566064731527
6038,0.9655097200504167
6039,1.0773270772647994
6040,1.1776957168030315
6041,1.2195487617474308
6042,1.2795072132931522
6043,1.3276186877276657
6044,1.4067362881516514
6045,-0.5293540062483784
6046,-0.06295555272462339
6047,0.33325194839212263
6048,0.6070117865035674
6049,0.8015175683740202
6050,0.9354286179364201
6051,1.0629734769495762
6052,1.1170767390595195
6053,1.1870432994705737
6054,1.2449302593899731
6055,1.3307268085107262
6056,-0.1615494093917069
6057,-0.37574926146716914
6058,0.08019207080489765
6059,0.4057119246133257
6060,0.6380762333483053
6061,0.8052949149914369
6062,0.9559232350379464
6063,1.0331640431762756
6064,1.1171247489937033
6065,1.1839971143313153
6066,1.2792750710219694
6067,-0.5887563303950418
6068,-0.7651126386546075
6069,-0.22481992998298717
6070,0.1659848714790751
6071,0.4512757394701101
6072,0.6498686637539389
6073,0.8271126949746224
6074,0.9215675077170252
6075,1.02504687240854
6076,1.106558760233059
6077,1.212347895227653
6078,-0.7522734621741846
6079,-0.5438584568044774
6080,-0.5358557739033064
6081,-0.08406808756946094
6082,0.25435677158615344
6083,0.4952710569586593
6084,0.6974172405357579
6085,0.8184277857497748
6086,0.9382688290121803
6087,1.0342754702983064
6088,1.1485363066039356
6392,0.0521218421250592
6393,0.2246289518146819
6394,0.3687551867765692
6395,0.4952902107734819
6396,0.5291197685598164
6397,0.6126262168950027
6398,0.6830572403503018
6399,0.7344139396176016
6400,0.7991120392977985
6401,0.8382284571631841
6402,0.9218081970311516
6403,0.10730268751135075
6404,0.34179930361888927
6405,0.5663294399870222
6406,0.7348779263258378
6407,0.8370323494000701
6408,0.9039393149607509
6409,0.9577456471197598
6410,0.9910650800888762
6411,1.0347271271476093
6412,1.0994309937848141
6413,1.161077284417693
6414,0.059083285703963984
6415,0.3310788620871691
6416,0.5701763565035141
6417,0.742698533298658
6418,0.8541118844325184
6419,0.896481218126999
6420,0.9327540799711205
6421,0.9581621685766569
6422,0.984763116191558
6423,1.0501534381847366
6424,1.1148223672211277
6425,0.039372275567563286
6426,0.3063344846102954
6427,0.5800892920917258
6428,0.7448709753746111
6429,0.8634131828387579
6430,0.9107657427292744
6431,0.9533353454400446
6432,0.9821161082314367
6433,1.0240888446667513
6434,1.0962055951031515
6435,1.160110924140488
6436,0.013250185882852428
6437,0.31187122153888225
6438,0.5743100396657685
6439,0.754327822463683
6440,0.8812328290079754
6441,0.934076743540964
6442,0.9996188826213117
6443,1.0295251333017212
6444,1.0686358849811328
6445,1.1411896186842003
6446,1.208476192826965
6447,-0.06502077855428756
6448,0.26273482888030525
6449,0.546731682290512
6450,0.7455370159070074
6451,0.8852660295461969
6452,0.9480332007387238
6453,0.9943255485840279
6454,1.0386280868684656
6455,1.1277196242007224
6456,1.1783835061385284
6457,1.2480096047798803
6458,-0.17707076395830246
6459,0.18536200305607525
6460,0.4830986019359261
6461,0.7059673633849461
6462,0.8663077843395872
6463,0.9747562376080843
6464,1.075646904021078
6465,1.1320612872173341
6466,1.1824370427326536
6467,1.242786425706508
6468,1.3142745483832017
6469,-0.508966553220753
6470,0.13584794611723783
6471,0.33020950598026544
6472,0.5722100813724642
6473,0.8873107916784245
6474,0.9930744149183054
6475,1.1110322376929551
6476,1.1471285214916518
6477,1.2040128132833199
6478,1.2460810706650058
6479,1.3247954804259048
6480,-0.5767802826577061
6481,-0.1550575539698743
6482,0.26878593452280963
6483,0.5389595682630745
6484,0.7370551697873136
6485,0.8686768013686621
6486,1.0014248004438384
6487,1.0517834891617275
6488,1.113053200399944
6489,1.1655048465230495
6490,1.2519329247072524
6491,-0.2029927260035343
6492,-0.4398599503959917
6493,0.015616528018469245
6494,0.3367419202910382
6495,0.5761728220416075
6496,0.7350601039954632
6497,0.8925213467376762
6498,0.963798923673482
6499,1.041248017611451
6500,1.1039535859070457
6501,1.1969746942315997
6502,-0.6341523619048186
6503,-0.8460363285055666
6504,-0.3016894183411053
6505,0.0921721199771599
6506,0.3797838239353917
6507,0.5780955426659873
6508,0.7551492567554888
6509,0.8472166236514929
6510,0.9439746358100877
6511,1.0206520826319398
6512,1.1266155401926121
6513,-0.7755703071406798
6514,-0.5781890595441151
6515,-0.6262411820631467
6516,-0.16553196571914996
6517,0.17920416862341382
6518,0.4156147541033605
6519,0.6260076794947529
6520,0.7409721208198632
6521,0.8550511754180035
6522,0.9456650810750922
6523,1.0616999703437981
6524,-0.0796964226554181
6525,0.0442156132126103
6526,0.2682197622045751
6527,0.4118324415078838
6528,0.4449587365473555
6529,0.5390832054575365
6530,0.6279838414184249
6531,0.782260211478074
6532,0.8313062396110157
6533,0.8593773383803206
6534,0.942957078248288
6535,-0.0430958403771472
6536,0.24137532093559455
6537,0.4716855399556532
6538,0.6682517005909945
6539,0.7826700133494844
6540,0.8587094445145698
6541,0.9142392819759432
6542,0.9473995425706128
6543,1.0011165592676674
6544,1.0618623622325494
6545,1.1212797440695645
6546,-0.07880983354285886
6547,0.24262011814294315
6548,0.4884199618641168
6549,0.6887544834528967
6550,0.811349768920134
6551,0.8905240836334745
6552,0.9371744236789323
6553,0.9685995883654583
6554,1.01055981113648
6555,1.0756382251771548
6556,1.1363653420115727
6557,-0.1365720105990677
6558,0.20196506282749352
6559,0.458583057852612
6560,0.6755244839496497
6561,0.8020905492363797
6562,0.8893657440602655
6563,0.9404642284657274
6564,0.9826012502371106
6565,1.0681934873213232
6566,1.1391123118769997
6567,1.2020680159892756
6568,-0.1546207420211399
6569,0.19332518811172622
6570,0.46377898333688894
6571,0.6937423888862697
6572,0.8336112950665264
6573,0.9265786970484535
6574,0.9970165150849415
6575,1.042691401152821
6576,1.090300625807966
6577,1.163011629096833
6578,1.2289118680728899
6579,-0.2811152203433622
6580,0.10386235380293801
6581,0.3981271308839623
6582,0.6541525417462877
6583,0.7825601062019093
6584,0.9039583021407456
6585,0.9800817409301052
6586,1.0380815868285127
6587,1.1075528690838152
6588,1.1774504535086223
6589,1.246541090271823
6590,-0.3848958005174911
6591,0.029360191488485343
6592,0.34254200755592434
6593,0.5838567372361652
6594,0.7508047691675889
6595,0.875335796325703
6596,0.9778577253987429
6597,1.0526922433321917
6598,1.1250440551782142
6599,1.2040607933896532
6600,1.2762396482884188
6601,-0.5654593898215252
6602,-0.014019305772413448
6603,0.33706487931191775
6604,0.5992777871513951
6605,0.7778866451336135
6606,0.9013810912620619
6607,0.8728650483125919
6608,0.9271136656749646
6609,0.9841606422365802
6610,1.0454846205380774
6611,1.1238552405627749
6612,-0.8079890810286119
6613,-0.310829334077208
6614,0.10442476321253863
6615,0.4032654862031281
6616,0.6158725346218581
6617,0.7634018040080333
6618,0.8997159326391586
6619,0.9707219381150731
6620,1.0626232867046892
6621,1.1330127542292832
6622,1.2230005790854017
6623,-0.6957896845076194
6624,-0.6228334669146702
6625,-0.14738870443487256
6626,0.20305909892358412
6627,0.453388332105247
6628,0.6326491572101665
6629,0.7963927965821508
6630,0.8853508853661869
6631,0.9924386906548912
6632,1.0757862031004681
6633,1.169261011670407
6634,-0.7786685855835426
6635,-1.0099609190960925
6636,-0.4476672306211628
6637,-0.03769994501862778
6638,0.2641782472131078
6639,0.48317447427840177
6640,0.6649061373012799
6641,0.7755845749934202
6642,0.8992970997607292
6643,0.9975385754121743
6644,1.1044372538566227
6645,-0.9815541661996232
6646,-0.8253131289846509
6647,-0.7568186569698356
6648,-0.2836497307321671
6649,0.07028481662052677
6650,0.3209890395377079
6651,0.5342823668717467
6652,0.6704107687741905
6653,0.8105881050133409
6654,0.9214802263396479
6655,1.0386384616474866
6656,-0.3999781988606655
6657,-0.07956543219241044
6658,0.15465129105194136
6659,0.35674592081984385
6660,0.5008378398606799
6661,0.6209537556418998
6662,0.7240242007146372
6663,0.8087303999316976
6664,0.88677368259263
6665,0.9512702092097789
6666,1.0168651136928346
6667,-0.3845582482368335
6668,-0.043829323895011964
6669,0.19259115966726575
6670,0.40230390670152844
6671,0.5505682294410623
6672,0.6761466082057883
6673,0.782451581603678
6674,0.879884347340683
6675,0.9605955095012318
6676,1.0251676426403935
6677,1.0861566800824536
6678,-0.4260248385942758
6679,-0.052174357846261205
6680,0.20249850913433756
6681,0.4149026872043081
6682,0.5733836348556413
6683,0.7016882179162457
6684,0.8089677727135316
6685,0.892447989149239
6686,1.0128654230684853
6687,1.0809699181490857
6688,1.14689909262007
6689,-0.4563820353542382
6690,-0.06651499578669101
6691,0.1927195114431143
6692,0.41958594050360193
6693,0.570842083042669
6694,0.706387853483527
6695,0.8191959047502397
6696,0.8985596452296978
6697,0.9828382953453789
6698,1.0819126547648192
6699,1.1496412297851335
6700,-0.5338753827542427
6701,-0.1445974708124761
6702,0.12037008378715776
6703,0.35368560885601663
6704,0.523177112280248
6705,0.6640531523911093
6706,0.7947891492283568
6707,0.8631606503276789
6708,0.9238976165458025
6709,0.980232527185316
6710,1.036223063838625
6711,-0.5604421030418123
6712,-0.10538888873836681
6713,0.16861867158361796
6714,0.40707645546033294
6715,0.5825166218825373
6716,0.7245047929438144
6717,0.8499395859721645
6718,0.9377454650391904
6719,1.0216741082471348
6720,1.1050516800571752
6721,1.1535190290117792
6722,-0.704239832731516
6723,-0.22310572074774182
6724,0.08276330032971818
6725,0.33486848639421574
6726,0.5414102377089405
6727,0.7268428768093972
6728,0.8581878275181839
6729,0.9490491263738662
6730,1.0466044452381245
6731,1.093461676908506
6732,1.1886132491492165
6733,-0.9232182444257775
6734,-0.3210536248502712
6735,0.0270264537699694
6736,0.30521078166570653
6737,0.5097216300192366
6738,0.6623767764106182
6739,0.8008419544727022
6740,0.8736867696512094
6741,0.978770033436805
6742,1.0441953174868033
6743,1.1245502323802596
6744,-1.0925010556927526
6745,-0.5336832693043774
6746,-0.1313878261296045
6747,0.17277506581201504
6748,0.402242921683105
6749,0.5782514169996957
6750,0.728294126073477
6751,0.8169190832628281
6752,0.9303923748085761
6753,1.0036275661507383
6754,1.09022823684066
6755,-0.9644871411625944
6756,-0.837529741090896
6757,-0.37156319736207244
6758,-0.017742664846193718
6759,0.24786709011142027
6760,0.4530093725310682
6761,0.6297350067743789
6762,0.73368815424926
6763,0.8613269333726067
6764,0.9445476015652707
6765,1.0383517311414723
6839,-0.2114713153739041
6840,-0.046239408952049
6841,0.0750287532312316
6842,0.1788389008910702
6843,0.2351932083042017
6844,0.7216581867389033
6845,0.7637402808015337
6846,0.7365929239415994
6847,0.5873596775996431
6848,0.4985348454156515
6849,0.6821420923936723
6850,0.07013297569285915
6851,0.27174763075804875
6852,0.48172332410855967
6853,0.558253696549583
6854,0.7099038428772116
6855,0.7660695682403615
6856,0.8058390048426938
6857,0.8057828935256501
6858,0.8738843710128669
6859,0.8799559376453083
6860,0.9120366622916626
6861,0.05124562405874045
6862,0.28281493014757375
6863,0.4924055402466933
6864,0.5090947125954693
6865,0.6314235150503604
6866,0.7618701333357549
6867,0.6359347339661194
6868,0.7101971098144642
6869,0.7782016146963139
6870,0.8592601040556468
6871,0.9469822801944422
6872,0.060824169910363435
6873,0.3033768708661267
6874,0.5131699001398635
6875,0.4812869187855059
6876,0.5406072797820949
6877,0.6556680770287355
6878,0.7549892577842143
6879,0.687031138908421
6880,0.7275804952005981
6881,0.8280566458206603
6882,0.9528193735281205
6883,-0.010870884811734316
6884,0.21982890226481322
6885,0.43751711124409615
6886,0.3539030020615549
6887,0.33691619134005557
6888,0.4373152130008177
6889,0.724900284161679
6890,0.7425770322280038
6891,0.6342372306569407
6892,0.7790240276861153
6893,0.9062709757666565
6894,-0.08890657445048578
6895,0.14661040207012158
6896,0.36224511038595475
6897,0.23852993647353335
6898,0.17944500484319612
6899,0.3066159147774603
6900,0.5752013701291411
6901,0.6422658915245965
6902,0.6956426393701391
6903,0.7735822593623792
6904,0.8672346206643323
6905,-0.04099843327690594
6906,0.1953573735927867
6907,0.42388439172955716
6908,0.2432121355165768
6909,0.2182814246899568
6910,0.353570427072558
6911,0.5012278542120631
6912,0.7162737363421363
6913,0.755773505666283
6914,0.7035100589283637
6915,0.9717536603679052
6916,-0.026297214229808796
6917,0.1992830232051987
6918,0.4238279523635208
6919,0.19529205533968647
6920,0.28577048120958237
6921,0.4539064950638876
6922,0.6051321384539748
6923,0.7777447521230745
6924,0.8281927020089459
6925,0.8980806428725691
6926,1.0272324921146785
6927,-0.025806074199005047
6928,0.19391536481964983
6929,0.4125063589765041
6930,0.1818769836212843
6931,0.32648421432645697
6932,0.4989398215604974
6933,0.766657999387568
6934,0.8228135768094706
6935,0.8805687811323595
6936,0.9162631606856264
6937,1.0201109222585163
6938,-0.05424811614872471
6939,0.15435811602927269
6940,0.3741409222297096
6941,0.18790521645980346
6942,0.16156452429102114
6943,0.43937235050144163
6944,0.598245506938718
6945,0.6585641256181096
6946,0.7316756259610354
6947,0.7995694270864451
6948,0.953651630706984
6949,-0.07930422380635904
6950,0.08428072786039537
6951,0.31899374890797816
6952,0.20831346298844805
6953,0.2790789100637595
6954,0.00014116902923039243
6955,0.2683472959703553
6956,0.40207226833547227
6957,0.6253945396489956
6958,0.7033259064056986
6959,0.8963672529804351
6960,-0.4344175354527964
6961,-0.2289556579062869
6962,-0.0163476050610151
6963,0.00428925619547138
6964,0.2084277307021472
6965,-0.7334732531289205
6966,-0.24903023353291925
6967,-0.032763921765458615
6968,0.21661570010917075
6969,0.3395803073515933
6970,0.7325139304167585
6971,-0.619614736049304
6972,-0.3947727529988603
6973,-0.1085541109330871
6974,0.0974531683857145
6975,0.4643017728448944
6976,0.5730461796190549
6977,-0.9753416678721332
6978,-0.4520981916451858
6979,-0.16221907541376995
6980,0.07629312969110538
6981,0.57359929092152
6982,-0.7064677262425872
6983,-0.5338264048765315
6984,-0.07332580321194226
6985,0.2026949243080972
6986,0.3985446331976532
6987,0.5201125750997415
6988,0.6385336735475604
6989,0.6822280293648941
6990,0.740408800240729
6991,0.7958961014631208
6992,0.8825917165246333
6993,-0.8303284241323832
6994,-0.6524409474139133
6995,-0.2742997448262251
6996,0.0687735620256833
6997,0.28971498719256983
6998,0.4275115700333225
6999,0.5644464466233736
7000,0.6203352059420889
7001,0.6828145439805153
7002,0.7469726243519552
7003,0.8367585951725806
7004,-0.992057508721561
7005,-0.8661421346221143
7006,-0.4390673378494072
7007,-0.05998043126134778
7008,0.17960652106088032
7009,0.3482857726900277
7010,0.4977514351535394
7011,0.5609131900036259
7012,0.633821744176727
7013,0.7010641820220754
7014,0.7998845601132797
7015,-0.08489253681153691
7016,0.16002375899594037
7017,0.3620540297414637
7018,0.5057156504732849
7019,0.6290933829451477
7020,0.7002356528967644
7021,0.7445400753520506
7022,0.43335096104635434
7023,0.5678694657991626
7024,0.6768394099497498
7025,0.879691152267647
7026,-0.08034024243759669
7027,0.17048757626230135
7028,0.3912745988943383
7029,0.4679569066976346
7030,0.6318396327838512
7031,0.7282210574732506
7032,0.357345658980238
7033,0.48925450229646594
7034,0.6103003644210344
7035,0.7027443018202492
7036,0.8837260700966444
7037,-0.11098951280673397
7038,0.18126061407787394
7039,0.39093792311736286
7040,0.4154762090952301
7041,0.5252845313397334
7042,0.7217429100241787
7043,0.7688424879590536
7044,0.515253014202417
7045,0.43582138520400115
7046,0.4506787136994411
7047,0.6834752084265258
7048,-0.10515771159789972
7049,0.15629960377571234
7050,0.37631103781999603
7051,0.33462037427061586
7052,0.3882726304383953
7053,0.5131946572685336
7054,0.6567999345236912
7055,0.710283849932904
7056,0.4988554887782439
7057,0.6009286889367091
7058,0.8273215218798166
7059,-0.1270825427586389
7060,0.1526278521248085
7061,0.373714245137082
7062,0.30837542193259593
7063,0.27661305602870034
7064,0.42120699339292444
7065,0.7948116698287537
7066,0.7566384340177941
7067,0.7514149131802756
7068,0.7683161819827987
7069,0.906146352440463
7070,-0.23510270726488214
7071,0.055067868742218945
7072,0.27497823952044714
7073,0.16161642294
7074,0.11944961451616254
7075,0.2952412590852028
7076,0.6644205360012368
7077,0.689202130458425
7078,0.7493381151895427
7079,0.7633213098980443
7080,0.8023427098174468
7081,-0.17798007082215367
7082,0.11280483359150362
7083,0.352303768774286
7084,0.18424072176578088
7085,0.1703189476876859
7086,0.357829528894953
7087,0.624878192095605
7088,0.7803282245078491
7089,0.8630684822822287
7090,0.9091936607431886
7091,1.017210482773943
7092,-0.23032156998092407
7093,0.04334999903356146
7094,0.2763110898094124
7095,0.058772717147771214
7096,0.1813418809617682
7097,0.3756888007882606
7098,0.5230674911677939
7099,0.7583162100616607
7100,0.8245132712022322
7101,0.9060040604155264
7102,1.0058882458411935
7103,-0.21524859786332878
7104,0.05136527729757345
7105,0.2770874773277903
7106,0.06104492897107866
7107,0.19803473073257688
7108,0.3882768818556917
7109,0.6820988210357437
7110,0.7395720741502503
7111,0.8198631686541813
7112,0.888608188919938
7113,0.9808554490188415
7114,-0.23844474229866652
7115,0.010675069203754828
7116,0.24134295660628932
7117,0.07265773793688307
7118,0.058212266904275334
7119,0.37176100009240376
7120,0.5252866927762957
7121,0.6052427033512443
7122,0.7091725063388977
7123,0.7925031724378883
7124,0.9309776860312747
7125,-0.26099939026601937
7126,-0.05279821493497944
7127,0.19122002704618693
7128,0.09147923664585034
7129,0.166390580808765
7130,-0.08949815760232915
7131,0.177793174841932
7132,0.32669693241192777
7133,0.5812882950170044
7134,0.6819959937385758
7135,0.865900341523329
7136,-0.641686393774351
7137,-0.4743522344846985
7138,-0.1808119982211006
7139,-0.11606057175411583
7140,0.0785468236309092
7141,-0.8604689069034779
7142,-0.36795256479995697
7143,-0.11388992243449012
7144,0.1353459027907046
7145,0.327431894863738
7146,0.7050527528309317
7147,-0.6381688414395348
7148,-0.5151292364283154
7149,-0.1512261056694194
7150,-0.020385454007903092
7151,0.35797018359377764
7152,0.48255950917095725
7153,-1.127523911233167
7154,-0.5109910677230282
7155,-0.21391124425087624
7156,0.04484360194837844
7157,0.5493792774514897
7158,-0.8026466445690607
7159,-0.6248036686777307
7160,-0.2748908891554246
7161,0.0800533264412589
7162,0.293255460722476
7163,0.4284344741936703
7164,0.547792330170642
7165,0.6076545298186466
7166,0.6918615074842096
7167,0.7656615266495332
7168,0.8495400550918106
7169,-0.96855271496073
7170,-0.8398214499774657
7171,-0.3987732121564978
7172,-0.04227431605153242
7173,0.1850009541821847
7174,0.33720691704952177
7175,0.47413919749701744
7176,0.5453659823926545
7177,0.6332787344718736
7178,0.715186658166086
7179,0.8051016393700938
7180,-0.9764516898351876
7181,-0.8438986304556758
7182,-0.5717267696438273
7183,-0.1756068569158225
7184,0.06978496105348986
7185,0.25422962254995857
7186,0.40175795304214623
7187,0.4832782359755834
7188,0.5821072808586486
7189,0.6679091361676297
7190,0.7670704370105041
7246,-0.2949113437854802
7247,-0.1064636680138818
7248,0.1236564105777673
7249,0.2536173870105377
7250,0.3448285504015974
7251,0.4688466874916904
7252,0.5790717123059078
7253,0.6919707989038333
7254,0.7331601501719668
7255,0.7643694871360702
7256,0.7426037097854078
7257,-0.42352702216922683
7258,-0.12287374441628973
7259,0.08895720755217722
7260,0.2138743780805047
7261,0.4032600532508172
7262,0.5169138638703719
7263,0.607995362772276
7264,0.5584908593356885
7265,0.6669816169787027
7266,0.7549482906601305
7267,0.8528273066871066
7268,-0.444664887002176
7269,-0.10742405897900908
7270,0.09764238530307326
7271,0.16192320091094753
7272,0.33387148118633686
7273,0.5314894910353762
7274,0.42054983689905007
7275,0.5367160826660577
7276,0.6484966218898105
7277,0.7366182708062211
7278,0.8538864095144194
7279,-0.4608884221473439
7280,-0.11890181143657261
7281,0.09297648929768525
7282,0.10357718286823972
7283,0.20745480149620693
7284,0.4218332831229957
7285,0.5719884288165711
7286,0.5070458639016088
7287,0.4931549047773276
7288,0.666384441761819
7289,0.8022131081317441
7290,-0.4784784844625049
7291,-0.1496073917218664
7292,0.07151771210031871
7293,0.02689541461204875
7294,0.05761216276368841
7295,0.24080925865299696
7296,0.5801692371993389
7297,0.6605196199430837
7298,0.502459316667826
7299,0.7125017573727711
7300,0.8539971280456724
7301,-0.535723480250742
7302,-0.20268414303867507
7303,0.011935334483992324
7304,-0.07759943345707138
7305,-0.08706247279093207
7306,0.13089402049760787
7307,0.44005798708280747
7308,0.5501995557902721
7309,0.6410719636973838
7310,0.7242361544427767
7311,0.8229000391375325
7312,-0.5207898924161007
7313,-0.1853747980806133
7314,0.02228423574023284
7315,-0.11365964687315593
7316,-0.09759743910805739
7317,0.13310877590383946
7318,0.29494210652654945
7319,0.5160910961879902
7320,0.6278392708892657
7321,0.5216717575769014
7322,0.7959320941837488
7323,-0.5495558906695541
7324,-0.2141410311332833
7325,-0.0028441927935159844
7326,-0.19285167226004502
7327,-0.0726729304722307
7328,0.1591670523892686
7329,0.3281390072532408
7330,0.5324587571853059
7331,0.639933753434853
7332,0.7319132414067527
7333,0.8609701740545553
7334,-0.5043694716558361
7335,-0.17360315691057832
7336,0.020946245637740016
7337,-0.16351176562118316
7338,0.02167398779370258
7339,0.23171422191905486
7340,0.5009429086284509
7341,0.6003400319338893
7342,0.7056484469831223
7343,0.7720361284190804
7344,0.8751823888816286
7345,-0.5444625663812833
7346,-0.23164464114649339
7347,-0.012021274149352695
7348,-0.15785185491599363
7349,-0.15543047413972402
7350,0.1713435658270971
7351,0.3401693193619407
7352,0.44497023529025287
7353,0.5632690109834417
7354,0.6524325562828113
7355,0.8054529314128898
7356,-0.5684651762686623
7357,-0.29839620235537945
7358,-0.06576074146987451
7359,-0.1385849412054444
7360,-0.040225467195157544
7361,-0.2590698335415397
7362,0.021182216288072098
7363,0.19210227615812997
7364,0.44465454185981873
7365,0.5465049463482292
7366,0.7426897450364771
7367,-0.8671213654489626
7368,-0.6673170264353813
7369,-0.401139427054612
7370,-0.34541186655876466
7371,-0.1162581119445226
7372,-1.017016434211917
7373,-0.5511516926746307
7374,-0.2669679077318268
7375,-0.022633373265780493
7376,0.17206302364734627
7377,0.5685397147939413
7378,-1.013814444606837
7379,-0.804806486529121
7380,-0.4645405107342648
7381,-0.24135185705183698
7382,0.14795581156627682
7383,0.3037773923463357
7384,-1.2295858137498519
7385,-0.6395893382313496
7386,-0.3423930587128425
7387,-0.08556487814123104
7388,0.42470210261468677
7389,-0.9686493673117336
7390,-0.9416645095097361
7391,-0.4742431290571253
7392,-0.15401781455801433
7393,0.07585187526297647
7394,0.24250623569119845
7395,0.3833713365993997
7396,0.4619524259191676
7397,0.568468887972519
7398,0.6474969805356485
7399,0.7339753835494207
7400,-1.0812364959286025
7401,-0.9546686552236426
7402,-0.6634375532986015
7403,-0.283639091123115
7404,-0.028477533882692307
7405,0.15625185985966536
7406,0.3112039874980388
7407,0.4026876787268199
7408,0.5137235676819449
7409,0.6013457984289516
7410,0.6909688462173176
7411,-1.1234963871743977
7412,-0.9738013719429872
7413,-0.8334649780487099
7414,-0.41341302293589033
7415,-0.1365429381201478
7416,0.07446672978504304
7417,0.24332698124064178
7418,0.3436193572022532
7419,0.4650179452730143
7420,0.5546152312810846
7421,0.6533270910512696
7475,-0.4291275574593139
7476,-0.2537575606190281
7477,-0.1436950843129368
7478,-0.0641545669465138
7479,-0.0376288826955315
7480,0.0378820087654936
7481,0.1434186490202526
7482,0.2342114250017686
7483,0.2929385546928199
7484,0.3202212523329302
7485,0.3766272599256291
7486,-0.2904881934652257
7487,-0.115117579955345
7488,0.001978146417081
7489,0.5953295267014431
7490,0.6847760517297342
7491,0.738116257868984
7492,0.7823295591755075
7493,0.32175609248998427
7494,0.4614770608836134
7495,0.5700430412400587
7496,0.8540819677135976
7497,0.14498337872861095
7498,0.34477450748638955
7499,0.5467927121027069
7500,0.6103964984540128
7501,0.7613026406310348
7502,0.8046706057690207
7503,0.8476309769537302
7504,0.8650787500637223
7505,0.8877516992431919
7506,0.8542944764254479
7507,0.9444158720776628
7508,0.11499593258673924
7509,0.35511291412166135
7510,0.553313122054198
7511,0.5538869875162796
7512,0.6575285669043252
7513,0.7964444337119456
7514,0.7794783004131547
7515,0.8293774455820089
7516,0.8641962480746899
7517,0.9213839498454197
7518,0.9669464035241994
7519,0.13424769615203408
7520,0.3693118328909285
7521,0.5752308897586675
7522,0.5287433706261935
7523,0.5725457680344719
7524,0.6742460760081382
7525,0.7733282631075826
7526,0.760937512067267
7527,0.8611093823165675
7528,0.9670553216501935
7529,1.052611467125797
7530,0.14352828551885494
7531,0.37271157963486123
7532,0.5823423015346652
7533,0.49455877463713355
7534,0.4580990620380281
7535,0.5551896256326992
7536,0.869136354367058
7537,0.9010158883050191
7538,0.8213095474094141
7539,0.96015284181193
7540,1.0477531998320648
7541,0.0416366519550751
7542,0.27795914213001377
7543,0.4804282219962006
7544,0.34697603513897696
7545,0.28472437961702735
7546,0.40579937338390115
7547,0.7226280951059454
7548,0.7728412817793247
7549,0.8040460141948266
7550,0.8765947584668807
7551,0.9500288018747143
7552,0.08402759808634397
7553,0.3324684892419562
7554,0.4798621607765859
7555,0.33725732500825256
7556,0.240792575803633
7557,0.45102050895394274
7558,0.766310315069618
7559,0.8706818067027302
7560,0.8768263978554939
7561,0.9981023601319907
7562,1.0872833581617731
7563,0.0843281869443373
7564,0.31101520228388335
7565,0.5359700512005734
7566,0.2900190726019088
7567,0.4601108394094223
7568,0.6060600699162805
7569,0.7239963948121592
7570,0.9599081621685419
7571,0.9968919173568032
7572,1.0493430980093652
7573,1.1276542901957554
7574,0.08884959250100244
7575,0.3239992073746754
7576,0.5359863802438904
7577,0.17691312285142935
7578,0.1461299370714934
7579,0.4804274834749221
7580,0.8082362317003886
7581,0.8359734505280767
7582,0.8432192620443667
7583,0.8012360849986834
7584,0.8947899202465545
7585,0.00895270241827173
7586,0.19052931291171205
7587,0.42191356723128093
7588,0.28971783629634923
7589,0.33176489616286925
7590,0.1134546058954427
7591,0.3617569094762328
7592,0.49511116947801753
7593,0.6300737144578765
7594,0.7295043835581164
7595,0.9521719306241592
7596,-0.4711589745686758
7597,-0.2766273146837691
7598,-0.0504375000896758
7599,0.08072748700736909
7600,0.2500763107786812
7601,-0.7941275738676341
7602,-0.28920974903611313
7603,-0.017492138435077575
7604,0.4515890800242773
7605,0.4154441830260836
7606,0.769827976920886
7607,-0.4268241564037128
7608,-0.208120895569621
7609,0.0460963357410587
7610,0.17717523194118667
7611,0.543344690451797
7612,0.6581580459279235
7613,0.2883154638584646
7614,0.22038084870241753
7615,0.5888094423137614
7616,0.4095815776628526
7617,0.6065556155721454
7618,-0.6311085860780915
7619,-0.3938447837471151
7620,-0.0865589424346162
7621,0.26381473212976825
7622,0.49229678712584235
7623,0.6164008624396236
7624,0.3452227591255214
7625,0.5217125189981435
7626,0.6134024706558893
7627,0.7773059432334193
7628,0.92224408750334
7629,-0.8356366625825129
7630,-0.6371310530576314
7631,-0.1731566675513897
7632,0.1639439494724404
7633,0.3744455285503613
7634,0.516132035756319
7635,0.6420325200720731
7636,0.700750339663099
7637,0.7643528004154391
7638,0.8343878439091956
7639,0.9224692205434444
7640,-1.0279667865714042
7641,-0.9007291038576936
7642,-0.34963173338996
7643,0.02777164207508498
7644,0.2611598201175568
7645,0.43124551588394855
7646,0.5733879725435178
7647,0.6411845426765606
7648,0.7139095228635448
7649,0.7852633694460832
7650,0.8839486358247663
7772,-0.3908555602197375
7773,-0.1401454697243917
7774,0.0643171254589301
7775,0.23975022537545065
7776,0.39320187109245963
7777,0.4988052597968379
7778,0.5933868043847326
7779,0.16636418575040968
7780,0.341574315859938
7781,0.47482509324137206
7782,0.7398397312463878
7783,-0.43244557105708703
7784,-0.1155919286437995
7785,0.09851747121742856
7786,0.2138137914723129
7787,0.41448525362369687
7788,0.5283777778962062
7789,0.6201480091302245
7790,0.6902215811619563
7791,0.7538827622166444
7792,0.73739381913056
7793,0.7987164112826175
7794,-0.4534144650291633
7795,-0.10916286061030597
7796,0.1124929288395744
7797,0.1739716928553939
7798,0.3381289202310272
7799,0.5471233500669723
7800,0.4701999088021731
7801,0.6141331578998843
7802,0.7236784920729558
7803,0.8105381007065358
7804,0.8983305208410736
7805,-0.46972899350197916
7806,-0.10915151444647336
7807,0.1032220282597194
7808,0.11194210455493993
7809,0.23672990413687103
7810,0.42705325569155544
7811,0.5804434470248289
7812,0.5225674510365154
7813,0.6388475907901832
7814,0.7025695597848503
7815,0.8361089316996336
7816,-0.4884518263659348
7817,-0.11807708903216746
7818,0.10343466626352786
7819,0.06176768638520129
7820,0.08375693915714741
7821,0.2708102734470962
7822,0.6344118786018658
7823,0.715696520175407
7824,0.6879970250859203
7825,0.8204812881184841
7826,0.9221336033478025
7827,-0.5489764748002421
7828,-0.2010467308531963
7829,0.007286851804510722
7830,-0.08008897539048848
7831,-0.09533622054250188
7832,0.12319782836704818
7833,0.4596401604500261
7834,0.5673246864026308
7835,0.6590830785646105
7836,0.7441629694368924
7837,0.8337415013957505
7838,-0.5063204220981903
7839,-0.1421834193714271
7840,0.0697288743112767
7841,-0.0714170380620259
7842,-0.052936251679805396
7843,0.17943343282558064
7844,0.41677776835701064
7845,0.6321425774882541
7846,0.7504066480312497
7847,0.7291197661250363
7848,0.906557198466841
7849,-0.5383584357136562
7850,-0.18937543089950154
7851,0.022968104170170367
7852,-0.1639928236492556
7853,-0.060663969870160164
7854,0.1641427755004382
7855,0.3431346785753101
7856,0.5442627190084821
7857,0.6470531830786405
7858,0.7355893250589455
7859,0.8648991029721448
7860,-0.5001137929496011
7861,-0.16278035387588022
7862,0.04047323879222654
7863,-0.1664225491614958
7864,0.05879251838958455
7865,0.263659533668922
7866,0.490905545238796
7867,0.5870838617391962
7868,0.6964416103647937
7869,0.7662706517438975
7870,0.8753650903513295
7871,-0.5378839020020573
7872,-0.213578855633583
7873,0.0024318875734231915
7874,-0.15667788067466343
7875,-0.16513593469795437
7876,0.11693961203900399
7877,0.30097103806881387
7878,0.4119418630904538
7879,0.5374774441166118
7880,0.6335195597703052
7881,0.8045229289795326
7882,-0.5599367389464392
7883,-0.2845403534915478
7884,-0.05137411650070267
7885,-0.1373385795130193
7886,-0.05336069936142032
7887,-0.23435134573186156
7888,0.039320310023344296
7889,0.20588047329761092
7890,0.40649116454275724
7891,0.5270427333587051
7892,0.7363309832513514
7893,-0.5884604818646412
7894,-0.3388858098469584
7895,-0.10016599236910573
7896,-0.11811313719068728
7897,0.06229297793409516
7898,-0.35203587824094296
7899,-0.03699981947620812
7900,0.14548909014342262
7901,0.2088168460196433
7902,0.6561219203546562
7903,0.5444666084171399
7904,-1.1032219702813684
7905,-0.9260029099431786
7906,-0.6839085309430263
7907,-0.2572796753872652
7908,0.14781904020161016
7909,0.258167594437431
7910,0.4411333443771177
7911,-0.049954186126370814
7912,0.23593610638062368
7913,0.1473250430938568
7914,0.3877260985451827
7915,-1.1270526111670338
7916,-0.9434494333149642
7917,-0.6627266714584058
7918,-0.1426387703750135
7919,0.09428811176222678
7920,0.2617704102169902
7921,0.39249514451804157
7922,0.4740827346735416
7923,0.57968434514796
7924,0.6572561160625021
7925,0.7420545574043047
7926,-0.4509359708051995
7927,-0.1357089280778359
7928,0.060210990566404915
7929,0.20432894275943486
7930,0.3687539306303917
7931,0.4812962097075268
7932,0.5731504779331321
7933,0.40608662675128493
7934,0.5339214053954613
7935,0.6655507606266305
7936,0.8268693387734796
7937,-0.4523775087720376
7938,-0.13122312698836838
7939,0.07568471486144458
7940,0.16917260724460592
7941,0.3715175999461448
7942,0.5016750595523407
7943,0.1480875938935102
7944,0.3279209348563876
7945,0.495911848302512
7946,0.6165259714075905
7947,0.7929861559696546
7948,-0.47366775292162305
7949,-0.12105707996421738
7950,0.07908114863116039
7951,0.11999177342071
7952,0.26632931311570957
7953,0.5107881354141539
7954,0.6039552156349562
7955,0.5279944316719617
7956,0.5398067949715414
7957,0.43135407685670835
7958,0.6222332833848372
7959,-0.4023943206839971
7960,-0.11489512513295275
7961,0.08884876033045393
7962,0.07883031538687844
7963,0.17980865441485056
7964,0.3572541925901044
7965,0.5306950120242425
7966,0.6069559727633078
7967,0.7121557606766615
7968,0.6591830517789826
7969,0.7666588237449912
7970,-0.43648273598237225
7971,-0.15712523849256763
7972,0.07094602832878874
7973,0.01679143427903075
7974,0.03496521699279735
7975,0.22028706144602192
7976,0.5997310433114614
7977,0.6900261208643673
7978,0.7743792170707088
7979,0.7923636367094895
7980,0.803452314451181
7981,-0.49511785443915624
7982,-0.2138561262348751
7983,-0.015677566501979913
7984,-0.11212877948019226
7985,-0.12257321409248821
7986,0.11635742538477106
7987,0.4558917802595709
7988,0.5305942303172028
7989,0.6321483957080426
7990,0.64030022244266
7991,0.6594049087129313
7992,-0.4212532961443897
7993,-0.0809602100105537
7994,0.1264883923852665
7995,-0.02280634925264255
7996,-0.0004077162092512854
7997,0.2274653613093681
7998,0.5428549435001655
7999,0.7326355280753842
8000,0.8715820552691748
8001,0.9617313702651241
8002,0.9659695270820483
8003,-0.4479826680175321
8004,-0.1346353057160207
8005,0.06516261993429197
8006,-0.13723812506269661
8007,0.01363324849843281
8008,0.2346826657473022
8009,0.40949221842011063
8010,0.6764177257959536
8011,0.8039630526312801
8012,0.8713778613710055
8013,0.9780838694375577
8014,-0.415740032753498
8015,-0.09635342668265137
8016,0.09166230364850689
8017,-0.12459932416157726
8018,0.0490395470388616
8019,0.21560055634953196
8020,0.5672856346817783
8021,0.6683036904826678
8022,0.7819802208201386
8023,0.8652192543314164
8024,0.9552587181483962
8025,-0.5880553455818903
8026,-0.30724806524130877
8027,-0.09534271375790515
8028,-0.2603477532256182
8029,-0.247513490792614
8030,0.12778968791743336
8031,0.2882351503363966
8032,0.38982786563029426
8033,0.5122516871950661
8034,0.6039170693453584
8035,0.7184967700224063
8036,-0.6150457319998408
8037,-0.3767272528758491
8038,-0.15317398019801617
8039,-0.23904194880178375
8040,-0.12474188513511644
8041,-0.42692856513356475
8042,-0.13431459150284678
8043,0.04099736790332377
8044,0.4366414443165607
8045,0.5301897975079075
8046,0.6694081712167445
8047,-1.0392693946451912
8048,-1.0156596716219568
8049,-0.8366318678803188
8050,-0.4246086957866603
8051,-0.15032014725555307
8052,-0.6876588127063642
8053,-0.3108369585218712
8054,-0.06380782849540638
8055,0.1539160128346187
8056,0.3306802557099088
8057,0.5682616534272957
8058,-1.1533837784898744
8059,-1.1067480179422975
8060,-0.856334538173987
8061,-0.31936658351344954
8062,0.010820386464961688
8063,0.1545393801873425
8064,-0.756872550218075
8065,-0.3387298545174552
8066,-0.0689570771198809
8067,0.1705262256161138
8068,0.4722633854016133
8124,-0.4507646677144649
8125,-0.2266103624427586
8126,-0.0150345610862221
8127,0.3791328007415824
8128,0.5234878270259731
8129,0.6289337140510641
8130,0.5359720128169414
8131,0.6828145639344715
8132,0.8056127170127002
8133,0.837286233611445
8134,0.8676239408341893
8135,-0.256422578772896
8136,0.021197921745817555
8137,0.24377783784481877
8138,0.35470958654948326
8139,0.5590120690430149
8140,0.6635076210727073
8141,0.7438368059243164
8142,0.7791658226928158
8143,0.8546401524384374
8144,0.8963852868336517
8145,0.9888076634745552
8146,-0.28223076600842223
8147,0.03359922235337898
8148,0.2535668287028875
8149,0.30686672591600067
8150,0.4665501208681019
8151,0.6855818775157607
8152,0.6353928177650687
8153,0.7192593356325271
8154,0.7842210061630074
8155,0.8687298196157821
8156,0.9712662373965756
8157,-0.27298911157039707
8158,0.03994900043180169
8159,0.26593323611999253
8160,0.27346928409584936
8161,0.3773469410643626
8162,0.558744613135567
8163,0.6982094329259964
8164,0.6400235401572115
8165,0.603741697514247
8166,0.7193014081341434
8167,0.8520470926212865
8168,-0.2722556509326741
8169,0.03090457605551511
8170,0.21822596594179938
8171,0.17337027467897964
8172,0.20271032016191168
8173,0.38149402545209926
8174,0.7053378097430342
8175,0.7807498988305547
8176,0.5368446820791011
8177,0.792877004889827
8178,0.951598358625477
8179,-0.381966473226785
8180,-0.07270367182256021
8181,0.15606943164947362
8182,0.07252855541565281
8183,0.07631841303009823
8184,0.2896884487211796
8185,0.5624094831840357
8186,0.6703887741757308
8187,0.7395708511464687
8188,0.8265808307642907
8189,0.932920724026232
8190,-0.36917608918018285
8191,-0.052836374851122386
8192,0.19008380661689728
8193,0.05550551436126022
8194,0.07247820952498163
8195,0.29544821828881107
8196,0.367611229530156
8197,0.6199555899032471
8198,0.7245299148718819
8199,0.5493851260950579
8200,0.8845008652029881
8201,-0.3849183000334757
8202,-0.07160645017282508
8203,0.17478784548251175
8204,-0.013948128461453546
8205,0.07790071747814536
8206,0.3023597291148044
8207,0.4656619451268877
8208,0.6428524493946733
8209,0.7371052717164372
8210,0.8165743196284114
8211,0.970582042430857
8212,-0.3445850388926985
8213,-0.04758536287965004
8214,0.19137572513295636
8215,-0.014771228601498598
8216,0.2041500931754413
8217,0.40452198713116116
8218,0.6051571450077031
8219,0.6809799057840762
8220,0.7756487321212949
8221,0.8339297930322109
8222,0.9577980096242034
8223,-0.36874584728194615
8224,-0.08785304666901905
8225,0.1576936858841024
8226,0.0011637661145604827
8227,-0.007890190746624504
8228,0.26152310796186784
8229,0.4243027469491848
8230,0.533748663461836
8231,0.6948888437236684
8232,0.771548783986008
8233,0.9643520231000474
8234,-0.3926463224620046
8235,-0.15843864547515057
8236,0.10371571775828364
8237,0.02105772297262498
8238,0.11527736308218739
8239,-0.09397034178543767
8240,0.17287975751730542
8241,0.3414827195136052
8242,0.5216267665560672
8243,0.6213057769834833
8244,0.8501642000921346
8245,-0.8609698321398859
8246,-0.20990584286851516
8247,0.05619671849457303
8248,0.03913099048972174
8249,0.2203042563523991
8250,-0.20900087973260645
8251,0.10094314144702066
8252,0.2833576554998146
8253,0.7712592757389894
8254,0.852298748576769
8255,0.934926376299149
8256,-1.0807109113925586
8257,-0.8611516000276712
8258,-0.5371575467472416
8259,-0.10148978829308991
8260,0.28551172920026074
8261,0.33473309484248487
8262,0.47793812008663383
8263,0.5970445466814045
8264,0.6592110289521366
8265,0.7599844544081747
8266,0.8725770765352974
8267,-1.0082654551422714
8268,-0.8208311805343288
8269,-0.4747415508069492
8270,0.01169084585903718
8271,0.25085370439721594
8272,0.4113164155800985
8273,0.39113547479439315
8274,0.5330424169829263
8275,0.6353987444851141
8276,0.7512258027406693
8277,0.8424140189248251
8278,-1.132738388078834
8279,-1.0105097829761933
8280,-0.46736040608499546
8281,-0.09662780632622459
8282,0.15353606188498342
8283,0.32598062586165005
8284,0.46674149157441475
8285,0.5570114410400233
8286,0.6603335817776077
8287,0.7434845810698846
8288,0.8326815422698751
8289,-1.1335401258569462
8290,-0.9639608059922672
8291,-0.6395360194554804
8292,-0.23039258344936614
8293,0.04382985734394218
8294,0.24532023719077622
8295,0.39987985770016443
8296,0.4976262528143657
8297,0.6103781294198297
8298,0.6963129690532692
8299,0.7934380842323117
8472,-0.8793671193614547
8473,-0.7273089750664226
8474,-0.5948668005598863
8475,-0.4862352747123465
8476,-0.4269745102422979
8477,-0.3246928836720179
8478,-0.1305434163974271
8479,-0.0217588222837879
8480,0.0416660715763038
8481,0.0952935516191775
8482,0.1866180676525583
8483,-0.8471943480771247
8484,-0.5210499257227418
8485,-0.31951077260958516
8486,-0.15073269049730623
8487,-0.033986054888952816
8488,0.07919189560877989
8489,0.1797806219740676
8490,0.2630525965643904
8491,0.34362190485543387
8492,0.41506632282781064
8493,0.4760691179589199
8494,-0.751102059689231
8495,-0.44453730580140005
8496,-0.2494695928187885
8497,-0.06100390580269402
8498,0.07452484836027079
8499,0.20019443489400623
8500,0.2999008280522094
8501,0.38635476758432497
8502,0.46643074805303897
8503,0.5239198987878922
8504,0.6005574908451363
8505,-0.6836389193961688
8506,-0.33092008924433564
8507,-0.15338794230506353
8508,0.04058090220997004
8509,0.1967432490100513
8510,0.3187865857017348
8511,0.42086476846135024
8512,0.5110181451943269
8513,0.5906155663804875
8514,0.6370281780598257
8515,0.7011767979914972
8516,-0.618137524084608
8517,-0.28456117814777326
8518,-0.09641709369107535
8519,0.1007441707828264
8520,0.25631511048162814
8521,0.3747078148601761
8522,0.4744818811814729
8523,0.5633345986789549
8524,0.6414025901699546
8525,0.6988685227460452
8526,0.7630113359425609
8527,-0.5690993734703986
8528,-0.2618759570871473
8529,-0.05822956614813543
8530,0.14566682517419718
8531,0.3019905085943519
8532,0.41956906806581584
8533,0.5139228066388885
8534,0.6020340452954523
8535,0.6808659727308549
8536,0.7390839591700312
8537,0.8033500830469498
8538,-0.5658829539995618
8539,-0.25219722915195764
8540,-0.02121835910143563
8541,0.19260328956036254
8542,0.34263261728930433
8543,0.46631293011444086
8544,0.5720799781386932
8545,0.6583130845545762
8546,0.7358174843473911
8547,0.7960891554409923
8548,0.8671801826249854
8549,-0.5356057082582861
8550,-0.22695703817214194
8551,0.014743018560916171
8552,0.2237939417635865
8553,0.38108282214878225
8554,0.503349695453504
8555,0.6014523124588833
8556,0.6960609008639027
8557,0.7747101305006491
8558,0.8351973946747406
8559,0.9019016870557751
8560,-0.5064122188906195
8561,-0.2079856558894894
8562,0.03276527647521352
8563,0.25675527510158436
8564,0.41104584675587874
8565,0.5320087346186898
8566,0.6310060631584763
8567,0.7240163985257803
8568,0.8035492321300384
8569,0.866550247042581
8570,0.9352577710085641
8571,-0.5152495594018649
8572,-0.19774754208070242
8573,0.05046916825517603
8574,0.27221505593013984
8575,0.4413353065263484
8576,0.5636728833202391
8577,0.6632342372150387
8578,0.7570492125390885
8579,0.8344868920831376
8580,0.9002785286019113
8581,0.967520684980643
8582,-0.5367460414013542
8583,-0.19423892953663366
8584,0.054741916658419015
8585,0.2837173667657107
8586,0.4579621870755837
8587,0.5819766990290037
8588,0.6864445274008824
8589,0.7813065272009806
8590,0.860951293845606
8591,0.9256576586898518
8592,0.9945729969256786
8593,-0.5515158689517077
8594,-0.21602996289829363
8595,0.05902138262401799
8596,0.29314174999123005
8597,0.46711581158537674
8598,0.5911937726704592
8599,0.6968580141247388
8600,0.7971802678266664
8601,0.8774178658710283
8602,0.9438698203754465
8603,1.013538195199644
8604,-0.599172516704573
8605,-0.2261170393551062
8606,0.05889139775230384
8607,0.2949650580867346
8608,0.4713383454584212
8609,0.6032288436828065
8610,0.7100422477197926
8611,0.8118157423101562
8612,0.89170583288369
8613,0.9586397933811303
8614,1.0301946990342907
8615,-0.609684281955082
8616,-0.2320196898061176
8617,0.041897388253779116
8618,0.2813406858020482
8619,0.4652246249086532
8620,0.5998999133281722
8621,0.7124893861939618
8622,0.8168428793829778
8623,0.8975826702249333
8624,0.9675726309459765
8625,1.040476114696951
8626,-0.7074546270817347
8627,-0.24119849201559423
8628,0.05072470881561572
8629,0.30598497888635195
8630,0.4869499392285211
8631,0.6289814594194132
8632,0.7423622523241575
8633,0.8540927414053436
8634,0.9365459758935625
8635,1.012397398083476
8636,1.086427020880229
8637,-0.7272349388865887
8638,-0.29603495073529196
8639,0.007115043558001938
8640,0.2675849668474992
8641,0.4623825577616994
8642,0.6066669632509161
8643,0.7256967292703344
8644,0.8210719076695486
8645,0.9084596462368597
8646,0.9867070553558781
8647,1.0618522413229763
8648,-0.7854574269408253
8649,-0.2565528971920553
8650,0.020396280490792618
8651,0.2860054855969535
8652,0.491818682267962
8653,0.6358426678866083
8654,0.7580677584447358
8655,0.8614961328106079
8656,0.9427763424032243
8657,1.019043615105401
8658,1.097475045599162
8659,-0.8099450382364181
8660,-0.3982240543463892
8661,-0.08940486488348184
8662,0.1929796343798362
8663,0.40293332250385444
8664,0.5556368624071768
8665,0.682462729099438
8666,0.784137456147916
8667,0.8728477517169843
8668,0.9514166153120774
8669,1.0317235937305018
8861,-1.071194750124702
8862,-0.7973865248971036
8863,-0.5913922075061276
8864,-0.3691968126102949
8865,-0.2312332658873295
8866,-0.1479008642146086
8867,-0.1132714935749482
8868,-0.1519991783770678
8869,-0.094591816966399
8870,-0.0453118865701857
8871,0.0835761414732543
8872,-0.952593462352495
8873,-0.598786962053614
8874,-0.4215613392606269
8875,-0.2793504635756449
8876,-0.17770729343529762
8877,-0.06976703735976665
8878,0.028328224290733478
8879,0.11056947893535876
8880,0.1903569759605652
8881,0.2570119233262939
8882,0.31501402500289566
8883,-0.8615630178307815
8884,-0.5263047897606069
8885,-0.35545098954969534
8886,-0.1946574108170283
8887,-0.07603380688101194
8888,0.042777307460301076
8889,0.13963812176191603
8890,0.22397845094264046
8891,0.30246609869457897
8892,0.36795913723477264
8893,0.42694098991450186
8894,-0.723142982355062
8895,-0.3991408420163636
8896,-0.25384475813708174
8897,-0.09069174382677642
8898,0.043828987150491605
8899,0.16372500492864325
8900,0.25810147766942365
8901,0.3330178509290355
8902,0.424124688630836
8903,0.48806386465290635
8904,0.5487052497290401
8905,-0.7214747905557849
8906,-0.3670590121790073
8907,-0.20249429633083105
8908,-0.028529965003109795
8909,0.1093917602384875
8910,0.22138731864078753
8911,0.32307398507685975
8912,0.41177190446972284
8913,0.5051829725472952
8914,0.5713701396923898
8915,0.6334105275628886
8916,-0.6859204356188096
8917,-0.3513127410171848
8918,-0.16635660860623225
8919,0.019507083357626034
8920,0.1525532829283289
8921,0.26558242783214103
8922,0.37099457715948325
8923,0.45863294843866786
8924,0.5409711460432531
8925,0.6075327826020794
8926,0.6692134899672895
8927,-0.6966014402602635
8928,-0.3483314823865535
8929,-0.13293527424681445
8930,0.06284524849424213
8931,0.19880207540645828
8932,0.31947046512322613
8933,0.4308306755549694
8934,0.5216197217328606
8935,0.6049360507883186
8936,0.6738475368176151
8937,0.7383329483411061
8938,-0.632214933961368
8939,-0.3158056982711979
8940,-0.0999419697670834
8941,0.09986820867305413
8942,0.2376261342689996
8943,0.35621595972872555
8944,0.464820099786093
8945,0.557654747579134
8946,0.6415039942110294
8947,0.71229201600818
8948,0.7773613762493351
8949,-0.6675371587883477
8950,-0.3198266281016616
8951,-0.0990727900201561
8952,0.11034132193291832
8953,0.26292266538385967
8954,0.3900772456502287
8955,0.4977576108116039
8956,0.596844115603798
8957,0.6826153713717387
8958,0.7559830877486111
8959,0.8227222272154601
8960,-0.6743196710539916
8961,-0.3115764001841308
8962,-0.0883016410691616
8963,0.1244961746294865
8964,0.28388005422446105
8965,0.41249122578248737
8966,0.5314075607188333
8967,0.6252217225316367
8968,0.7114987288100324
8969,0.7882589149842324
8970,0.8577032003015996
8971,-0.6831645477387931
8972,-0.33275623114332703
8973,-0.08300194225005962
8974,0.1369670658576081
8975,0.2961238104671061
8976,0.42652805085058
8977,0.5452815239328672
8978,0.6465613703814288
8979,0.7365864599584039
8980,0.8145233495164959
8981,0.8828679764448187
8982,-0.7019743139991588
8983,-0.3528534390991645
8984,-0.08904787344500062
8985,0.134443465474867
8986,0.29882074809386217
8987,0.43791448280966755
8988,0.5583680546742071
8989,0.6619863252590896
8990,0.756848294981437
8991,0.833608693650191
8992,0.9043871142811762
8993,-0.7325845473504143
8994,-0.3345899401416915
8995,-0.08442469657984371
8996,0.14734049353176368
8997,0.28706966503768516
8998,0.43268630179425827
8999,0.5584748831725385
9000,0.6561764612542494
9001,0.7512301905825173
9002,0.8337627263620104
9003,0.9078068789439794
9004,-0.7270552453823791
9005,-0.35414057223539963
9006,-0.10081433349523686
9007,0.10576847946459597
9008,0.28637177584381235
9009,0.43684401517868693
9010,0.5677053209313095
9011,0.6655560449700045
9012,0.7631325575620622
9013,0.850418552027775
9014,0.9251742594811183
9015,-0.7573873680016308
9016,-0.36624342194942605
9017,-0.11763773177126002
9018,0.10210895990061428
9019,0.28310546140916476
9020,0.4365270147303793
9021,0.5740344416500922
9022,0.6768381663717444
9023,0.7771776956219536
9024,0.8669253234453651
9025,0.9460159025650746
9026,-0.3377913630848215
9027,-0.1481876325089665
9028,0.07498021030785448
9029,0.062095235075015895
9030,0.22437073402880037
9031,0.36675507659397105
9032,0.5513198044828258
9033,0.6567036627410954
9034,0.7087261649472824
9035,0.7884973383017653
9036,-0.7676297096873896
9037,-0.2372338373468611
9038,0.026623508195015383
9039,0.3196158766530739
9040,0.4789130606239206
9041,0.6273939087279305
9042,0.7611224585447138
9043,0.8718610738534591
9044,0.970192846400711
9045,1.0533097238935651
9046,-0.9506472323466149
9047,-0.3162731307191332
9048,-0.006508041622758615
9049,0.2652583242071739
9050,0.4361473353697878
9051,0.5910621356578682
9052,0.7177117533493527
9053,0.8325703658875102
9054,0.9315718265355765
9055,1.0169584482862741
9372,-0.6385570475796778
9373,-0.5827154494761978
9374,-0.4594965585929793
9375,-0.3577574398444698
9376,-0.3406803745310433
9377,-0.2483440231147942
9378,-0.144959158284558
9379,-0.0709735032893942
9380,0.0022376970420441
9381,0.0651908727221164
9382,0.1666610215188533
9383,-0.6385570475796778
9384,-0.5827154494761978
9385,-0.4594965585929793
9386,-0.3577574398444698
9387,-0.3406803745310433
9388,-0.2483440231147942
9389,-0.144959158284558
9390,-0.0709735032893942
9391,0.0022376970420441
9392,0.0651908727221164
9393,0.1666610215188533
9394,-0.6826208825933426
9395,-0.3825298263145661
9396,-0.19193157341525685
9397,-0.03390517214824229
9398,0.048652134231249755
9399,0.1254356198778261
9400,0.19160494817430593
9401,0.230325877083242
9402,0.2953663390342779
9403,0.3692976144176683
9404,0.42987492733794475
9405,-0.6063571610404601
9406,-0.3218055243038974
9407,-0.13634333504134727
9408,0.03730814960766449
9409,0.13477189940371867
9410,0.2214693819835774
9411,0.28693844582438804
9412,0.3281847437549499
9413,0.39283367568513167
9414,0.4664883068018115
9415,0.5286752240697887
9416,-0.46343924916572127
9417,-0.18008937616139042
9418,-0.0336444285271556
9419,0.13687611911542413
9420,0.24560194537941638
9421,0.3326464465849015
9422,0.3946470797456757
9423,0.44050493796476287
9424,0.5026649360891066
9425,0.5742446329477635
9426,0.6376986562148544
9427,-0.4946886448396374
9428,-0.15970104073505292
9429,0.015179412755882304
9430,0.20120920378019982
9431,0.335383984261946
9432,0.41756676926857483
9433,0.4830626249430172
9434,0.5199372895157299
9435,0.5810908493817277
9436,0.6411694887391124
9437,0.7054096295909212
9438,-0.40981294862268414
9439,-0.12448627078515861
9440,0.05724702446741803
9441,0.24793426232778631
9442,0.37014471134411464
9443,0.44937166698869696
9444,0.5150488414851038
9445,0.5587708896677411
9446,0.6223807377546413
9447,0.6823919235800091
9448,0.7457661806456268
9449,-0.3919386109876303
9450,-0.11589780556934631
9451,0.09724155601901727
9452,0.30658014032204234
9453,0.4177701027013755
9454,0.5029117065516819
9455,0.579559022788367
9456,0.6243310310222017
9457,0.6779778761067105
9458,0.739907708986722
9459,0.8051239717442705
9460,-0.40730748223224794
9461,-0.10089343568981657
9462,0.13394374833257314
9463,0.3389557921669889
9464,0.46361895497484407
9465,0.5517684821833234
9466,0.6126559385738178
9467,0.6678110403235299
9468,0.7312794110941911
9469,0.7940225734697012
9470,0.860751114543176
9471,-0.3498032270090628
9472,-0.07611221643661009
9473,0.15353553273021409
9474,0.3706776112415938
9475,0.49529255733512234
9476,0.5844350680627945
9477,0.6487088331646256
9478,0.6973433072649274
9479,0.7612111003996486
9480,0.8265905596202621
9481,0.894767428463014
9482,-0.3646471658712323
9483,-0.06695278239045493
9484,0.1697034963232072
9485,0.3859103297810264
9486,0.5258061944588786
9487,0.6151843294273063
9488,0.6814199739994179
9489,0.7289262167050499
9490,0.790453308712287
9491,0.8583929577079046
9492,0.925694216378831
9493,-0.38315345006948637
9494,-0.06395550312796378
9495,0.17641647593372733
9496,0.3999041930134847
9497,0.5431512734634023
9498,0.6349663717245184
9499,0.706516294002951
9500,0.757858262814151
9501,0.8192752307318897
9502,0.8851070522000122
9503,0.9550752744909045
9504,-0.3897197139532303
9505,-0.08279400946538323
9506,0.181420950078912
9507,0.41064133828088334
9508,0.5526217519442951
9509,0.6476924319608662
9510,0.7195310764789671
9511,0.7696770334422305
9512,0.8343688607301054
9513,0.9033138842559763
9514,0.9726973397598452
9515,-0.44574537116082036
9516,-0.09746932845853223
9517,0.1776063648596896
9518,0.40886908581001735
9519,0.555956453791765
9520,0.6564782122485502
9521,0.7173694126072099
9522,0.7629214325319269
9523,0.818886937587994
9524,0.8883478195299396
9525,0.9597981995625925
9526,-0.4848791559725416
9527,-0.11273847502881323
9528,0.1533178007268109
9529,0.389202904993178
9530,0.5428273809753683
9531,0.6471529368225375
9532,0.7137231993228396
9533,0.7631805905305611
9534,0.8193806894568584
9535,0.8922815674510988
9536,0.965106670426739
9537,-0.5491110476814115
9538,-0.12732071575662762
9539,0.11978547157128355
9540,0.3734691124276015
9541,0.5439725813659676
9542,0.6379583662994857
9543,0.70762055287713
9544,0.7684012450059406
9545,0.8451600798392152
9546,0.9073641828847104
9547,0.9805613952403557
9548,-0.6413534001372931
9549,-0.23244308453330148
9550,0.07801936790223929
9551,0.32420737285819873
9552,0.4962241854462021
9553,0.6071782632051514
9554,0.6816731380757901
9555,0.7273637785606897
9556,0.791664493485767
9557,0.8755152816650147
9558,0.9513206892264106
9559,-0.6510887273552319
9560,-0.18200353987180323
9561,0.10852364076600707
9562,0.36982784144390857
9563,0.5492195350574399
9564,0.6592474823722776
9565,0.7514879542951076
9566,0.8138181933624938
9567,0.8751988605989196
9568,0.9542206428598
9569,1.0327496658580317
9570,-0.8372022700213536
9571,-0.7306859977351451
9572,-0.5885357102841604
9573,-0.4835185360394642
9574,-0.4071729828658625
9575,-0.3084428708651898
9576,-0.1880098213943106
9577,-0.0812914926553058
9578,-0.0132090663880121
9579,0.0485598651228452
9580,0.145780594691214
9581,-0.9688635762448282
9582,-0.6239038831378777
9583,-0.43325209885803107
9584,-0.2623353536415241
9585,-0.15279268637924817
9586,-0.03344733106124857
9587,0.06942431767804298
9588,0.15320452281525726
9589,0.23849970424079497
9590,0.31019485223206483
9591,0.37152158025809173
9592,-0.8787770558811777
9593,-0.5521733019616198
9594,-0.3675884928041592
9595,-0.1782146179903252
9596,-0.05106371458310104
9597,0.07999254951865112
9598,0.18203701087630095
9599,0.2688003081464459
9600,0.3536329947385497
9601,0.425001356692382
9602,0.48822942983891965
9603,-0.8146195800206125
9604,-0.4292125242623488
9605,-0.257540843872363
9606,-0.06501096058416882
9607,0.08385689604649145
9608,0.2062758191931215
9609,0.3119524908008005
9610,0.4020683054660555
9611,0.4827204010740768
9612,0.5404650805737056
9613,0.605046319121008
9614,-0.7332981090547017
9615,-0.3890899765188061
9616,-0.20955458501903187
9617,-0.010245653637996052
9618,0.12848029444842174
9619,0.2551996267583777
9620,0.35575244677756446
9621,0.44425097768342503
9622,0.5276605818408406
9623,0.5853742469741504
9624,0.6493608288566387
9625,-0.7082638464925151
9626,-0.3821352279515536
9627,-0.1778866086184251
9628,0.0327609332806289
9629,0.1720208559222238
9630,0.29531864880155334
9631,0.4041091043055712
9632,0.4923030914565538
9633,0.575515612154628
9634,0.6347674902751851
9635,0.699760944916076
9636,-0.7131352783384348
9637,-0.36999765873582446
9638,-0.1431687373313787
9639,0.06851130932605858
9640,0.21069376424706976
9641,0.3398813994902694
9642,0.45267373656666304
9643,0.544532415769837
9644,0.6275321099279126
9645,0.6881132512803408
9646,0.7548425115806482
9647,-0.6548664278831673
9648,-0.33835575948225505
9649,-0.10785791532946847
9650,0.10571601797993077
9651,0.2502698805147976
9652,0.37724696815842523
9653,0.4870558961073857
9654,0.5795996319608521
9655,0.6628097973079635
9656,0.7250397700287128
9657,0.7924022226486547
9658,-0.7047621571133804
9659,-0.34499250521012176
9660,-0.10905053139305547
9661,0.11866301219920893
9662,0.27387774216894706
9663,0.4094851218220337
9664,0.5198147771212828
9665,0.6155986220360543
9666,0.6996470086697791
9667,0.7641248612382587
9668,0.8331609080047946
9669,-0.6745716890721196
9670,-0.32519649771434
9671,-0.08621194260255771
9672,0.1375814823022527
9673,0.3013756664269431
9674,0.43038200267438603
9675,0.5457886949302204
9676,0.641532533435494
9677,0.725560309651759
9678,0.7933085224009169
9679,0.8602262155009769
9680,-0.711665032515592
9681,-0.3472383451086979
9682,-0.08290168676525404
9683,0.14874104586935083
9684,0.3105350609103537
9685,0.44346843160622973
9686,0.5607624556761586
9687,0.6606619980275625
9688,0.7472484397208963
9689,0.8153106718107344
9690,0.8847623217956931
9691,-0.7403755012088065
9692,-0.35216775937865624
9693,-0.07856513473364826
9694,0.15544160780524213
9695,0.321165171377327
9696,0.4602722391319386
9697,0.5794154265332734
9698,0.6797461999295142
9699,0.7686785350097832
9700,0.8376347367966291
9701,0.9088533130651333
9702,-0.7554677152137906
9703,-0.3623037499019646
9704,-0.0970234113616249
9705,0.1413115338266703
9706,0.3148237237055729
9707,0.4570185269933977
9708,0.5820222164115589
9709,0.6861775740591028
9710,0.776657030292166
9711,0.8485757071949833
9712,0.9214363097112522
9713,-0.8525732175177371
9714,-0.36747289422954427
9715,-0.09654382571984016
9716,0.15781292663315757
9717,0.32947391465800546
9718,0.47923306113629505
9719,0.6053362006697404
9720,0.717112152533027
9721,0.809192907055003
9722,0.8836359078940146
9723,0.9576755855118636
9724,-0.8914178649921939
9725,-0.44151189775985555
9726,-0.15225848754611265
9727,0.10121902004056132
9728,0.2885010165305315
9729,0.4403465010382432
9730,0.5727681247267622
9731,0.668469556962902
9732,0.765921897028036
9733,0.8456581728703232
9734,0.9211755004237596
9735,-0.9112758747642872
9736,-0.42378469419022813
9737,-0.1555219259833442
9738,0.11629006081049535
9739,0.3145800519166677
9740,0.46865346092222165
9741,0.6053886907028626
9742,0.7053410787664195
9743,0.8011126646836304
9744,0.8765305351533761
9745,0.9557505784304412
9746,-0.9371004064116886
9747,-0.4644802941951193
9748,-0.24405272777308096
9749,0.022673506636903318
9750,0.2134372551903725
9751,0.3755982635521072
9752,0.5175899468074772
9753,0.5942446472873645
9754,0.6981388956858746
9755,0.7822916755504872
9756,0.8624576467059205
9757,-0.19333392533409316
9758,0.06971667020218017
9759,0.26483196596316616
9760,0.4280306255517409
9761,0.5732265483382321
9762,0.6885176988994681
9763,0.7975486565023003
9764,0.8746078647175174
9765,0.9556008982820836
10032,-0.5582423426825452
10033,-0.4271120998424823
10034,-0.3727677676581291
10035,-0.3266576259167616
10036,-0.2991070812259523
10037,-0.2567489354339037
10038,-0.1611635075714483
10039,-0.0753967674653989
10040,-0.0038567379069244
10041,0.056591534345189
10042,0.1651165484998777
10043,-0.5637863920902263
10044,-0.311349961678256
10045,-0.12468463038672445
10046,0.0029946702866939234
10047,0.06635397038394564
10048,0.14356206472737326
10049,0.2129118783690272
10050,0.24949428323607803
10051,0.3068552621448125
10052,0.38082725121093997
10053,0.4411676789735237
10054,-0.5033509890775212
10055,-0.27285304503213925
10056,-0.0806335728132489
10057,0.04814122975226964
10058,0.1209506526289752
10059,0.20444384702185872
10060,0.27334971941614516
10061,0.3115331129731793
10062,0.36864587661919046
10063,0.45784629176807534
10064,0.5194622550731626
10065,-0.4550026698704335
10066,-0.2151076726133847
10067,-0.03658251757447928
10068,0.1158610659596738
10069,0.2028456723794894
10070,0.29576651643016894
10071,0.3640064769828153
10072,0.40459135346875896
10073,0.46133179423712933
10074,0.5348653282432015
10075,0.597756827023189
10076,-0.3690034340290922
10077,-0.108256840934629
10078,0.04780990742900182
10079,0.19853710979680556
10080,0.3007460228732548
10081,0.38972935219541005
10082,0.4588138085118077
10083,0.5029023308261495
10084,0.5586544293342712
10085,0.6310122038303562
10086,0.6950184575402234
10087,-0.31362194231711227
10088,-0.05987404569551691
10089,0.11251459509374512
10090,0.27103630024568137
10091,0.3778037017258571
10092,0.46247404700660455
10093,0.5308240752408964
10094,0.5734797956526496
10095,0.6284409236377061
10096,0.6895882916762762
10097,0.7533986112965743
10098,-0.27156627659001803
10099,-0.04356765093357867
10100,0.15187687799562904
10101,0.32634614988069094
10102,0.42770188822970595
10103,0.5125746399343235
10104,0.5827926377250112
10105,0.6248509263425907
10106,0.6801305018444755
10107,0.7425966308932735
10108,0.8071191922901931
10109,-0.2616725031057982
10110,-0.014567300658655025
10111,0.20615164705225952
10112,0.38376353943476366
10113,0.48752587784538093
10114,0.5703230769310437
10115,0.6359615892947593
10116,0.6817216043945977
10117,0.7366935368777707
10118,0.8006631758778416
10119,0.8670981158177498
10120,-0.20817908699433207
10121,0.014000477329862204
10122,0.23839281614358165
10123,0.41809855084493514
10124,0.526137204631847
10125,0.610579751439662
10126,0.6711994696554066
10127,0.7176322387755207
10128,0.7728255669132792
10129,0.838461399154135
10130,0.9055494447759013
10131,-0.25593051527966115
10132,0.011306848569049233
10133,0.24121433822599142
10134,0.43483621500774833
10135,0.5538695394850719
10136,0.647040177660233
10137,0.7081260898385675
10138,0.7556097326453721
10139,0.8098210433450365
10140,0.8777284668302491
10141,0.9464479552785589
10142,-0.21785079063920043
10143,0.04926665748476061
10144,0.2820455401162544
10145,0.47117766080136747
10146,0.5968031969820252
10147,0.6746655816401692
10148,0.7406216189311019
10149,0.784729905440347
10150,0.8389916604722022
10151,0.9100276955888587
10152,0.9766057699378614
10153,-0.2566528693379623
10154,0.027597726546089996
10155,0.28573593727697655
10156,0.48330598687556514
10157,0.6085949994894175
10158,0.6890385805200141
10159,0.7571019413119522
10160,0.8042106034474138
10161,0.8609502395176022
10162,0.9305692415047532
10163,0.9997212568004846
10164,-0.2950319417508149
10165,0.017477210511529673
10166,0.2855079643801758
10167,0.48588226801309625
10168,0.6152886062866539
10169,0.6818390066284665
10170,0.7380467932616899
10171,0.783292839345691
10172,0.820726487890451
10173,0.8913142482517785
10174,0.9624455232968808
10175,-0.3486143177375974
10176,-0.013629006732817361
10177,0.24669845904373586
10178,0.4526436421232143
10179,0.589432487363144
10180,0.6533918224765237
10181,0.7105743481840491
10182,0.750798568792243
10183,0.7895302347760408
10184,0.86271108968267
10185,0.9362883907262022
10186,-0.44321409899377473
10187,-0.02193329650665271
10188,0.255866418081712
10189,0.47728863711793923
10190,0.6121710303675433
10191,0.6832684880772849
10192,0.7412188715177596
10193,0.7886691174779443
10194,0.8498399829177085
10195,0.9296313061924361
10196,1.0034841140474462
10450,-0.48352909697694685
10451,-0.25272668586868907
10452,-0.07250037009298066
10453,0.0551715154056453
10454,0.11440540430937055
10455,0.18570538036252107
10456,0.2567066820776499
10457,0.30006288728922603
10458,0.3592944873709248
10459,0.42778942215358734
10460,0.4885455800239207
10461,-0.4479393608928835
10462,-0.2149426755586894
10463,-0.03791213272690097
10464,0.09948202691982899
10465,0.1679910362133754
10466,0.2454597214972164
10467,0.3160253031046348
10468,0.3609528490478491
10469,0.41994083044880903
10470,0.48826363102029935
10471,0.5500213204892643
10472,-0.3886231351538035
10473,-0.16771266458400524
10474,0.005323162229669165
10475,0.154870164069339
10476,0.23497307338060894
10477,0.3201526448905221
10478,0.39017357638536077
10479,0.43706529816357365
10480,0.4957487562259433
10481,0.5638563890421825
10482,0.6268659929587347
10483,-0.28994288474476654
10484,-0.055569227015242584
10485,0.08779477121370988
10486,0.23142978882439907
10487,0.3201331437049232
10488,0.4015679804510484
10489,0.4702520740708566
10490,0.5205335388767811
10491,0.5774905649341021
10492,0.6439442464310063
10493,0.7077262343154113
10494,-0.28082571174153914
10495,-0.020357269183728266
10496,0.14679358520149305
10497,0.3009147215255411
10498,0.40040817499836884
10499,0.47796766181713696
10500,0.5482736977894107
10501,0.5974360550493097
10502,0.6540251098771014
10503,0.7094344133388961
10504,0.7734145962454723
10505,-0.22999683292843254
10506,-0.0018688904030550457
10507,0.17379954528000335
10508,0.334214231624257
10509,0.4306630927868482
10510,0.505436643989565
10511,0.5769063506669299
10512,0.6249751597327383
10513,0.6830354472054997
10514,0.7387236368975634
10515,0.8022703247032014
10516,-0.21179329443202144
10517,0.00894123120044027
10518,0.20987351015408734
10519,0.38458248183365995
10520,0.47589547897824974
10521,0.5563421494886598
10522,0.6296197696444803
10523,0.6783745363505913
10524,0.7341756858825982
10525,0.79160487016404
10526,0.8568921786599376
10527,-0.21215038073124548
10528,0.03573814978643508
10529,0.253531166037832
10530,0.42706086091864176
10531,0.5237512965362622
10532,0.5965947933486817
10533,0.664721299141696
10534,0.7130797180797185
10535,0.7704550882583813
10536,0.8286237221135919
10537,0.8951267434654809
10538,-0.15894987053181986
10539,0.06074514200619541
10540,0.278932458845067
10541,0.45251114424621786
10542,0.5528608758566094
10543,0.6261866605281576
10544,0.6865149906374968
10545,0.740184731958621
10546,0.7973525111307411
10547,0.8569528792462722
10548,0.9237412972637224
10549,-0.17162662834910936
10550,0.06142138079168935
10551,0.28138542368743397
10552,0.4699901968589021
10553,0.5716300703230086
10554,0.6486029520065192
10555,0.7114802736479882
10556,0.7662535132300334
10557,0.8249547922239452
10558,0.8862634605413173
10559,0.9549731442614976
10560,-0.1375058006994443
10561,0.11779846737314204
10562,0.3426974284304287
10563,0.5274427030575347
10564,0.6421540753721132
10565,0.7096687351189629
10566,0.7729522751060445
10567,0.8244808020578465
10568,0.880695959507389
10569,0.946164940475986
10570,1.0113488647626017
10571,-0.15927974862321714
10572,0.12054747462737303
10573,0.3483541529073024
10574,0.5370802303941398
10575,0.657527828355047
10576,0.7264773006892962
10577,0.794250119281873
10578,0.847653698629504
10579,0.9066797545041109
10580,0.9676586422790451
10581,1.0344600945177669
10582,-0.17681261850084162
10583,0.09913876512489517
10584,0.3529277348832646
10585,0.5481556578073237
10586,0.6662010575061247
10587,0.7367530280159349
10588,0.8058475915727699
10589,0.8638519723791672
10590,0.9230378639830009
10591,0.9873167006755605
10592,1.0566608410303953
10593,-0.8818980456997908
10594,-0.6379285320225557
10595,-0.4875244711658338
10596,-0.4689225266209889
10597,-0.4149153406635422
10598,-0.3327598190035401
10599,-0.2343320029210968
10600,-0.1194419041059127
10601,-0.04593246259399
10602,0.0293698518259761
10603,0.1255284111441436
10604,-0.9791657239296689
10605,-0.6153086062748954
10606,-0.42528915903751463
10607,-0.2557074321004142
10608,-0.14799814835540517
10609,-0.037972504891127815
10610,0.06325601004300187
10611,0.14579062348686844
10612,0.22843734087644274
10613,0.2982234111110562
10614,0.3571023548631441
10615,-0.8992373019468507
10616,-0.5439643883250337
10617,-0.36727712695929654
10618,-0.1817059468809754
10619,-0.0588898590773386
10620,0.06118012589862604
10621,0.1612613694649282
10622,0.24595662585103686
10623,0.32755194119650277
10624,0.39640789308986224
10625,0.45625336023908314
10626,-0.8175904765797026
10627,-0.4377687936743842
10628,-0.26797060256805105
10629,-0.0750136304495601
10630,0.06880395111895511
10631,0.2107685190384499
10632,0.31480675885193204
10633,0.3869283464117895
10634,0.4680644166665172
10635,0.5236757855571689
10636,0.5729238996865785
10637,-0.7338051048750047
10638,-0.3761587105084158
10639,-0.1955908747850747
10640,-0.003097347593565433
10641,0.1394541973122773
10642,0.2529874523050498
10643,0.357862645923172
10644,0.4405659839567955
10645,0.5212854651614861
10646,0.583079780463772
10647,0.6454471876746548
10648,-0.7122460991316982
10649,-0.367204170158058
10650,-0.15979970853284925
10651,0.05094548827524398
10652,0.1822732935411207
10653,0.29832987429242264
10654,0.4055372017745817
10655,0.4930300278095553
10656,0.5738692193079833
10657,0.631059723994231
10658,0.6937547539331308
10659,-0.7248723342781959
10660,-0.36044191044450596
10661,-0.13128317104558473
10662,0.0797291914218744
10663,0.22055897619129733
10664,0.3461355294586271
10665,0.45435110153101355
10666,0.5447458425672738
10667,0.6254253488647797
10668,0.6844183433394555
10669,0.7494432194677554
10670,-0.6700479836660543
10671,-0.33355295053782436
10672,-0.09700762010242574
10673,0.11695915460827772
10674,0.2599247874841263
10675,0.3799464706940137
10676,0.4887311477206902
10677,0.5802630238062528
10678,0.6614447163552992
10679,0.7222206657305984
10680,0.7876538679887753
10681,-0.7107207427357475
10682,-0.3376757777065636
10683,-0.09599181198552519
10684,0.12994991792412192
10685,0.28478574749480595
10686,0.4137688138756641
10687,0.5237665544379699
10688,0.6188226202521524
10689,0.700669263967071
10690,0.7635155391034479
10691,0.8308729469927008
10692,-0.7057368840964651
10693,-0.3264523966457916
10694,-0.08293827967739392
10695,0.14352021243105573
10696,0.306297195229613
10697,0.4366767740342844
10698,0.5519858797579726
10699,0.6472808169483133
10700,0.7293003462240415
10701,0.7958967163151444
10702,0.861450582909705
10703,-0.7222204494071006
10704,-0.34841232511732295
10705,-0.0785518583370204
10706,0.15476206635704237
10707,0.3172011664309946
10708,0.44864637040264205
10709,0.5674383423316619
10710,0.6670188269646655
10711,0.7521993192275583
10712,0.8195466030329929
10713,0.8880297449391975
10714,-0.7724547869850691
10715,-0.36396661432113536
10716,-0.08171820107031542
10717,0.15513005170585642
10718,0.3220193575159491
10719,0.4618628092924247
10720,0.5813687764770923
10721,0.682805497655863
10722,0.7710560377693164
10723,0.839331326416352
10724,0.9150669175136505
10725,-0.8156266855038542
10726,-0.36509727267975234
10727,-0.100177269061259
10728,0.14299088490377782
10729,0.3156887264572973
10730,0.46072568692960814
10731,0.5853012665580665
10732,0.6906906528890561
10733,0.780914822245007
10734,0.8532213677979115
10735,0.9259123763782802
10736,-0.8450754765271069
10737,-0.3811564212497117
10738,-0.11505398744626728
10739,0.14373537654728352
10740,0.3196807027766672
10741,0.4723279650938732
10742,0.5983163583053085
10743,0.7105507441789765
10744,0.8026311956585845
10745,0.8787294627677875
10746,0.9516012775701495
10747,-0.9317819614934528
10748,-0.4087643488192473
10749,-0.12603429172171787
10750,0.13535546083839659
10751,0.3285992508354493
10752,0.4796845910355075
10753,0.6134654377088142
10754,0.7133686107966812
10755,0.806727605024771
10756,0.8506958906260425
10757,0.9292908997492978
10758,-0.9774629048257552
10759,-0.5214356769357695
10760,-0.24518013511253567
10761,0.020938574529660192
10762,0.23480711676439706
10763,0.39557610189493964
10764,0.5354042104433958
10765,0.6416395809088665
10766,0.7390796977697192
10767,0.817752715948989
10768,0.8977924433715653
10769,-0.8422761105080216
10770,-0.45630577612174583
10771,-0.18973057353535466
10772,0.0714876898171158
10773,0.2657529063558554
10774,0.42782101869173655
10775,0.5733207090058838
10776,0.6865886127068588
10777,0.7949145494458234
10778,0.8736214361184704
10779,0.954311991166524
10780,-0.9268964045651052
10781,-0.37133000625413903
10782,-0.07610785673455717
10783,0.25369140564544035
10784,0.4230192701578096
10785,0.5815425573950064
10786,0.711550478246214
10787,0.8310743864328265
10788,0.9140426914834974
10789,0.9966233260615887
11916,0.7961257646718637
11917,0.8878248725903845
11918,0.9444531082995196
11919,0.8234985308242987
11920,0.9575321855293224
11921,1.0740454106954676
11922,0.8125581718950712
11923,0.9498135510261564
11924,1.0688816120209714
11925,0.8182432515487491
11926,0.96118693945956
11927,1.084160265249836
11928,0.7680199379312437
11929,0.92132074223982
11930,1.0737945575617387
