id,k
0,15.283376556237673
1,13.412011624418884
2,11.704163446362397
3,10.035672115089714
4,8.344642124999616
5,6.490080810718005
6,5.549535809264844
7,3.926162593292602
8,2.541957730260694
9,1.6453468710905041
10,1.0348437286460377
11,0.6737799002364548
12,6.60628030773204
13,5.744900547214091
14,5.322950344181011
15,4.9696155480350965
16,3.925060299108796
17,3.0634697059187745
18,2.52424917173864
19,1.7650418506353704
20,1.2278838760394044
21,0.9227740492255394
22,0.48269121678648713
404,0.3729130146676805
405,0.366157542175728
406,0.36153519514503946
407,0.33081424535355836
408,0.3031533248207012
409,0.25679739455020106
410,0.19662500989463663
411,0.2175510746564629
412,0.09530707052009028
413,0.06133149530679184
414,0.034473640022845586
415,0.017779856178298588
416,0.015400669137517904
417,0.010696005435752767
418,5.159283920191935
419,5.5093316625379245
420,5.391424469596103
421,6.045409675538664
422,5.741837254893986
423,5.898225687196016
424,6.088914826944397
425,6.8632595611669025
426,4.442648263913879
427,3.6466289308400976
428,3.8568998273131245
429,2.818833038120154
430,2.1711002818582714
431,1.8996813828228174
432,0.7924591640989895
433,0.8355378425645789
434,0.8688248153746637
435,0.848562311801557
436,0.9000943176240603
437,0.9312195725294167
438,1.0678514640041221
439,0.8192432958763708
440,0.637329406940738
441,0.5617818909489796
442,0.2258650201064744
443,0.1546262389479814
444,0.0765619314995943
445,0.07517226955036589
446,4.008393241471285
447,4.562075327109749
448,5.091630002259824
449,5.3270563832739075
450,5.641174239421567
451,6.116218580411681
452,7.388626317824816
453,7.629980507080918
454,6.936918619869361
455,6.878266254407613
456,6.149841480908771
457,5.356107311565444
458,5.332864809415242
459,4.485497873921995
460,0.51536969505105
461,0.48953407632789914
462,0.5381442892864549
463,0.6064881235050171
464,0.6086765622693165
465,0.5736252739442212
466,0.44275867552110776
467,0.5340484187935026
468,0.36571421147985933
469,0.2807096544924281
470,0.22159384156582676
471,0.21380680115887948
472,0.2005470425961137
473,0.13837150290631517
474,0.101025351695931
475,0.09251091157128635
476,3.442255720038328
477,3.1000972638575393
478,3.695427816816751
479,4.189151951096544
480,4.500969329168978
481,4.223077442496514
482,4.557033232711846
483,4.294229592816923
484,3.9547380294335213
485,3.704837947690275
486,3.2009543514204006
487,2.9976271915493804
488,3.797602395728681
489,4.083727774138365
490,3.8608271709644733
491,4.542104605726025
492,0.46492348058589
493,0.3842353828710531
494,0.38470096867129555
495,0.35542817708628005
496,0.3969736700524981
497,0.4001670610249086
498,0.3459030606585576
499,0.41787132876975785
500,0.2740298570308838
501,0.21784326057128184
502,0.17898846283425535
503,0.11812228044653332
504,0.07097659888053122
505,0.09914189633946466
506,0.0730880841714296
507,0.06631116940327006
508,4.451870564182744
509,3.4936837216968506
510,3.994906776982003
511,3.879885072680052
512,4.389186371618074
513,4.569727470575056
514,4.504872051153816
515,4.7852018045570945
516,3.864600753321765
517,3.647877489129383
518,3.298536753636794
519,2.606585432853134
520,2.1909370933627677
521,4.503809746719993
522,3.837677198508839
523,3.882146744970633
524,0.7266477713788133
525,0.6297192594774088
526,0.6495815445438844
527,0.735614133466577
528,0.6909311851357104
529,0.6469146991158513
530,0.6117322458079966
531,0.38822700465128124
532,0.27967724892212986
533,0.21395248924118543
534,0.14055972187261173
535,0.09587095497565767
536,0.0845977973491168
537,0.06959184502418708
538,4.976904765341865
539,4.710437775026546
540,5.798682543914928
541,6.568049850683169
542,6.902299289321211
543,7.351253432534143
544,7.133517171764223
545,6.559270869808564
546,5.894697212026361
547,6.602617203235556
548,5.756469648160617
549,4.727217289164119
550,4.598492162280313
551,3.8342513570060945
552,0.618742762958103
553,0.7924591640989895
554,0.805185067318643
555,0.9987041079212379
556,1.1492576886391201
557,1.0147615979750264
558,1.0422604598763694
559,0.9696208464138103
560,1.0284658546134098
561,0.9080163268423012
562,0.7336007713563507
563,0.5702300614498601
564,0.5617818909489796
565,0.36266073306297153
566,0.15650604294115894
567,0.09243372979311013
568,2.123237136465918
569,3.778968640082212
570,4.195099993556194
571,5.306818683387818
572,6.891762801945796
573,6.350994434357131
574,6.655176215302878
575,5.869277848562965
576,7.512904031650698
577,7.6215074275082495
578,7.280570311941245
579,6.753560510954357
580,6.872723553571641
581,6.338315217837385
582,5.362752282871168
583,4.891123248482887
584,0.47285225027316546
585,0.5192545077782826
586,0.46781151283893047
587,0.4655689487665329
588,0.43196735456247065
589,0.39162398668607756
590,0.3190431311828531
591,0.26858444776361096
592,0.17840893991553977
593,0.09682139373443155
594,0.10426414038362147
595,0.06104486650574309
596,0.05485455640319471
597,5.220470700080702
598,5.9597387874113945
599,5.811715013478845
600,6.339173596177077
601,6.228478435399276
602,6.838529048866888
603,6.201112272678237
604,6.733575980645499
605,5.709822450844003
606,4.699305573652555
607,6.555564167738023
608,4.43424749394449
609,4.34763641782173
610,3.6777886056329576
611,0.3110784536842161
612,0.28753828415515936
613,0.3250337488290516
614,0.29464770355511666
615,0.29236453294740494
616,0.27586696559391505
617,0.2080254508020201
618,0.18425161694505499
619,0.24509047656612604
620,0.1481782518275071
621,0.1520112313905667
622,0.05761624725600349
623,0.060716214494404015
624,0.04867488923604889
625,0.04503946357836904
626,0.03458751019640122
627,2.5091593334126743
628,2.4072507451119782
629,2.750606262195055
630,2.9699700411662806
631,3.0550363480248794
632,3.027089852602691
633,2.8664410703395538
634,2.987342039723824
635,3.38882859347214
636,1.8139781641168338
637,1.6496424951225241
638,1.002400945681546
639,1.3750637679376592
640,2.1420470457186704
641,2.2301391383408613
642,2.170343496276159
841,5.866360079669272
842,6.834941454709499
843,8.146352760647744
844,10.099388620059267
845,10.082506124672983
846,11.044985348262568
847,13.824261935713219
848,12.036673989228666
849,11.710972585977972
850,11.357284083003087
851,11.397727957014387
852,10.345489054480545
853,10.806049984054315
854,9.528419846938817
855,4.604778249394915
856,5.232896650445293
857,6.4490182182874785
858,8.143148418915546
859,7.904387058026321
860,9.069120437290012
861,11.578857302586956
862,10.08161818454784
863,9.808818805526467
864,9.550682339520193
865,9.676440631130365
866,8.655414538229032
867,8.968384782011599
868,8.003338400401427
869,3.413242715622604
870,4.183535181987279
871,5.664919520245819
872,7.072650045277243
873,6.7142242505005125
874,7.863730234857362
875,10.166709959867402
876,8.930424593242344
877,8.79047184363691
878,8.624451248656646
879,8.735068212489441
880,7.970757214606937
881,8.250589338533414
882,7.382646665516012
883,2.210674497856816
884,3.0262030884886797
885,3.8955025975929667
886,5.157561295394087
887,4.9560989602146766
888,5.998503874528132
889,7.878558990119808
890,6.952516213722263
891,6.864489907075126
892,6.706852183814221
893,6.8146193920879705
894,6.252076415297292
895,6.471570219353593
896,5.790776190668605
897,1.4457896743669068
898,1.6780655049341229
899,2.2103170556707834
900,3.234991668583447
901,3.15781080045514
902,3.9897751982973118
903,6.266529041940767
904,5.627770388192479
905,5.491919996767336
906,5.304062459739321
907,5.563471277020236
908,5.017835595038579
909,5.407020653238155
910,4.821900436932116
911,0.6740597378470357
912,0.9239174033052717
913,1.1914020369802794
914,1.9274363326104422
915,1.844709718428194
916,2.373973722316776
917,3.8375597783996893
918,4.175571370079167
919,4.2775807615425885
920,4.176508725978267
921,4.353356264292316
922,4.021621973876077
923,4.36051923237904
924,3.792887350141153
925,0.24345869025418548
926,0.3987518945426943
927,0.6092758666637444
928,0.9243399917012255
929,1.110277270861165
930,1.6460913662102177
931,2.3706505964471436
932,2.614298632583837
933,3.088906158086055
934,2.870930031380119
935,3.0513657365630023
936,2.873713121546952
937,3.1165687708007574
938,2.745231202523762
939,0.11348611668404866
940,0.165013925300917
941,0.23860222242654133
942,0.42264415604025
943,0.8179984674757533
944,1.1203398732988064
945,1.4111384253610926
946,1.551764776898772
947,2.2985657406438476
948,2.374958359725543
949,2.3513019211105233
950,2.309184867775666
951,2.4830126219023447
952,2.310050100462093
953,0.038795725503157186
954,0.05600559573986104
955,0.0856399731476428
956,0.1527929512658028
957,0.30977335780992427
958,0.4306414086309666
959,0.8352701349947695
960,0.7421505508145673
961,1.3534140709758216
962,1.440129212856093
963,1.3864919044354755
964,1.4978378319922905
965,1.6185471540029057
966,1.5297086726825861
967,0.01925203388231378
968,0.024990897791823577
969,0.03484595279244122
970,0.06688381962470767
971,0.15254461823289397
972,0.23890469101387007
973,0.5314425793491768
974,0.4083199246384927
975,0.5682465961332921
976,0.7347305937394696
977,0.7149235690015302
978,0.7847448948949015
979,0.8418368674200642
980,0.7978835665499772
981,0.012021939392499313
982,0.015520649742958229
983,0.020915111147012895
984,0.04094740598100252
985,0.07148151855051615
986,0.11785441519139715
987,0.2706775865720897
988,0.21890000438383922
989,0.3004090801503297
990,0.3546375990824071
991,0.38827576184508805
992,0.4136259373411031
993,0.44286321143943713
994,0.41671118032835225
995,0.01
996,0.01
997,0.01
998,0.014609111822864193
999,0.025555082516340553
1000,0.04642194006254781
1001,0.09248862307151605
1002,0.0899144962440496
1003,0.13373722711561908
1004,0.14263529562846225
1005,0.1394401684745176
1006,0.15817688708197072
1007,0.16674543760409977
1008,0.157559196939931
1009,0.01
1010,0.01032731565659394
1011,0.015591330868735237
1012,0.025196522630614338
1013,0.027503370440720716
1014,0.027447266344533337
1015,0.041335756689513704
1016,0.04353752165847401
1017,0.041733843171463364
1018,0.04756861716683572
1019,0.051821479210322006
1020,0.0512239363122825
1041,7.982703736027878
1042,9.149619864186583
1043,10.458967537803554
1044,14.249395691478338
1045,10.440510987122309
1046,11.49477485198215
1047,12.982206345917128
1048,12.357526264339484
1049,11.269901210952789
1050,12.33822447353053
1051,12.609015256633697
1052,9.870119526267443
1053,9.295718454897353
1054,7.939197893047711
1055,6.470934764025157
1056,7.234148430472314
1057,8.336865738345345
1058,11.418095436803942
1059,8.150633248360036
1060,9.561351282120016
1061,10.963484549883223
1062,10.498214974621542
1063,9.585128916170047
1064,10.493745238911083
1065,10.890056556469363
1066,8.365448687523262
1067,7.8036463220330745
1068,6.904666147485369
1069,4.276375266093303
1070,5.163474400227313
1071,6.864146516128325
1072,9.380105053604217
1073,6.664749376070339
1074,7.968932626545144
1075,9.226341788593391
1076,8.908191683049477
1077,8.069894600576449
1078,8.958729524424482
1079,9.293935130758706
1080,7.544376597136511
1081,7.15087979054821
1082,6.271588180029847
1083,3.0643774662178136
1084,4.132429894747088
1085,5.315828907438691
1086,7.544674252154085
1087,5.437735982714038
1088,6.741400082724069
1089,7.920045895164475
1090,7.682299921091536
1091,6.959364241251153
1092,7.725883048691506
1093,8.040617124854338
1094,6.773464555356964
1095,6.4201766941593075
1096,5.621128456223083
1097,1.5998345122715927
1098,2.1261080026875856
1099,2.752440683142077
1100,4.10321003198096
1101,3.14829586022574
1102,4.181975996273903
1103,5.169892637089821
1104,5.345489126672016
1105,4.934302092584277
1106,5.462628150427106
1107,5.6851626119909415
1108,4.970285523703382
1109,4.7484966514442855
1110,4.169958902742616
1111,0.7853336574339127
1112,1.269710884285722
1113,1.6271113396022672
1114,2.4671634307772083
1115,1.9705334212616643
1116,2.403049806879606
1117,3.1932848294184217
1118,3.740700739655847
1119,3.4529576340017343
1120,3.8163551345466473
1121,3.983765952063473
1122,3.610283071123081
1123,3.476521861344056
1124,3.044080097762443
1125,0.2997956012736463
1126,0.5791867338206114
1127,0.8615497281769681
1128,1.3190030430341122
1129,1.1605268307074907
1130,1.5310586112363127
1131,2.137317525474985
1132,2.516988723768187
1133,2.6260416020445745
1134,2.9057580184901077
1135,3.0533980991314174
1136,2.790327914126329
1137,2.686946093332528
1138,2.361455925086662
1139,0.23618663873815848
1140,0.4562981153881515
1141,0.6530909239691054
1142,1.004560891036024
1143,0.8787791913344851
1144,1.1965625833495879
1145,1.6187597253620474
1146,2.056266020624589
1147,2.1841692685855527
1148,2.448956403673434
1149,2.5733866276028428
1150,2.3739609707999234
1151,2.2890476548799517
1152,2.007364280455715
1153,0.058841725166945545
1154,0.0944352334219236
1155,0.13418772483644614
1156,0.20549606267561893
1157,0.2856114904849459
1158,0.6782413133441783
1159,0.9481485296054433
1160,1.1069590358035466
1161,1.3574214967675597
1162,1.5619490637331555
1163,1.7200611395968675
1164,1.5746518423590932
1165,1.5113747017569839
1166,1.3575934234832674
1167,0.031479946537478376
1168,0.04371579650610651
1169,0.06120344708539131
1170,0.08831823440250806
1171,0.1296849994916219
1172,0.3204562268012309
1173,0.61432095114545
1174,0.653034935151765
1175,0.7274721630537988
1176,0.8780595094382805
1177,0.977853496753819
1178,0.8905065168476544
1179,0.8602626027225303
1180,0.8312321290451987
1181,0.02785024650509366
1182,0.03971803865985553
1183,0.05123844782078399
1184,0.06586016707106812
1185,0.13545069950404762
1186,0.27709246191380654
1187,0.2882599269835987
1188,0.3517503139828828
1189,0.42219876019859687
1190,0.49976697414367965
1191,0.48225888646753173
1192,0.46054709652636555
1193,0.4437256703585459
1194,0.011182908586581726
1195,0.015097026030739117
1196,0.019947728240998247
1197,0.020298513794722223
1198,0.03711376713264124
1199,0.07172094599746873
1200,0.07738155574871398
1201,0.11483689493980202
1202,0.14896103119877793
1203,0.17011353663268744
1204,0.16714086878372988
1205,0.16036981781270832
1206,0.15904166992190813
1207,0.01
1208,0.010625194521583173
1209,0.01429849151791973
1210,0.014941580080558375
1211,0.02524389339426438
1212,0.02492724158111588
1213,0.024320428177315893
1214,0.03423185471920494
1215,0.04154026217935444
1216,0.045852095952176625
1217,0.046569077009480674
1218,0.04625311864495559
1219,0.046243119564562056
1239,9.628654707877555
1240,9.619115547127398
1241,10.959485389327465
1242,14.849502366771153
1243,11.268775549873581
1244,11.857755100999901
1245,13.280571071196224
1246,12.02766771824842
1247,13.413521108273759
1248,12.020813254995318
1249,11.815427561431692
1250,10.691619855694858
1251,9.966269734350648
1252,8.003303330678417
1253,7.741975304847786
1254,7.734305287675365
1255,9.014843755320703
1256,12.31165628857787
1257,8.991907125044175
1258,10.19356241290877
1259,11.613723394638523
1260,10.514792360078918
1261,11.607656894999081
1262,10.444118231543664
1263,10.265671697091875
1264,9.309305243539788
1265,8.416590890789985
1266,6.998250221093029
1267,5.76251388377086
1268,5.7568049298276565
1269,7.577852082537786
1270,10.166044277987792
1271,7.416439862183691
1272,8.497580700512907
1273,9.769730110330787
1274,8.911421474385431
1275,9.815289443982385
1276,8.918003911938976
1277,8.901319012517789
1278,8.207439451195585
1279,7.63409129345049
1280,6.379430176520396
1281,4.519060269787398
1282,4.514583212123478
1283,5.769845234045941
1284,8.012304950867543
1285,5.929286785418364
1286,7.043976962275402
1287,8.217759138864427
1288,7.611899646430183
1289,8.38395967052068
1290,7.618416561658193
1291,7.628505499527264
1292,7.071998791433256
1293,6.924692167235291
1294,5.7896842683914365
1295,2.5100688141425573
1296,2.6028859656343406
1297,3.225290259347751
1298,4.525166706064585
1299,3.556911893268531
1300,4.120399677814097
1301,4.929012056840492
1302,4.8504664277581835
1303,5.349049349247134
1304,4.906009551282336
1305,4.912506495253222
1306,4.599594968905773
1307,4.81197972675701
1308,4.03959316424874
1309,1.5170230406262986
1310,1.5731194139946263
1311,1.9090353799242057
1312,2.7242980736014055
1313,2.174496133179691
1314,2.553507597004409
1315,3.3107462225870767
1316,3.7020442912748917
1317,4.082580078031882
1318,3.7662846474609477
1319,3.7712722733669293
1320,3.611385991776506
1321,3.73787494500389
1322,3.183754597002264
1323,0.6552748967350766
1324,0.6795056066727237
1325,0.9666068458205003
1326,1.3950044324034203
1327,1.168852402764766
1328,1.5513386171293206
1329,2.2266935613097756
1330,2.5166506730997287
1331,3.12305428561342
1332,2.8889138532522316
1333,2.911979355714863
1334,2.791892237745012
1335,2.8778220744800187
1336,2.451200051844114
1337,0.5090087212824299
1338,0.5278308106720586
1339,0.7180838973397435
1340,1.065878437565752
1341,0.8768362342254234
1342,1.1963514952295518
1343,1.6632716458839776
1344,2.0681079798709305
1345,2.5537470596645737
1346,2.303765891789588
1347,2.399725670569826
1348,2.3020658586042186
1349,2.3885364010496324
1350,2.0449087060678885
1351,0.1945159126762441
1352,0.2017087086795684
1353,0.28000935087335677
1354,0.4391138446787025
1355,0.47636585213383104
1356,0.7319342140080349
1357,1.0065797015600133
1358,1.2692165246146871
1359,1.7570442429725701
1360,1.5811790534881198
1361,1.6511706657910632
1362,1.6031718779111805
1363,1.6674860797744562
1364,1.461259916393015
1365,0.07932972588358918
1366,0.08226317501600032
1367,0.10804755209857327
1368,0.18221338756988054
1369,0.21097922214715248
1370,0.40011969270374154
1371,0.5841210766397932
1372,0.6729384765112968
1373,0.9089827170770827
1374,0.8361487387331332
1375,0.8901076096004608
1376,0.865296526337342
1377,0.9000094951919098
1378,0.8184945921550653
1379,0.05433535540087282
1380,0.05464091570696244
1381,0.070762810087307
1382,0.11680643546643768
1383,0.1085207680601773
1384,0.20636261587095367
1385,0.32862037746734596
1386,0.3679322797420178
1387,0.507002557497743
1388,0.48131442542413805
1389,0.5156466232846665
1390,0.5212393113196945
1391,0.578557505760203
1392,0.5268557410924878
1393,0.03752551677770516
1394,0.03773654527486271
1395,0.04809852903257
1396,0.0784865569656089
1397,0.06672650776421486
1398,0.11826126544695242
1399,0.1774140796541438
1400,0.20761964090697693
1401,0.3405167583363391
1402,0.3380821344116078
1403,0.3610130777145463
1404,0.35903791781658906
1405,0.40209326577150056
1406,0.3662361642336511
1407,0.021396383880628412
1408,0.027317003922335156
1409,0.0438033936342375
1410,0.0362639402312537
1411,0.081604235787122
1412,0.10502738257823807
1413,0.11471152373717562
1414,0.17840025803943463
1415,0.1793514059107815
1416,0.19320757063003605
1417,0.18934492519347815
1418,0.21267357088591066
1419,0.19422103183631104
1442,10.708298887949644
1443,10.823150002764397
1444,11.521941590370519
1445,16.206816714543816
1446,12.515489910610885
1447,13.49267018849258
1448,14.265847734852086
1449,15.732141963636677
1450,13.804084260766242
1451,13.906914446339036
1452,13.441108530747297
1453,11.554138230444767
1454,10.231517687127452
1455,10.16088709138586
1456,8.314330319008276
1457,8.522574313161407
1458,9.200244393736776
1459,13.009321457493384
1460,9.736731322296812
1461,11.015213504473678
1462,12.137305782606768
1463,13.601934954938212
1464,12.205236336857059
1465,12.344960020405116
1466,12.108508608647705
1467,10.2742621469939
1468,8.960654370378899
1469,9.017174367198477
1470,6.382271858986266
1471,6.8460964905302415
1472,7.926628204530752
1473,11.348335671973308
1474,8.247552645826802
1475,9.390287080721654
1476,10.411939063728278
1477,11.935130608835186
1478,10.669639331631723
1479,10.822445993314835
1480,10.708180500240756
1481,9.241564514929212
1482,8.26044930144163
1483,8.320541883163557
1484,5.294738030966984
1485,5.679527330231527
1486,6.441589172537661
1487,9.392754856327093
1488,6.883118517203775
1489,8.091574420452751
1490,9.204579545688105
1491,10.526287022721775
1492,9.163075852743766
1493,9.386382320149243
1494,9.317009458950112
1495,8.062783147903723
1496,7.67000210077998
1497,7.653471699738119
1498,2.7000721099137674
1499,3.0216106667902207
1500,3.3942639024743824
1501,4.997804740964286
1502,3.8984915503409137
1503,4.366090500209085
1504,4.9690217999118165
1505,5.702263183552553
1506,5.438508614529743
1507,5.645342868202894
1508,5.459749841260559
1509,4.759996834627536
1510,4.884369285322542
1511,4.77409873017817
1512,1.406951190647396
1513,1.5744982179195
1514,1.7396397386055102
1515,2.567067983065338
1516,2.0308232802337196
1517,2.2281927417049667
1518,2.67443727619875
1519,3.3663005769113448
1520,3.316227665492967
1521,3.5800298294034905
1522,3.467220853051417
1523,3.0632437581707315
1524,3.135693842795942
1525,2.9906279789957475
1526,0.6123151666678757
1527,0.6852328248004362
1528,0.8837105723554333
1529,1.3157512857050895
1530,1.0926690359305549
1531,1.2779002613997499
1532,1.7739953770395527
1533,2.2364709118788118
1534,2.4805731623388376
1535,2.6872189142912553
1536,2.636161218107795
1537,2.338484179515888
1538,2.377184458982126
1539,2.267209335694211
1540,0.49432042438930135
1541,0.5363126235051058
1542,0.6822871901534427
1543,1.0286201702280349
1544,0.8595294405181955
1545,1.0012718924422759
1546,1.3939856083518063
1547,1.9170225961619272
1548,2.1148421119562215
1549,2.280296808129381
1550,2.147843650028008
1551,1.9843705259932447
1552,2.0373639833006125
1553,1.9406752021964524
1554,0.18890283109951178
1555,0.20495000395681356
1556,0.26605079703337664
1557,0.43043461653257814
1558,0.4613511260633485
1559,0.623698580962585
1560,0.8484710492145005
1561,1.2664780160538143
1562,1.446726283559901
1563,1.5698183600176754
1564,1.4786340024864146
1565,1.4111719053725333
1566,1.4597304210751867
1567,1.4232463727882179
1568,0.07918911094739887
1569,0.08369277691727549
1570,0.10444298895923723
1571,0.1794790462153568
1572,0.20388576823255372
1573,0.33629636611836144
1574,0.47071465128198203
1575,0.6789280329243259
1576,0.7600415940393555
1577,0.8465489352291258
1578,0.8151059703126892
1579,0.7788842263748637
1580,0.8056856825213341
1581,0.8152232207257412
1582,0.05163975791153706
1583,0.05292643615273129
1584,0.06464848572291726
1585,0.10720651383242523
1586,0.09815614381052887
1587,0.1678971865612987
1588,0.24156696712589826
1589,0.339045445563322
1590,0.4067777195059211
1591,0.45856161412539725
1592,0.454299959413323
1593,0.4335424700639842
1594,0.4664428216717721
1595,0.503152231581991
1596,0.03585912641056249
1597,0.03682796151629038
1598,0.04442509344239889
1599,0.07367008432420212
1600,0.06095135644847484
1601,0.09998275526503063
1602,0.1310040692330227
1603,0.1973801643611591
1604,0.2779947826536524
1605,0.32800050307112727
1606,0.32429126754444043
1607,0.31627918518722786
1608,0.3261428835388942
1609,0.3551029130768764
1610,0.029672037812608045
1611,0.03047371132696538
1612,0.03676004365971471
1613,0.06021641820144131
1614,0.047984031753228414
1615,0.07437054834072128
1616,0.08673993978532232
1617,0.11797678614120656
1618,0.1596726068672587
1619,0.18871967569659903
1620,0.18897000875122139
1621,0.18485248621978842
1622,0.18891233003186725
1623,0.2073826715961082
1646,10.113456414563588
1647,11.828269267724162
1648,11.476168048096499
1649,12.195376429980904
1650,12.923544187266433
1651,13.080090365794744
1652,13.257847533864203
1653,14.017182869284584
1654,11.790728276788347
1655,12.571220698437763
1656,12.720254341131813
1657,9.724423419358166
1658,8.002043181084234
1659,8.518313199539104
1660,7.2957770586209145
1661,8.802538240043331
1662,8.46936245887302
1663,9.088985754617683
1664,10.253118971330997
1665,10.467728803615534
1666,10.834149749819835
1667,11.443597536681459
1668,9.461100556575085
1669,10.298657586714743
1670,10.481721213251376
1671,7.74341757777769
1672,6.371911130812677
1673,7.027063276025295
1674,5.560480660890531
1675,7.469054441530917
1676,7.117675612012738
1677,7.650362712580791
1678,8.201138952722223
1679,9.100236779229126
1680,9.504665581030865
1681,10.085464030686587
1682,8.340936931654722
1683,9.136659451201657
1684,9.44301194963393
1685,7.295284683365556
1686,5.91901433049208
1687,6.5872290579529915
1688,4.399101874868395
1689,5.909045170920636
1690,5.574315393341636
1691,6.061808286012513
1692,6.649141583959527
1693,7.579473128257324
1694,8.030649312027407
1695,8.521375538046717
1696,7.047395709065236
1697,7.744427153096697
1698,8.101191785974718
1699,6.533363155939944
1700,5.263673576252526
1701,5.834618690799606
1702,2.6965563900362404
1703,3.7343897603050844
1704,3.5757116190233242
1705,3.8113102192860584
1706,4.491484469385631
1707,4.537956451018538
1708,4.846645883426781
1709,5.397452311894725
1710,4.497068375905597
1711,4.941856520827497
1712,5.205211015241467
1713,4.492267053719704
1714,3.6268581736287056
1715,4.1046456278410055
1716,1.712455899941984
1717,2.350118247141308
1718,2.2103398232313873
1719,2.3559759997305783
1720,2.817322628741596
1721,3.012462756785326
1722,3.544383698597038
1723,4.232329064651499
1724,3.6149150784817023
1725,3.995631090934255
1726,4.208560665352884
1727,3.6817081535322562
1728,3.0081492573819593
1729,3.3330012219957728
1730,0.7972753252833139
1731,1.1096919840607922
1732,1.1891514838038804
1733,1.296060520901674
1734,1.6020642808290495
1735,1.8527838884924595
1736,2.3833847209145547
1737,3.3069131551137314
1738,2.8547767240141204
1739,3.1626310131355404
1740,3.356067079005757
1741,2.9223788596330498
1742,2.387737275688129
1743,2.683558110017331
1744,0.7324782162134357
1745,0.9732406830417181
1746,1.0755242426666323
1747,1.3812610134701642
1748,1.5718767446858652
1749,1.7478316682695527
1750,2.127795533415233
1751,3.0199009802910615
1752,2.5709055285152385
1753,2.8406270712323214
1754,2.9979075484014297
1755,2.8035240257267664
1756,2.250581344267149
1757,2.4873051019695525
1758,0.25326343966273684
1759,0.33581281892756093
1760,0.3794594968886576
1761,0.5810330038993264
1762,0.9515987991977839
1763,1.2099035864892063
1764,1.5060059318888652
1765,1.9706542614346148
1766,1.7379032273892652
1767,1.9196540084896492
1768,2.0315462687970713
1769,1.9622577175653295
1770,1.5791176540828888
1771,1.7863725213524613
1772,0.10944485272828965
1773,0.13771203821291098
1774,0.15744152243039902
1775,0.24005156328588753
1776,0.36951738223791797
1777,0.5743364436590885
1778,0.6886995508661397
1779,0.9609046886098868
1780,0.9358448220876618
1781,1.0733185912032133
1782,1.1372920719645623
1783,1.1118077317001087
1784,0.8947220343981358
1785,1.0668717915713486
1786,0.0797974026070476
1787,0.09530798401310353
1788,0.10986977710122314
1789,0.15835475798308157
1790,0.20146996708948423
1791,0.3296218906502663
1792,0.4413353887941269
1793,0.6398768395413624
1794,0.6494030836072312
1795,0.7433510134995884
1796,0.7795625582361946
1797,0.7594741897559406
1798,0.613095592118242
1799,0.8020476977465079
1800,0.05751094889407355
1801,0.06874963729131449
1802,0.08011965576873027
1803,0.11547605750811955
1804,0.12800470359484092
1805,0.18883208779741334
1806,0.24519327320540207
1807,0.4330969746858024
1808,0.452815038284217
1809,0.5263397277349031
1810,0.5549296204243509
1811,0.5422990014749146
1812,0.4384260251787962
1813,0.5566072184468662
1814,0.03680162925013333
1815,0.043993338856852346
1816,0.05058356830838065
1817,0.07124094933005257
1818,0.07852745796328166
1819,0.10217345127449326
1820,0.10992359810044681
1821,0.1814161703857133
1822,0.19525385780236998
1823,0.22856985934489316
1824,0.239675156099195
1825,0.23113456431652848
1826,0.1938390953694997
1827,0.23765463645615503
1853,10.99600029958391
1854,12.126755516343756
1855,13.087472117948655
1856,13.830157106569828
1857,15.197804193258706
1858,14.816599191712681
1859,15.717477820769894
1860,13.937807939744951
1861,12.810218739904666
1862,11.506879506994432
1863,11.380723581387702
1864,9.61293105363792
1865,7.494454957500824
1866,8.194572036997641
1867,8.120836208628708
1868,9.223244633316126
1869,9.887890553641263
1870,10.443099832639817
1871,12.304360558535691
1872,12.100242954046555
1873,12.94731987971443
1874,11.541319535469626
1875,10.639806290495894
1876,9.356162766102559
1877,9.426704321174869
1878,7.756464738640166
1879,6.047112508019403
1880,6.759997534141565
1881,6.077013250728826
1882,7.374421451049346
1883,8.159053377352969
1884,8.630673452325729
1885,10.269384103910376
1886,10.129648244983915
1887,10.937597289837846
1888,9.83421118379494
1889,9.081829507423738
1890,7.9795688359922545
1891,8.29958055908851
1892,7.06512551253411
1893,5.538822249931175
1894,6.153054649762923
1895,4.711194271700448
1896,5.71700779048357
1897,6.260998591429503
1898,6.65426040101266
1899,8.160425783914675
1900,8.20179496370171
1901,8.956199858945746
1902,8.05269735968236
1903,7.436613179105541
1904,6.554948948366426
1905,6.817827877151791
1906,6.391373054596997
1907,5.0002627391827055
1908,5.528192509268138
1909,2.9313955840304478
1910,3.789686638732362
1911,4.490695784948388
1912,4.777317867157274
1913,6.151615315411651
1914,6.182800854831122
1915,6.892785881053796
1916,6.197440827515368
1917,5.715901715256866
1918,5.060402814963141
1919,5.325534220687803
1920,5.31664761226
1921,4.34202044598793
1922,4.911639223181471
1923,2.0191116974475296
1924,2.5745063763974643
1925,3.4578188103648957
1926,3.6417061406511197
1927,4.785167266517851
1928,4.809425614084692
1929,5.6981493406834725
1930,5.123319362392932
1931,4.725239134401053
1932,4.2077581657172285
1933,4.528959435226487
1934,4.473215148517123
1935,3.613869046397296
1936,4.176336034629351
1937,0.7045030698834474
1938,0.8678682384119186
1939,2.14113450807389
1940,2.2483257138317927
1941,3.4668176199698575
1942,3.4843926099528675
1943,4.33370704339991
1944,3.906572882017797
1945,3.8283431913301604
1946,3.4304389902015924
1947,3.692303221754689
1948,3.632166900360474
1949,2.926151073039455
1950,3.3815807967050953
1951,0.5979042980200069
1952,0.7140833424194445
1953,1.7378663130234597
1954,2.0296109212214684
1955,3.169248292652389
1956,3.21093915792714
1957,3.9240940872866155
1958,3.5639393762782525
1959,3.547590087576003
1960,3.1771561971201274
1961,3.3928042160873004
1962,3.3571448001914854
1963,2.7117068743679282
1964,3.1281690208846213
1965,0.2162972666177433
1966,0.2583260826424423
1967,0.6012714670998539
1968,0.8206282192783295
1969,2.2318210647397145
1970,2.3205201556479236
1971,2.812825886712023
1972,2.4842857688292526
1973,2.553641391153228
1974,2.2869940920002385
1975,2.4850169804033375
1976,2.502573780347542
1977,2.0264111635082704
1978,2.337519199965519
1979,0.09906137104310256
1980,0.11547899124426912
1981,0.2641258699254845
1982,0.39638812868013507
1983,1.2573753626316206
1984,1.3866861364798648
1985,1.73346321582615
1986,1.5581997061588853
1987,1.704153726713332
1988,1.5500775588497875
1989,1.6939917234200395
1990,1.7059598805915028
1991,1.4216119267755665
1992,1.677370310844993
1993,0.07385955664254937
1994,0.08602191173094863
1995,0.16766008919203917
1996,0.2321922062238717
1997,0.6548456430905298
1998,0.75916925503944
1999,1.068092915388323
2000,1.084568035202357
2001,1.146626048067608
2002,1.0494916757090544
2003,1.146873363296657
2004,1.1472635056573872
2005,0.9573626179493943
2006,1.1280138492871599
2007,0.054218123844869466
2008,0.0631461502832006
2009,0.12097144272715146
2010,0.17020361103674253
2011,0.4191098218054425
2012,0.47203457545741845
2013,0.6835231521937086
2014,0.8116966822601034
2015,0.8992216529664463
2016,0.836087511295646
2017,0.9228969779620635
2018,0.921881454943703
2019,0.7700520618623181
2020,0.9082426026383221
2021,0.04728416615235691
2022,0.05493272742260979
2023,0.1047446074873488
2024,0.14091858649024447
2025,0.3060566727713402
2026,0.33456808281725975
2027,0.41486968308401795
2028,0.4566364565666759
2029,0.5035410210848182
2030,0.4750852974560377
2031,0.5239058935624292
2032,0.5189420518266469
2033,0.4321498146796203
2034,0.5110651031800223
2061,11.24897120677941
2062,11.631145020050706
2063,12.175299330842916
2064,13.963763639426384
2065,13.768712012043988
2066,13.707269499410128
2067,14.20118305179502
2068,13.76538708513009
2069,11.302675912153369
2070,10.326816941559802
2071,9.592734059733653
2072,7.904429775356499
2073,7.269983061894364
2074,6.152462105997165
2075,8.467104827341933
2076,8.959908410499642
2077,9.333009832593039
2078,10.822863334806422
2079,11.246169026244669
2080,11.19598329486521
2081,11.883546611424979
2082,11.480272430602584
2083,9.426382117979108
2084,8.61252001828098
2085,7.908548846529953
2086,6.344656219140179
2087,5.8354042679329785
2088,5.0489231724359875
2089,6.4561125088235505
2090,7.299523614360103
2091,7.735934853436689
2092,8.813172243589477
2093,9.336015987904847
2094,9.322537676390866
2095,10.047722133582916
2096,9.729889102794646
2097,8.019275992392704
2098,7.326901684249677
2099,6.931427075421938
2100,5.772661032552614
2101,5.216947355902319
2102,4.593628604102917
2103,5.037254029198851
2104,5.695308854580021
2105,6.001958549880689
2106,6.847137394196537
2107,7.418737561654508
2108,7.548291975588039
2109,8.227529792044072
2110,7.9672737165932395
2111,6.5665462540520005
2112,6.018804709513409
2113,5.693935543707328
2114,5.222162028307027
2115,4.709684893087199
2116,4.135039614115079
2117,3.5062821068892633
2118,3.804311330597489
2119,4.326940440075747
2120,5.05605002256378
2121,5.773777236844222
2122,5.823011401394497
2123,6.423102546171089
2124,6.219924739084786
2125,5.140865048123678
2126,4.732772864168912
2127,4.537431614161066
2128,4.431741808057985
2129,3.995723666684674
2130,3.708533747192852
2131,2.528936146175234
2132,2.7062743098650444
2133,3.331727812685587
2134,4.048668069558427
2135,4.587033615493602
2136,4.62614817751406
2137,5.420399018660667
2138,5.251557373313475
2139,4.340494279462281
2140,4.0192524965290115
2141,3.9410258987365703
2142,4.045862139392312
2143,3.677693136144906
2144,3.42157395106135
2145,0.898241240485044
2146,0.9286759945140527
2147,2.106040592541582
2148,2.637810487248205
2149,3.5499684757397674
2150,3.5802397738715217
2151,4.4036792846615
2152,4.277512809524852
2153,3.5431256953787336
2154,3.2846792938896923
2155,3.220749673587865
2156,3.3466780317878118
2157,3.033588473504068
2158,2.822325548906946
2159,0.7623278326291486
2160,0.7641160591390868
2161,1.8646087451770477
2162,2.381207020003871
2163,3.247873042020967
2164,3.344226112068713
2165,3.9906608679968665
2166,3.8735224901111875
2167,3.285930756202138
2168,3.046244938510072
2169,2.986955959331009
2170,3.1252886520777245
2171,2.8150469630488697
2172,2.619003544672812
2173,0.2793541384297635
2174,0.2782940337810331
2175,0.645503193348371
2176,0.9572814114098378
2177,2.392651919131638
2178,2.4503201728050894
2179,2.933945412635558
2180,2.800924328243044
2181,2.4258326910702572
2182,2.2430787007716577
2183,2.208595140142115
2184,2.3824945425420267
2185,2.1459886663603593
2186,1.989416006282503
2187,0.12343108523825873
2188,0.12363680465403507
2189,0.2858522027501272
2190,0.4495120885869946
2191,1.2583335936374174
2192,1.3668673151987147
2193,1.6366236154484455
2194,1.6419949859705218
2195,1.4925258187845363
2196,1.47757843086503
2197,1.4765350876068783
2198,1.6211160845836876
2199,1.4330593724963216
2200,1.4011929187464682
2201,0.08676045469751699
2202,0.08759034292176189
2203,0.17689947247775134
2204,0.257776705910233
2205,0.6893671598702812
2206,0.7871683070971494
2207,1.0607768203435781
2208,1.1465472027171473
2209,1.0533695856527976
2210,0.9949591535680241
2211,1.0049814440581624
2212,1.09140637953553
2213,0.9583171237106929
2214,0.9394642802131483
2215,0.06713212775812083
2216,0.06837315671832393
2217,0.13774544220442764
2218,0.1940614597091921
2219,0.49545284284245905
2220,0.561106668716997
2221,0.758141579930563
2222,0.9437536167818428
2223,0.8789594235904952
2224,0.8433757114779427
2225,0.8535011450235737
2226,0.9299444214389255
2227,0.8142486370498936
2228,0.8020959356603791
2229,0.061499570976828864
2230,0.06267027758380747
2231,0.12625634844415867
2232,0.16535989304171939
2233,0.4024930032574895
2234,0.44061677021218715
2235,0.5260046491736402
2236,0.6348313454901574
2237,0.5914698995116038
2238,0.5576884389354612
2239,0.5666567019934632
2240,0.6143385262336019
2241,0.5311263675861129
2242,0.5224115620647387
2270,0.6145096179836239
2271,0.8990018616049846
2272,1.188580916925522
2273,1.509520102257751
2274,1.7186728177957578
2275,2.268752755562043
2276,3.164186717217628
2277,3.6954035134465832
2278,4.065162590488006
2279,4.267142536168975
2280,4.871891406564121
2281,0.5810549427969488
2282,0.8516747819924695
2283,1.0983694910178956
2284,1.4262954623881192
2285,1.583685900427614
2286,2.1269728101339287
2287,2.9664488989420725
2288,3.5269298816931784
2289,3.872911854809288
2290,4.055612093781671
2291,4.632886823851783
2292,0.5568071074152391
2293,0.8214894135934916
2294,1.1613534902995484
2295,1.4927612711370524
2296,1.6991956896074771
2297,2.264725038544436
2298,2.9947105234383375
2299,3.6464472188420545
2300,4.860503076986734
2301,4.180032930521125
2302,4.775017688888566
2303,0.7690632525545837
2304,1.1305584337906498
2305,1.607040180017394
2306,2.035608640711814
2307,2.331460224013831
2308,3.03176301542926
2309,4.012868811230711
2310,5.018130598161195
2311,6.028946306912618
2312,6.4585691832686285
2313,7.24169747672925
2314,0.7023988192355664
2315,1.0248475162646036
2316,1.448549760808479
2317,1.8349234873311244
2318,2.090737289638666
2319,2.695656577349822
2320,3.6275549118970734
2321,4.5416892285823485
2322,5.456534055100093
2323,6.097189496732938
2324,6.782614261468194
2325,0.6728398966494585
2326,1.0000445777377125
2327,1.3997433814686182
2328,1.7730989133984199
2329,1.9970076428135388
2330,2.5748078508221117
2331,3.443801339653487
2332,4.311630238424764
2333,5.196716274460896
2334,5.828204043224918
2335,6.479885645132021
2336,0.6919561012459928
2337,0.9945630248414548
2338,1.4082587078469841
2339,1.7838855448257274
2340,2.0080755419155314
2341,2.586394133066308
2342,3.4320129928506833
2343,4.336264887728483
2344,5.226407893610279
2345,5.6319147220411
2346,6.411820386198416
2347,0.6655579466900848
2348,0.9135103291315977
2349,1.327510649738587
2350,1.688805974908952
2351,1.917961444252328
2352,2.6406033471546646
2353,3.503945852852533
2354,4.409109124412825
2355,5.31420550364293
2356,5.846843291987784
2357,6.619887764576791
2358,0.5692930310179951
2359,0.8376880764048353
2360,1.312160572699686
2361,1.668683923536061
2362,1.9045774713569386
2363,2.65789397252048
2364,3.5379337477328083
2365,4.407601561242502
2366,5.312388469799864
2367,5.844844138562243
2368,6.652211897114452
2369,0.49632841701977365
2370,0.7654255855801861
2371,1.2344368209296313
2372,1.5698420761630998
2373,1.7970313535263018
2374,2.4921905926179577
2375,3.333254308231343
2376,4.152609387440769
2377,5.017540853359023
2378,5.568215569198941
2379,6.337371703505291
2380,0.42752757203128133
2381,0.6743120220322885
2382,1.0442300686207469
2383,1.329654691699039
2384,1.5272539623594055
2385,2.1059498981512355
2386,2.956756422586001
2387,3.6625439757737404
2388,4.539412780870818
2389,5.083543873247306
2390,5.907416960792149
2391,0.3677752205095121
2392,0.5902613436308067
2393,0.9630578929322953
2394,1.2301815786906753
2395,1.408534409380755
2396,1.948401180039265
2397,2.726915931477449
2398,3.3947018234818773
2399,4.215036370597823
2400,4.712827068773171
2401,5.524333733820145
2402,0.24009618751318876
2403,0.40292781339251976
2404,0.7788357694437096
2405,1.159500390409644
2406,1.3247894417338426
2407,2.036976718857715
2408,2.8508832388357654
2409,3.5379567397003346
2410,4.472367415383756
2411,5.000548598761018
2412,5.810940669582852
2413,0.2035666124766543
2414,0.3495330836986865
2415,0.7100981240317878
2416,1.3083125058375993
2417,1.4938592850962664
2418,2.344972696645564
2419,3.3496826170392757
2420,4.25265711271336
2421,5.229509179882813
2422,6.081728729063685
2423,7.266639520988914
2424,0.14779902729763925
2425,0.2328823907943309
2426,0.49072958511508696
2427,1.3384204085940152
2428,1.5028838885401654
2429,2.447950596417339
2430,3.3465285558604076
2431,4.541121158322088
2432,5.830752041573643
2433,6.486026995134685
2434,7.603848092858426
2435,0.10184565164111943
2436,0.13609991857544937
2437,0.29663828154228605
2438,0.8061613732907619
2439,0.9874234318753949
2440,2.7315270773203597
2441,3.7741215008647764
2442,5.4529094651023495
2443,6.833524565476585
2444,7.508763258970866
2445,8.802845752766626
2446,0.5607627783725146
2447,0.7343948352805554
2448,1.1555143767481595
2449,1.483770144037432
2450,1.706167330051297
2451,2.287191097282541
2452,2.8035253964292757
2453,3.923324747892332
2454,4.415532113789471
2455,4.244011718502378
2456,5.0115446143285345
2457,0.5238357313463522
2458,0.6881507274154439
2459,1.1435090231837788
2460,1.4785198106994284
2461,1.7083692063196607
2462,2.3377768138299344
2463,2.7464630404649086
2464,3.778836802235546
2465,4.356005055236409
2466,4.197028922438771
2467,4.815229155623221
2468,0.6301241648287607
2469,0.8193996570478181
2470,1.3879754781024196
2471,1.8243000195961987
2472,2.0952172722559266
2473,2.899324460080445
2474,3.3033321285213075
2475,4.595505177482877
2476,5.139305109505177
2477,4.969575535479276
2478,5.740801119733219
2479,0.6878810538205357
2480,0.943699359908701
2481,1.6110603305647093
2482,2.096793968044071
2483,2.4655832295500795
2484,3.3329949493005246
2485,3.8011098589366292
2486,5.591707312301417
2487,6.536259199381585
2488,5.728417604409817
2489,6.461234034271738
2490,0.6548927940949766
2491,0.8843207914040073
2492,1.5032485316599455
2493,1.9845960583695814
2494,2.3132335139551388
2495,3.1370968499363374
2496,3.6581019796478933
2497,5.647360144419711
2498,6.825888940659352
2499,6.817601593515161
2500,7.584012572015622
2501,0.635362078819893
2502,0.8589726816721599
2503,1.4852389959553267
2504,1.958604805000199
2505,2.3223691846281906
2506,3.136906234249573
2507,3.6214556566598572
2508,5.279234108943576
2509,6.401366541129141
2510,6.637576030874554
2511,6.94731134112528
2512,0.6020992649943061
2513,0.8213588942774931
2514,1.3995905161536197
2515,1.5186668924413829
2516,1.7988836724109156
2517,2.39270302472308
2518,2.793877119953438
2519,4.092157101989113
2520,4.778499687751046
2521,4.979848240439793
2522,5.7790698807108205
2523,0.5744695100356344
2524,0.822017371029028
2525,1.472006773873263
2526,1.932556059744191
2527,2.1955385795292823
2528,2.981111708341137
2529,3.4874794387221653
2530,5.125419700765139
2531,6.1521496799439
2532,6.176874948802343
2533,7.000321063019883
2534,0.39415863655080374
2535,0.557581401029095
2536,1.2444981130714683
2537,1.5357758339884913
2538,1.6940473555517332
2539,2.5574064179273313
2540,3.229753148888223
2541,4.954201517126037
2542,6.00724634962022
2543,6.025969233796644
2544,7.224219098417305
2545,0.34509275525891697
2546,0.49916247439657635
2547,1.0709288148127103
2548,1.3180110209005298
2549,1.4963336655194852
2550,2.3435005917954634
2551,2.638793175483698
2552,4.595242976569449
2553,4.956648759374589
2554,5.112843089561388
2555,5.788841212346136
2556,0.3963901932248025
2557,0.7660802519781527
2558,0.9470271540084654
2559,1.076723355995491
2560,1.800853108426038
2561,2.47876972725482
2562,3.808461152748991
2563,4.762489889495135
2564,4.762174421245781
2565,5.760778976474844
2566,4.941695880732279
2567,5.742580134804001
2568,0.22819893131274618
2569,0.33546542468789753
2570,0.659459306864974
2571,0.953274652925353
2572,1.083826455385933
2573,1.812733261805743
2574,2.6406234687366035
2575,4.137211986430034
2576,5.309021616089624
2577,5.52625079502074
2578,6.4778217496596255
2579,0.2300547255674002
2580,0.3474290520249652
2581,0.8030993272516117
2582,1.1694929467379502
2583,1.2784260050009955
2584,2.3004460102347357
2585,2.8813246531389147
2586,4.261315472439942
2587,5.308242768120496
2588,5.652633078253078
2589,6.56870237253341
2590,0.15752640267620405
2591,0.23724459739188478
2592,0.6424582512969722
2593,1.1185612705401151
2594,1.1304640636575365
2595,1.7664773347373963
2596,2.551450706887946
2597,3.7195876844367923
2598,4.833778709660734
2599,5.122238381561285
2600,6.120210472641381
2601,0.11528842888867954
2602,0.1504444519210195
2603,0.3729947317449656
2604,0.9887546170590026
2605,1.0351207842905226
2606,1.9619787625455822
2607,2.826021814184621
2608,4.474930272188131
2609,5.76963272726233
2610,6.003746768073154
2611,7.038450263414301
2612,0.10557189330272573
2613,0.14325222281345104
2614,0.33328697907538546
2615,0.9033839713534288
2616,1.056782542877127
2617,2.2150513451843756
2618,3.24592615664349
2619,5.231036652484729
2620,6.551928930048314
2621,6.734616161794818
2622,7.895279852583113
2623,0.5044226283822829
2624,0.7784706377373948
2625,1.2945035155351292
2626,1.7392820133349693
2627,2.1424561462627834
2628,2.8398056680799133
2629,3.685518689063292
2630,4.6809571804157395
2631,5.127227206751449
2632,5.436070224909234
2633,6.171613335045897
2634,0.428118122055118
2635,0.6629145743760143
2636,1.1255182365718945
2637,1.5291809385704678
2638,1.9214138123804614
2639,2.572588931913148
2640,3.247379721500586
2641,4.2010694262107515
2642,4.621099717004856
2643,4.576464850070575
2644,5.24402302549451
2645,0.4331076808537028
2646,0.6776226200675806
2647,1.227641577871192
2648,1.7140610068375781
2649,2.1808164149285116
2650,3.1404408565075954
2651,3.7509031173914003
2652,4.740666851384986
2653,4.236470116541247
2654,4.450194358305518
2655,5.085684941607889
2656,0.396659841373345
2657,0.6436003196024815
2658,1.1516721131146512
2659,1.6063542778713547
2660,2.038280799887689
2661,2.742384539290035
2662,3.4001760364845777
2663,4.496735309071594
2664,5.321271722295902
2665,5.734547999973279
2666,6.578956119117403
2667,1.2956932869626043
2668,1.7987811966894311
2669,2.265802432334209
2670,3.0317530036969753
2671,3.8636712084544618
2672,5.277841849739548
2673,6.192200526312638
2674,6.68870428749698
2675,7.240730893854453
2676,6.397116784042037
2677,7.09062333424253
2678,6.397116784042037
2679,7.09062333424253
2680,0.7082789269728745
2681,1.3202344825611347
2682,1.8061398801886441
2683,2.327009158828894
2684,3.1680180763482353
2685,3.8791169069052747
2686,5.336533722709549
2687,6.213163878372044
2688,6.775386529888876
2689,7.5099010146548055
2690,6.748181737053835
2691,7.409951429298541
2692,3.125318054134717
2693,3.8285927093233445
2694,5.274839305702574
2695,6.127992257859608
2696,6.180171809437869
2697,7.221076541657118
2698,3.132432189253513
2699,3.938390329786696
2700,5.4007399000582055
2701,6.303732802549132
2702,6.827023024962601
2703,7.391417176660593
2704,0.7046439127312103
2705,1.2079271004765217
2706,1.8226620830212652
2707,2.3001980821879324
2708,3.16881994577644
2709,3.9009776193139287
2710,5.354835405394236
2711,6.158453954301879
2712,6.761270356283042
2713,7.516599553511789
2714,7.117014009160779
2715,7.516093384618392
2716,0.32117378601570423
2717,0.4864320703485515
2718,0.8522528034067819
2719,1.19552097582162
2720,1.598683766196441
2721,2.40163630710604
2722,3.1168533795563094
2723,4.577601484662179
2724,5.317983133107066
2725,6.00083990275605
2726,6.8903419785859725
2727,0.27040682096139906
2728,0.41604170199493934
2729,0.7102921936787544
2730,1.0751639619978515
2731,1.4080655976724676
2732,2.0971599537985726
2733,2.9427689831879245
2734,4.273200487861133
2735,5.065418986294585
2736,5.758583306846936
2737,6.519640491034293
2738,0.21901995136130709
2739,0.33807804056662594
2740,0.5651594919891426
2741,0.8592873336436833
2742,1.1103639703597614
2743,1.7762172747055516
2744,2.5964210308575164
2745,3.6178158280648764
2746,4.399016099035204
2747,4.86043465334006
2748,5.663193735930897
2749,0.13579339131232307
2750,0.2151210819810947
2751,0.3970640545056144
2752,0.6214076802848263
2753,0.8188742676153602
2754,1.3802805041737576
2755,2.051756200419752
2756,3.5613824085742967
2757,4.457835490343982
2758,4.911778689158687
2759,5.729901553306527
2760,0.09686916482243746
2761,0.15674493405388507
2762,0.34313063127981597
2763,0.46818358133612215
2764,0.6339170849529726
2765,1.1570111757247266
2766,1.6984640944241416
2767,2.528525052268477
2768,3.1909060386645502
2769,4.408828761565886
2770,5.3438031868744185
2771,0.15978859906956722
2772,0.36064899199947137
2773,0.8134674328832058
2774,1.0721314727051114
2775,2.054155005539544
2776,3.2611299278674344
2777,5.372854574187422
2778,6.8189426957556
2779,7.6756289908459125
2780,9.052963032267881
2781,7.6756289908459125
2782,9.052963032267881
2783,0.08293989936378232
2784,0.11538578220113112
2785,0.285923542456472
2786,0.6920861718459216
2787,0.9121537466227544
2788,1.7442533314631623
2789,2.7346319707788886
2790,4.626771916490777
2791,5.967191638681713
2792,6.598033465206125
2793,7.799896973271065
2794,0.07524949900317476
2795,0.10621812432164227
2796,0.26935150029800725
2797,0.6666499671655096
2798,0.8786294105748057
2799,1.841930134763226
2800,2.8512445008959726
2801,4.6676377973051855
2802,5.8815190417467305
2803,7.0169866650707995
2804,8.295164512121692
2993,0.39677275596700357
2994,0.7067274085038563
2995,1.147575045077297
2996,1.7139745515359186
2997,2.1115071738881297
2998,2.5575745141025723
2999,3.3112600221360977
3000,4.658202165209755
3001,5.186026115440637
3002,5.583918563861797
3003,6.243085033544694
3004,1.843645909778142
3005,2.2555599759450677
3006,2.9305385448262116
3007,4.144076344075443
3008,4.615728381166992
3009,4.9549172841771165
3010,5.727819443560459
3011,2.9428740818966737
3012,4.161520034572338
3013,4.635157399991397
3014,4.936767148451428
3015,5.546478913159805
3016,2.5763773516888655
3017,3.2084388419129324
3018,4.432521801123526
3019,4.937002839447407
3020,5.370169960202813
3021,6.003556023924362
3022,2.492928870025158
3023,3.158096750079542
3024,4.362973204263682
3025,4.859538669933428
3026,5.22800141628212
3027,6.003556023924362
3028,1.0224662556929907
3029,1.520013775125217
3030,1.9252145918812187
3031,2.413736090825018
3032,3.0329798970400716
3033,4.2705096097239155
3034,4.898228093409651
3035,5.492813897627124
3036,6.019849960189722
3037,5.1328969563934965
3038,5.609156742513128
3039,6.184615753762258
3040,1.803509104557904
3041,2.2633010720846163
3042,2.8003711729588336
3043,3.6122814809976567
3044,4.990851426156029
3045,5.677552117462825
3046,6.31604635085198
3047,6.350715284241866
3048,5.145496705620578
3049,5.9355676723144475
3050,6.603078186045749
3051,7.271532406684409
3052,1.2334558319122793
3053,1.8511413535803387
3054,2.302524104082663
3055,2.840718184941498
3056,3.6314334887148623
3057,5.256214857073578
3058,6.062084868134399
3059,6.787553013506088
3060,7.354055597298674
3061,6.126974787562907
3062,6.800496877358764
3063,7.329031551871255
3064,2.122331981653967
3065,2.64415589359216
3066,3.7885093883431447
3067,5.577518381292968
3068,5.148977890163127
3069,5.714775214820035
3070,7.204132524969491
3071,3.3866097149307017
3072,4.957015629730998
3073,5.714077457702267
3074,6.405095344805863
3075,7.770348409066295
3076,3.692090771936541
3077,5.423227661708255
3078,6.157733323909256
3079,6.770438468045539
3080,7.35583219645491
3081,2.415407303832895
3082,3.0139387442031094
3083,3.8964268839731115
3084,5.723372301570781
3085,6.600865749877034
3086,7.332072666172265
3087,7.548273315374411
3088,1.4608503634148582
3089,1.9661189485556931
3090,2.8039379377503115
3091,3.7805541232959428
3092,5.810370572460165
3093,7.009721122584488
3094,7.794514654658863
3095,7.9808229371205766
3096,5.691243084320451
3097,6.563810559590033
3098,7.467385218519183
3099,8.115319198257998
3100,2.592636593693515
3101,4.767767683058839
3102,5.537960737269023
3103,6.48018694946351
3104,7.19533776393756
3105,1.150113526339378
3106,1.7507189695243306
3107,2.5549585913736155
3108,3.9661850693645895
3109,4.606889146241282
3110,5.390703246086887
3111,7.19533776393756
3112,0.155213900403579
3113,0.2952243557504319
3114,0.5005872850561871
3115,0.7896463990022278
3116,1.004789579148272
3117,1.4653809111264706
3118,2.2421612436891656
3119,3.4812169733373146
3120,4.14775286019018
3121,5.526384381273766
3122,6.307483351221377
3123,0.17060369872113434
3124,0.33217323823374423
3125,0.5714613638349487
3126,0.8635760583596429
3127,1.0992717307415791
3128,1.551282771837722
3129,2.3540527109303793
3130,3.820730265119357
3131,4.686239594493692
3132,5.325047212577456
3133,5.742064037548886
3134,0.6885683125574
3135,1.0610877458254488
3136,1.6275585341944652
3137,2.6423904305934083
3138,3.2332502676431694
3139,3.7262203597752768
3140,4.512679567217813
3141,1.7102520974076116
3142,2.7766459277170426
3143,3.397526378009671
3144,3.908208216202874
3145,4.46317024716612
3146,1.1378377590910798
3147,2.002698260133003
3148,3.209106131130672
3149,5.485363992588681
3150,6.821660295213414
3151,8.007741285411548
3152,7.188966655361541
3153,3.209106131130672
3154,5.485363992588681
3155,6.821660295213414
3156,8.007741285411548
3157,9.150130282327567
3158,0.1564963174276734
3159,0.6708967857523804
3160,0.8708913169856211
3161,1.5101118150022
3162,2.4514797747862387
3163,4.320265154394262
3164,5.459777937941316
3165,6.316044821361482
3166,7.271539942193325
3167,5.459777937941316
3168,6.316044821361482
3169,7.271539942193325
3170,0.07723669036287235
3171,0.15182641932352497
3172,0.6544214960337147
3173,0.8445520965191133
3174,1.5942821855950846
3175,2.627972183467642
3176,4.493355539371754
3177,5.547991990658052
3178,6.552946908181932
3179,7.593937230434199
3180,6.552946908181932
3181,7.593937230434199
3182,0.3628519299344859
3183,0.69261780028201
3184,1.1499981575357467
3185,1.325666652479883
3186,1.5392833851960592
3187,1.7885856985008866
3188,2.4299469695871183
3189,3.0688898610056667
3190,3.802147242161254
3191,3.8879764493003295
3192,4.906302446810116
3193,0.33539391783675954
3194,0.6028329536198505
3195,1.0018977407615701
3196,1.2473650507776066
3197,1.5009408266906457
3198,1.755036263005992
3199,2.3312555624617777
3200,3.119246898401371
3201,3.543476198353495
3202,3.7367623502552267
3203,4.709665124369016
3204,0.3779515214933582
3205,0.6829684785313103
3206,1.171742182549254
3207,1.4666281116912434
3208,1.706745805022243
3209,1.9973208797523219
3210,2.6038551543804256
3211,3.2677095243435805
3212,3.814505966058308
3213,4.2392183582878955
3214,5.34294048837484
3215,0.3482732811725044
3216,0.6050669658255083
3217,1.047640647833412
3218,1.4446464835610795
3219,1.7374875297129702
3220,2.0785907148764045
3221,2.837388963877702
3222,3.500473928562831
3223,3.9831615105837974
3224,4.454438127055399
3225,5.53802067166709
3226,0.34558388156618197
3227,0.5643213940183992
3228,0.9298498226895965
3229,1.4017634942320314
3230,1.7958911153538635
3231,2.160857976520163
3232,2.918657864551071
3233,3.769829092928997
3234,4.289658615054669
3235,4.797199118383372
3236,5.964161388245017
3237,0.33332432170389276
3238,0.5358470994332173
3239,0.8954841539637743
3240,1.3384762514781656
3241,1.7648458091363028
3242,2.155707846471887
3243,2.8860113719583023
3244,3.6793258689888715
3245,4.290010681989835
3246,4.786114734006188
3247,5.924681803693333
3248,0.2622258290043202
3249,0.3547475570129063
3250,0.7516042304349475
3251,1.2024327543409425
3252,1.6972612495445083
3253,2.0384750941946193
3254,2.810774912825084
3255,3.7123838340903665
3256,4.246050150881312
3257,4.674155549619037
3258,6.017809188043973
3259,0.2258957158796626
3260,0.3342949667207585
3261,0.5726403394345615
3262,0.9599199600824604
3263,1.517917038516961
3264,2.0360303735832113
3265,2.829010651969987
3266,3.6822078457172096
3267,4.224416464358551
3268,4.750767431729688
3269,5.965231574363653
3270,0.2759559348338798
3271,0.3769503412463954
3272,0.51986110286254
3273,0.8019340383622484
3274,1.527813735909153
3275,2.104837165447394
3276,3.1724213646196673
3277,4.101185282122676
3278,4.705155175982715
3279,5.426050484734258
3280,6.760055388611379
3281,0.18623752938775803
3282,0.1820751971144394
3283,0.24804360078957008
3284,0.4928615035142507
3285,0.7589591401730554
3286,1.0561928653054937
3287,1.6829271513841038
3288,2.338994901150699
3289,2.835439282178419
3290,3.2587697879249355
3291,4.401737107231564
3292,0.19236098719486447
3293,0.1910971017930357
3294,0.25290594599840804
3295,0.4865991856127344
3296,0.7112175186122178
3297,0.9573187815022126
3298,1.5560248879958347
3299,2.1144567594874877
3300,2.4980907699786026
3301,2.9895340236904313
3302,3.9844219074889056
3303,0.069409367975419
3304,0.07082510728216661
3305,0.10025807098392524
3306,0.19843211239337047
3307,0.3191996489774978
3308,0.48582735044526343
3309,0.7319800935797474
3310,1.0500283201480693
3311,1.276443833014943
3312,1.525183162754774
3313,2.136767635678572
3314,0.07382433184067123
3315,0.08219308578961915
3316,0.14630149543006277
3317,0.26879557486018923
3318,0.45935132541263274
3319,0.7343540883634372
3320,1.2334316045869644
3321,1.8656465596936014
3322,2.2408463134766214
3323,2.5467730343655197
3324,3.2641838762287216
3325,0.05918338626992592
3326,0.06774725350156328
3327,0.1321669038707187
3328,0.26396043307154077
3329,0.6059802085295938
3330,1.131513915102996
3331,1.8331214779441125
3332,2.84445195639065
3333,3.3611595104538985
3334,3.903560386457795
3335,5.014787485475494
3336,0.054339774004862076
3337,0.06671899880143815
3338,0.13479539897365425
3339,0.2879537776417022
3340,0.6828692304832514
3341,1.161273273170966
3342,1.9131105682369858
3343,2.9419597336755006
3344,3.570757378516544
3345,4.150775224322737
3346,5.400683929091054
3347,0.041092743462091824
3348,0.05283610599809123
3349,0.10403636784705331
3350,0.22721118896131257
3351,0.49220811955379334
3352,1.016623996827013
3353,1.7778953601196463
3354,2.8620320630086042
3355,3.3708345212866204
3356,4.150347489846008
3357,5.423413544229549
3358,0.35945059920094186
3359,0.5795403546997857
3360,0.9433209585117125
3361,1.3085121849532533
3362,1.5688085284671915
3363,2.147776895390236
3364,3.1514783832785116
3365,4.447054660239445
3366,4.93459819283417
3367,5.072543444493549
3368,5.698069803864151
3369,0.3585227181534206
3370,0.57586424232149
3371,0.9779738544156611
3372,1.360055962131186
3373,1.6626342637587905
3374,2.2821996380377474
3375,3.1862977746672616
3376,4.441913388526063
3377,4.931502795688441
3378,5.0815189085074115
3379,5.686989197234097
3380,0.38519334676787986
3381,0.6472198526743586
3382,1.138979408257561
3383,1.5839643646413415
3384,1.9391485166292095
3385,2.7219209405704388
3386,3.7367582029639292
3387,5.237155213181735
3388,5.765293148768389
3389,5.953020488728699
3390,6.67132020866403
3391,0.434107920251037
3392,0.7344237806131845
3393,1.285142297626481
3394,1.7805606179196083
3395,2.2016072130893907
3396,2.993486370998003
3397,4.112908285405043
3398,6.1387910864384105
3399,7.150185010660729
3400,7.593473363941367
3401,8.261003617253557
3402,0.403232660017093
3403,0.6770944412621744
3404,1.1865254788860837
3405,1.6483730804880994
3406,2.038161479784469
3407,2.812627008449182
3408,3.970091310754227
3409,5.869415483939064
3410,6.781984247834735
3411,7.212247909237472
3412,7.925018628212977
3413,0.4206957525355821
3414,0.705613152685794
3415,1.2453713828612873
3416,1.7363331853245814
3417,2.1469213834480447
3418,2.9701356980304894
3419,4.139681770171828
3420,6.062746880929216
3421,7.084217772295513
3422,7.473658867512072
3423,8.280121469339045
3424,0.3795823701544138
3425,0.6299830895174561
3426,1.1048414018584194
3427,1.54040217799109
3428,1.882988157828329
3429,2.625739028982438
3430,3.665346747063876
3431,5.322977385995534
3432,6.281427582175914
3433,6.938339726915362
3434,7.825365664780719
3435,0.3552729216757792
3436,0.46623902088729796
3437,0.9764628781596179
3438,1.3701144164833186
3439,1.8453535789071336
3440,2.304742320435976
3441,3.6206886594979535
3442,4.6609621546504005
3443,5.446255893650371
3444,6.706599041552071
3445,6.857108809014821
3446,0.2630465045041691
3447,0.4174380782865906
3448,0.714533519634804
3449,1.0041110891073894
3450,1.3243738618319345
3451,2.056138892202234
3452,3.152719979726129
3453,4.890598264534301
3454,5.714581826226828
3455,6.280965592872902
3456,7.119858042361201
3457,0.24109611237409556
3458,0.3967968721648881
3459,0.7125595154037556
3460,1.0565567826126945
3461,1.3440468700069117
3462,2.07127065149646
3463,3.2697236346947576
3464,5.160744813635849
3465,6.080466064222021
3466,6.538254319752322
3467,7.4781204042564235
3468,0.14553011758671974
3469,0.22993545609514293
3470,0.38767168809364655
3471,0.6275867231226039
3472,0.815022769706572
3473,1.399894767135383
3474,2.28523229749082
3475,3.574026089604985
3476,4.319359616426138
3477,4.818953816302195
3478,5.657145039452658
3479,0.13773051387847648
3480,0.23097613970211214
3481,0.4121246236891157
3482,0.626780711308195
3483,0.8253214232620113
3484,1.4386400704424067
3485,2.4026879217083636
3486,3.7417925459353234
3487,4.4219156630506005
3488,4.851205601922392
3489,5.7992725013924415
3490,0.07427604159603755
3491,0.12393148968194458
3492,0.2611454145469095
3493,0.4634198609805205
3494,0.6089194628865219
3495,1.1254317379836865
3496,1.8934384232750388
3497,2.97831147631624
3498,3.666232540300952
3499,4.056971852592641
3500,5.07496167956813
3501,0.09544170804309049
3502,0.14641856334368197
3503,0.3265013329666213
3504,0.6837691499818572
3505,0.8835571395487112
3506,1.7142494283904128
3507,3.0713949276373786
3508,5.283909160773605
3509,6.644035789176409
3510,7.264586955932292
3511,8.676116571070397
3512,0.07416053713415598
3513,0.10921801344769412
3514,0.2683403336231943
3515,0.6495255083005507
3516,0.8451423557351279
3517,1.6365360939455285
3518,2.8900446209989035
3519,5.081746021376795
3520,6.44275386785014
3521,7.055529879713463
3522,8.423418074051543
3523,0.07345187486392914
3524,0.10853809767696054
3525,0.26833725259000235
3526,0.6641396852458205
3527,0.8641578674784174
3528,1.8739445034094595
3529,3.3091264186304157
3530,5.7105731268659
3531,6.99958742549878
3532,7.613141313163372
3533,9.071642098511326
5594,0.4437256703585459
5595,0.8312321290451987
5596,1.3575934234832674
5597,2.007364280455715
5598,2.320050450708735
5599,3.044080097762443
5600,4.169958902742616
5601,5.621128456223083
5602,6.271588180029847
5603,6.904666147485369
5604,7.939197893047711
5605,0.44403027355468583
5606,0.8602626027225303
5607,1.5113747017569839
5608,2.2890476548799517
5609,2.79182155388758
5610,3.476521861344056
5611,4.93383746438433
5612,6.6707656394736725
5613,7.429989153132184
5614,7.8036463220330745
5615,9.295718454897353
5616,0.48561476881308585
5617,0.8967032613397667
5618,1.5856093310989567
5619,2.3739609707999234
5620,2.809744896266177
5621,3.6354058538458225
5622,4.970285523703382
5623,6.820598886641266
5624,7.544376597136511
5625,8.365448687523262
5626,9.870119526267443
5627,0.49976697414367965
5628,0.977853496753819
5629,1.7200611395968675
5630,2.5733866276028428
5631,3.0533980991314174
5632,3.983765952063473
5633,5.6851626119909415
5634,8.040617124854338
5635,9.293935130758706
5636,10.890056556469363
5637,11.807329814113364
5638,0.4206790246760798
5639,0.8743360130025419
5640,1.543414938415612
5641,2.4198970278354026
5642,2.8560763755004217
5643,3.7710701723399533
5644,5.39780847284993
5645,7.593788579378265
5646,8.958729524424482
5647,10.493745238911083
5648,12.204768256100815
5649,0.38358805763309767
5650,0.7422733831403174
5651,1.3574214967675597
5652,2.189644365360843
5653,2.6260416020445745
5654,3.465893558325595
5655,4.934302092584277
5656,6.959364241251153
5657,8.677927556051344
5658,9.585128916170047
5659,11.31212199807357
5660,0.3080886337261536
5661,0.6700685968970372
5662,1.1358327832354023
5663,2.103750097619049
5664,2.6295955040411627
5665,3.8270824238122083
5666,5.5846393119130395
5667,8.007665339009215
5668,9.285476811151371
5669,10.942841731932779
5670,12.880899699212378
5671,0.27709246191380654
5672,0.61432095114545
5673,0.9481485296054433
5674,1.6187597253620474
5675,2.0963954751509863
5676,3.1321447503563267
5677,5.169892637089821
5678,7.920045895164475
5679,9.226341788593391
5680,10.963484549883223
5681,12.982206345917128
5682,0.15154594269143892
5683,0.3716068388963405
5684,0.7865008989732143
5685,1.1965625833495879
5686,1.5310586112363127
5687,2.403049806879606
5688,4.181975996273903
5689,6.741400082724069
5690,7.968932626545144
5691,9.561351282120016
5692,11.49477485198215
5693,0.06586016707106812
5694,0.1296849994916219
5695,0.2856114904849459
5696,0.8787791913344851
5697,1.1605268307074907
5698,1.9705334212616643
5699,3.14829586022574
5700,5.437735982714038
5701,6.664749376070339
5702,8.150633248360036
5703,10.440510987122309
5704,0.05123844782078399
5705,0.08831823440250806
5706,0.20549606267561893
5707,1.004560891036024
5708,1.3190030430341122
5709,2.66867336930455
5710,4.10321003198096
5711,7.544674252154085
5712,9.380105053604217
5713,11.418095436803942
5714,14.249395691478338
5715,0.39939883080972033
5716,0.7978835665499772
5717,1.5297086726825861
5718,2.310050100462093
5719,2.745231202523762
5720,3.792887350141153
5721,4.376934066227668
5722,5.198750869090593
5723,6.396536790816882
5724,7.133199408702765
5725,8.007292683751025
5726,0.4365358026526915
5727,0.7804461649011991
5728,1.4945140838622228
5729,2.4830126219023447
5730,2.830960231970993
5731,3.948418364189543
5732,4.857514141498924
5733,5.9336738115238
5734,7.648917571366103
5735,8.132794039044644
5736,9.369130524921976
5737,0.4217062986650503
5738,0.8117630629554192
5739,1.516856992870168
5740,2.3959811815111465
5741,2.9846160819616614
5742,4.176825281828963
5743,5.444098179023717
5744,6.631609292688253
5745,8.492374944200167
5746,9.21872893330687
5747,10.875116748311747
5748,0.38827576184508805
5749,0.7149235690015302
5750,1.3864919044354755
5751,2.3513019211105233
5752,3.0513657365630023
5753,4.251718320910754
5754,5.5413374898778285
5755,6.6555182623180364
5756,8.700316502475543
5757,9.63794375273175
5758,12.267805634957607
5759,0.3546375990824071
5760,0.7347305937394696
5761,1.440129212856093
5762,2.374958359725543
5763,2.870930031380119
5764,4.176508725978267
5765,5.304062459739321
5766,6.706852183814221
5767,8.624451248656646
5768,9.550682339520193
5769,11.357284083003087
5770,0.3004090801503297
5771,0.5702007838938431
5772,1.3534140709758216
5773,2.2985657406438476
5774,3.088906158086055
5775,4.31010656396631
5776,5.423465859781104
5777,6.544690531057294
5778,8.252417551329698
5779,9.68655660458731
5780,10.954550250426443
5781,0.21890000438383922
5782,0.4083199246384927
5783,0.7421505508145673
5784,1.5468093309684678
5785,2.614298632583837
5786,4.175571370079167
5787,5.627770388192479
5788,6.952516213722263
5789,8.687573539726655
5790,9.807461947999736
5791,11.709352602816537
5792,0.26758807517421207
5793,0.5270646232516765
5794,0.8445967768585622
5795,1.4111384253610926
5796,2.3706505964471436
5797,3.8375597783996893
5798,5.926610460885857
5799,7.878558990119808
5800,9.615231844881384
5801,10.950779347758933
5802,13.074385334189706
5803,0.11785441519139715
5804,0.23890469101387007
5805,0.4306414086309666
5806,1.0679501279172066
5807,1.6460913662102177
5808,2.373973722316776
5809,3.9897751982973118
5810,5.998503874528132
5811,7.863730234857362
5812,9.069120437290012
5813,10.93319357887936
5814,0.0756036364923347
5815,0.1391104111010525
5816,0.2652595165543488
5817,0.6849776705361039
5818,1.1768525259804592
5819,1.9766983183006814
5820,3.1444712515026745
5821,4.918362222386422
5822,6.7142242505005125
5823,7.904387058026321
5824,10.082506124672983
5825,0.03120028054492451
5826,0.052288354621957356
5827,0.12249205186890924
5828,0.4226814295654927
5829,0.8986928354510543
5830,1.9276063156701169
5831,3.23527696660992
5832,5.145526792596151
5833,7.0561469303584285
5834,8.124147434376791
5835,10.075823001805912
5836,0.48523992389375864
5837,0.7853611378179499
5838,1.3711120614709091
5839,1.8695871832198903
5840,2.1869993679937916
5841,2.9906279789957475
5842,4.605199326440953
5843,7.395807816744717
5844,8.054160390642753
5845,8.75273315380852
5846,9.862904907372796
5847,0.45649224401282784
5848,0.7951929962229883
5849,1.3634802609266345
5850,2.0108307810654407
5851,2.220440185124251
5852,3.0948567613708975
5853,4.677935876472729
5854,7.2279787446849895
5855,7.383558935345925
5856,8.444250532992807
5857,9.641873808731503
5858,0.43990634815333907
5859,0.8032913046873597
5860,1.4553923197043612
5861,2.009866525972076
5862,2.3609356375304924
5863,3.030110228633504
5864,4.708510401235952
5865,8.16637706661776
5866,9.241564514929212
5867,10.2742621469939
5868,11.554138230444767
5869,0.454299959413323
5870,0.818292634221887
5871,1.4844147350319372
5872,2.147843650028008
5873,2.6259016327406477
5874,3.467220853051417
5875,5.459749841260559
5876,9.280748909612678
5877,10.708180500240756
5878,12.108508608647705
5879,13.441108530747297
5880,0.45856161412539725
5881,0.8465489352291258
5882,1.5698183600176754
5883,2.280296808129381
5884,2.6872189142912553
5885,3.5800298294034905
5886,5.645342868202894
5887,9.386382320149243
5888,10.822445993314835
5889,12.295124899331109
5890,13.850773902825436
5891,0.40310734512918667
5892,0.8284299715683638
5893,1.570484608747264
5894,2.0957597927279425
5895,2.433313587755051
5896,3.24550281412319
5897,5.322522092422643
5898,9.059337670860009
5899,10.548844851327658
5900,12.067056860074924
5901,13.64780370314614
5902,0.339045445563322
5903,0.6789280329243259
5904,1.2664780160538143
5905,1.9170225961619272
5906,2.2364709118788118
5907,3.3720140267537637
5908,5.7119413432840265
5909,10.544152751451916
5910,11.95538749574659
5911,13.608331065799577
5912,15.732141963636677
5913,0.24156696712589826
5914,0.47192205555797306
5915,0.8495911601039706
5916,1.3939856083518063
5917,1.7763373208707907
5918,2.67443727619875
5919,4.9755816647808055
5920,9.20534218281116
5921,10.412801735533499
5922,12.138311408112825
5923,14.267029718778721
5924,0.1678971865612987
5925,0.33629636611836144
5926,0.623698580962585
5927,1.0012718924422759
5928,1.2779002613997499
5929,2.2281927417049667
5930,4.366090500209085
5931,8.091574420452751
5932,9.390287080721654
5933,11.015213504473678
5934,13.49267018849258
5935,0.09808987235536953
5936,0.20374811198382076
5937,0.46103963857742364
5938,0.8595294405181955
5939,1.0919313055735183
5940,2.0294521422822087
5941,3.895859430761459
5942,6.883118517203775
5943,8.241984198512926
5944,9.730157435750598
5945,12.507039907419957
5946,0.08387699046934229
5947,0.1794790462153568
5948,0.43043461653257814
5949,0.8421423585559514
5950,1.0907578457055096
5951,2.567067983065338
5952,4.214760086740072
5953,7.921119436399428
5954,9.662143030821545
5955,11.076331216274202
5956,13.930690976085343
5957,0.9394642802131483
5958,1.4220755429366603
5959,1.989416006282503
5960,2.619003544672812
5961,2.822325548906946
5962,3.4725672454200502
5963,3.7638037357170275
5964,4.19666601624561
5965,4.593628604102917
5966,5.124169602648793
5967,6.244155085803883
5968,0.9583171237106929
5969,1.4460922575955513
5970,2.1655052504249848
5971,2.8406482635410066
5972,3.0611772885750432
5973,3.7111397280960197
5974,4.000353324499082
5975,4.715141784325821
5976,5.222991988391546
5977,5.778104532165476
5978,6.942852834432896
5979,1.1041165581746049
5980,1.6378444928992988
5981,2.4070796675040023
5982,3.1575387205171657
5983,3.3466780317878118
5984,4.087611668929433
5985,4.477473256422213
5986,5.317372222607756
5987,5.877907896890096
5988,6.437346946876106
5989,8.082720046560281
5990,1.022552348061333
5991,1.5023505456285606
5992,2.2472097965805466
5993,2.986955959331009
5994,3.2770606469570205
5995,3.989936552833923
5996,4.616763203599607
5997,5.793487227402825
5998,6.979590883417632
5999,7.963502296090067
6000,9.659390261462248
6001,0.9949591535680241
6002,1.47757843086503
6003,2.2430787007716577
6004,3.0566104925829958
6005,3.295856176090661
6006,4.032928934217532
6007,4.748877220196959
6008,6.039285086807475
6009,7.351833164523954
6010,8.658045811982955
6011,10.381404511363028
6012,1.0916961757833539
6013,1.5027030590966712
6014,2.4258326910702572
6015,3.285930756202138
6016,3.6471720918095243
6017,4.340494279462281
6018,5.29183019268288
6019,6.759377537351191
6020,8.440505508227657
6021,9.703194507681953
6022,11.896372987379634
6023,1.1465472027171473
6024,1.6419949859705218
6025,2.800924328243044
6026,3.8735224901111875
6027,4.277512809524852
6028,5.251557373313475
6029,6.219924739084786
6030,7.9672737165932395
6031,9.729889102794646
6032,11.154153321923621
6033,13.374354921567758
6034,1.0607768203435781
6035,1.6441453704191284
6036,2.933945412635558
6037,3.9906608679968665
6038,4.4036792846615
6039,5.420399018660667
6040,6.449405352144243
6041,8.313253676638135
6042,10.08886787021908
6043,12.007363091466301
6044,14.349147338500915
6045,0.7871683070971494
6046,1.3668673151987147
6047,2.4503201728050894
6048,3.344226112068713
6049,3.5802397738715217
6050,4.62614817751406
6051,5.823011401394497
6052,7.548291975588039
6053,9.322537676390866
6054,11.19598329486521
6055,13.707269499410128
6056,0.6893671598702812
6057,1.2583335936374174
6058,2.392651919131638
6059,3.247873042020967
6060,3.5499684757397674
6061,4.587033615493602
6062,5.773777236844222
6063,7.418737561654508
6064,9.336015987904847
6065,11.246169026244669
6066,13.768712012043988
6067,0.257776705910233
6068,0.4495120885869946
6069,0.9572814114098378
6070,2.381207020003871
6071,2.637810487248205
6072,4.048668069558427
6073,5.05605002256378
6074,6.847137394196537
6075,8.480076798071316
6076,10.380883094149333
6077,13.491291057584403
6078,0.17689947247775134
6079,0.2858522027501272
6080,0.645503193348371
6081,1.8646087451770477
6082,2.106040592541582
6083,3.331727812685587
6084,4.326940440075747
6085,6.001958549880689
6086,7.735934853436689
6087,9.333009832593039
6088,12.175299330842916
6392,1.1275137378840336
6393,1.677370310844993
6394,2.337519199965519
6395,3.1281690208846213
6396,3.3815807967050953
6397,4.0985120557096675
6398,4.82011322905732
6399,5.425177346278886
6400,6.2966860382269605
6401,6.890146517144489
6402,8.352340617736461
6403,0.9573626179493943
6404,1.4216119267755665
6405,2.0264111635082704
6406,2.7961343338468647
6407,2.926151073039455
6408,3.7263848147352787
6409,4.34202044598793
6410,5.7814130822195295
6411,5.783533715500767
6412,7.041849214183586
6413,8.727276312988042
6414,1.1180863368240568
6415,1.7059598805915028
6416,2.4389284038956642
6417,3.2717660008571525
6418,3.539793747758598
6419,4.35945248373044
6420,5.18143479999387
6421,6.035993624453566
6422,7.202866713750831
6423,7.325182133916763
6424,9.692640333205619
6425,1.3221762124284033
6426,1.684035231980655
6427,2.467630463515678
6428,3.36674141025787
6429,3.663939727782452
6430,4.494168924825095
6431,5.747907319429004
6432,7.260508342426424
6433,8.958558892102173
6434,10.241733047973137
6435,12.26584484376306
6436,1.0494916757090544
6437,1.5500775588497875
6438,2.2869940920002385
6439,3.2324230454655716
6440,3.490111709975842
6441,4.23738430509403
6442,5.17471293968372
6443,6.601101275449849
6444,9.369274720315609
6445,10.976562379321402
6446,13.215669651516002
6447,1.1544446658043797
6448,1.704153726713332
6449,2.553641391153228
6450,3.547590087576003
6451,3.8283431913301604
6452,4.690425091261516
6453,5.772203764538545
6454,7.509864361955872
6455,9.216199096982958
6456,10.74460915939689
6457,12.936400329920131
6458,1.084568035202357
6459,1.5581997061588853
6460,2.4842857688292526
6461,3.567758653352007
6462,3.906572882017797
6463,5.102939808273323
6464,6.033461639182225
6465,8.020665317554535
6466,10.738762997767385
6467,12.602891361245408
6468,15.299356723108646
6469,1.068092915388323
6470,1.739484478274983
6471,2.87773200891708
6472,3.9240940872866155
6473,4.383728719216524
6474,5.763920048352421
6475,6.972345643022595
6476,9.059576511175917
6477,11.063844158942256
6478,13.014792463404682
6479,15.799386574667535
6480,0.7681586827158162
6481,1.4031060779500601
6482,2.347997754315544
6483,3.1825319245013284
6484,3.453566129178936
6485,4.809425614084692
6486,6.128101510349652
6487,8.129233543947207
6488,10.040031074410566
6489,11.99319189851471
6490,14.685516486275374
6491,0.6266243599132328
6492,1.2031874077396643
6493,2.135638315516828
6494,3.169248292652389
6495,3.4668176199698575
6496,4.785167266517851
6497,6.151615315411651
6498,8.160425783914675
6499,10.269384103910376
6500,12.304360558535691
6501,15.197804193258706
6502,0.2321922062238717
6503,0.4706250306241319
6504,0.8206282192783295
6505,2.0296109212214684
6506,2.2483257138317927
6507,3.6417061406511197
6508,4.777317867157274
6509,6.65426040101266
6510,8.630673452325729
6511,10.443099832639817
6512,13.830157106569828
6513,0.16766008919203917
6514,0.2641258699254845
6515,0.6012714670998539
6516,1.7378663130234597
6517,2.14113450807389
6518,3.4578188103648957
6519,4.490695784948388
6520,6.260998591429503
6521,8.159053377352969
6522,9.887890553641263
6523,13.087472117948655
6524,0.8323453877706528
6525,1.1071733234220749
6526,1.8544697870124285
6527,2.581264101149631
6528,2.7858564645584423
6529,3.460056618866412
6530,4.2460376562856235
6531,6.05703678907576
6532,6.781195101260177
6533,7.233980577325788
6534,8.769141505709985
6535,0.6717925769952543
6536,0.980381573297689
6537,1.733665155226486
6538,2.4708446805534456
6539,2.6362331814036706
6540,3.3400747044365957
6541,3.995383397793932
6542,5.565973638966664
6543,6.370338742802439
6544,6.666223241695322
6545,8.261746371557741
6546,0.7603171100020653
6547,1.1115821124451573
6548,1.9618595164091073
6549,2.8029551063139144
6550,3.0168599249075565
6551,3.550337224892753
6552,4.711251557333534
6553,6.851844953776905
6554,7.034973902723211
6555,7.477196289244072
6556,9.39009448682359
6557,0.7118946467275215
6558,1.0385723752934757
6559,1.855203149581892
6560,2.7376819378290103
6561,3.1447290043675578
6562,3.927353085382506
6563,4.857409258483738
6564,7.66514325830323
6565,9.734095277581336
6566,10.802863343552099
6567,13.157386929988599
6568,0.7433510134995884
6569,1.0733185912032133
6570,1.906223075381236
6571,2.820752514665908
6572,3.140503543603964
6573,3.9319554173198386
6574,5.012795763816653
6575,7.855596669514256
6576,9.453081613401089
6577,10.655322242844777
6578,13.00658910153207
6579,0.6494030836072312
6580,0.9638195372302875
6581,1.7898534509564685
6582,2.6934633164799884
6583,2.940113057309142
6584,3.826558547276132
6585,4.760359526546445
6586,7.434423768566061
6587,9.361663110975734
6588,10.568730650834771
6589,12.974669833480784
6590,0.6398768395413624
6591,0.930991467607168
6592,1.9533977145857637
6593,3.0237125266669267
6594,3.298366678529455
6595,4.185709210025159
6596,5.339323798606183
6597,8.379684808260304
6598,9.95370041801088
6599,11.286897671280018
6600,13.825242296236326
6601,0.4441150642630925
6602,0.6930372072055982
6603,1.515491252693132
6604,2.141197089686008
6605,2.3983960619718294
6606,3.566707393160737
6607,4.7979342960887665
6608,7.949936653262411
6609,9.310527896410333
6610,10.587615106411365
6611,12.956160849666448
6612,0.3296218906502663
6613,0.5743364436590885
6614,1.2099035864892063
6615,1.7478316682695527
6616,1.8527838884924595
6617,3.012462756785326
6618,4.537956451018538
6619,7.579473128257324
6620,9.081602984295351
6621,10.446294909456412
6622,13.053307357011084
6623,0.20146996708948423
6624,0.36951738223791797
6625,0.9515987991977839
6626,1.5718767446858652
6627,1.6020642808290495
6628,2.817322628741596
6629,4.596466878851548
6630,6.804556326929702
6631,8.29657229219115
6632,10.372430372960334
6633,13.309168926877827
6634,0.16646825014793823
6635,0.23627321421575123
6636,0.571887695783224
6637,1.5104651937048763
6638,1.4171572182860845
6639,2.3559759997305783
6640,3.8113102192860584
6641,6.061808286012513
6642,7.650362712580791
6643,9.088985754617683
6644,12.188917986371347
6645,0.10433879908798893
6646,0.14951572498265944
6647,0.3603570449716908
6648,1.0213810460948525
6649,1.143511425743597
6650,2.1255061924961844
6651,3.4384745318046144
6652,5.3957378821429165
6653,6.889655360802824
6654,8.098032198456508
6655,11.742465761904278
6656,0.5268557410924878
6657,0.8184945921550653
6658,1.4616374971180675
6659,2.0454370981104275
6660,2.4589565477299704
6661,3.1938291641167087
6662,4.345722130864111
6663,6.2975082585166415
6664,6.931799295925419
6665,7.672627697414034
6666,8.966054387693793
6667,0.578557505760203
6668,0.9000094951919098
6669,1.6674860797744562
6670,2.2926760920786835
6671,2.7409043813359766
6672,3.558527145776426
6673,4.4288511093870335
6674,6.787574087017246
6675,7.4885291830841325
6676,8.299621331735745
6677,9.046086500244902
6678,0.5212393113196945
6679,0.865296526337342
6680,1.6031718779111805
6681,2.3020658586042186
6682,2.7836977855564142
6683,3.626351906325965
6684,4.5600665218196665
6685,6.553473393656693
6686,9.080741180385324
6687,10.52857712400646
6688,12.047532657888864
6689,0.5083184447204496
6690,0.8901076096004608
6691,1.666615361079201
6692,2.4221721883798524
6693,2.7920461442385363
6694,3.6159480969750635
6695,4.710179277782479
6696,7.380798409910806
6697,8.739462610150621
6698,10.1561681846664
6699,11.698259087400874
6700,0.47944005036033965
6701,0.8226113939457852
6702,1.6069972453552368
6703,2.384815436882755
6704,2.8938863323255166
6705,3.7727672816081923
6706,4.838971213104229
6707,7.6019091351146395
6708,9.286121687190183
6709,10.84967740049421
6710,12.414469765740222
6711,0.4589714464781382
6712,0.8195480115328841
6713,1.5906425732026743
6714,2.3118932892784514
6715,2.928286106207344
6716,3.7948457864672656
6717,4.97205614993878
6718,7.94603487420537
6719,9.310729213731188
6720,11.122931650751571
6721,12.69440220212523
6722,0.37025128713771194
6723,0.6771798801331022
6724,1.2692165246146871
6725,2.0811428723347762
6726,2.572582243627114
6727,3.7080140088497155
6728,4.711538298878219
6729,7.909300584904183
6730,9.301664914623878
6731,10.81601377492709
6732,12.253784907788724
6733,0.31846796846500547
6734,0.5858476351869929
6735,0.9902255758427574
6736,1.6362480991577946
6737,2.1905159726111094
6738,3.256955787653603
6739,5.062906508285568
6740,8.59248503538128
6741,9.099608857852047
6742,10.817119723987727
6743,11.775368449885079
6744,0.20636261587095367
6745,0.40114601773221253
6746,0.7329004785426294
6747,1.197930861241723
6748,1.5255654936712133
6749,2.511084965464049
6750,4.049312108528257
6751,7.031202534782047
6752,8.05207090652935
6753,9.638332932334029
6754,11.005468674370556
6755,0.1085207680601773
6756,0.21097922214715248
6757,0.47636585213383104
6758,0.8768362342254234
6759,1.168852402764766
6760,2.174496133179691
6761,3.556911893268531
6762,5.929286785418364
6763,7.078346292710453
6764,8.71514446262037
6765,11.13029493573787
6839,0.6145096179836239
6840,0.8990018616049846
6841,1.188580916925522
6842,1.509520102257751
6843,1.7186728177957578
6844,2.268752755562043
6845,3.02354702721439
6846,3.6954035134465832
6847,4.065162590488006
6848,4.267142536168975
6849,4.871891406564121
6850,0.5810549427969488
6851,0.8516747819924695
6852,1.1260092292753714
6853,1.4262954623881192
6854,1.6235383035832294
6855,2.1269728101339287
6856,2.9664488989420725
6857,3.5126885711801425
6858,3.8530451566447583
6859,4.034808206587718
6860,4.609121716973454
6861,0.6845888577496295
6862,0.9915371105111863
6863,1.4094273493031033
6864,1.8185627823775814
6865,2.070052392733104
6866,2.7549068183762615
6867,3.6428918741437557
6868,4.431153260499237
6869,4.788812673250046
6870,5.0046437620722335
6871,5.830772432564797
6872,0.7502639259972562
6873,1.1029225571337258
6874,1.5677569701714655
6875,1.9858493114855837
6876,2.2744689661932713
6877,2.95765324255666
6878,3.9147764489140147
6879,4.895465166535396
6880,6.659421628429189
6881,6.300693025792566
6882,7.064678180537163
6883,0.7023988192355664
6884,1.0248475162646036
6885,1.437656575767851
6886,1.8211247476373382
6887,2.0750148141093034
6888,2.6753850708420517
6889,3.6002754714736547
6890,4.507535440771593
6891,5.415500576823503
6892,6.051338249359419
6893,6.759684862195636
6894,0.6739061126009638
6895,1.0000445777377125
6896,1.3997433814686182
6897,1.7730989133984199
6898,2.010390797539615
6899,2.5920631938256666
6900,3.443801339653487
6901,4.311630238424764
6902,5.23154260986272
6903,5.8020820041878505
6904,6.494073760680874
6905,0.702567334177487
6906,1.0098147726078817
6907,1.4298545303996881
6908,1.811241651672947
6909,2.038869630270172
6910,2.574926555021781
6911,3.40383799313334
6912,4.281831252232812
6913,5.160800189837942
6914,5.582185152677939
6915,6.377826842249889
6916,0.6655579466900848
6917,0.9135103291315977
6918,1.327510649738587
6919,1.688805974908952
6920,1.917961444252328
6921,2.6406033471546646
6922,3.511806952153846
6923,4.409109124412825
6924,5.31420550364293
6925,5.846843291987784
6926,6.575717196683584
6927,0.5658524121119034
6928,0.8328986832361512
6929,1.3100772701804284
6930,1.7123016504249169
6931,1.9015535952195575
6932,2.7273686595824063
6933,3.63041179332485
6934,4.5228118526713175
6935,5.467938314859264
6936,5.835564345546146
6937,6.826094055168855
6938,0.49632841701977365
6939,0.7654255855801861
6940,1.2344368209296313
6941,1.5698420761630998
6942,1.7970313535263018
6943,2.4921905926179577
6944,3.333254308231343
6945,4.152609387440769
6946,5.017540853359023
6947,5.568215569198941
6948,6.337371703505291
6949,0.4242228261645554
6950,0.6690996567639926
6951,1.0409312477903752
6952,1.329654691699039
6953,1.5224292236972128
6954,2.1059498981512355
6955,2.947415751434819
6956,3.6509736554750796
6957,4.52507234968694
6958,5.0674844808537065
6959,5.88875487596089
6960,0.3677752205095121
6961,0.5902613436308067
6962,0.9630578929322953
6963,1.2301815786906753
6964,1.408534409380755
6965,1.948401180039265
6966,2.726915931477449
6967,3.3947018234818773
6968,4.215036370597823
6969,4.712827068773171
6970,5.524333733820145
6971,0.24009618751318876
6972,0.40292781339251976
6973,0.7788357694437096
6974,1.159500390409644
6975,1.3247894417338426
6976,2.4439291478572813
6977,3.4204399981731894
6978,4.242844095890815
6979,5.262751239687692
6980,6.76919336389326
6981,6.837885256789597
6982,0.1965768057417181
6983,0.338747414150563
6984,0.6916800557355998
6985,1.2743783377701516
6986,1.4551125240407958
6987,2.2841503034891213
6988,3.262800704352488
6989,4.142354428490642
6990,5.229509179882813
6991,5.9239847619978505
6992,7.078162100120018
6993,0.14779902729763925
6994,0.2226173725079751
6995,0.49072958511508696
6996,1.3384204085940152
6997,1.5028838885401654
6998,2.447950596417339
6999,3.3465285558604076
7000,4.541121158322088
7001,5.830752041573643
7002,6.486026995134685
7003,7.603848092858426
7004,0.10184565164111943
7005,0.13609991857544937
7006,0.29663828154228605
7007,0.8061613732907619
7008,0.9874234318753949
7009,2.7315270773203597
7010,3.7741215008647764
7011,5.4529094651023495
7012,6.833524565476585
7013,7.508763258970866
7014,8.802845752766626
7015,0.5610976313006246
7016,0.7348333705586926
7017,1.1453650060560978
7018,1.4518641450852163
7019,1.6694790510320174
7020,2.3777287182466798
7021,2.841265714167505
7022,3.9561628205464356
7023,4.453925350236231
7024,4.323884296393899
7025,4.929910267244124
7026,0.5364185675206742
7027,0.7102671217660088
7028,1.1709767689704191
7029,1.5217968505342765
7030,1.7498238141892948
7031,2.2268213058659936
7032,2.5371187203859273
7033,3.4793939830784435
7034,4.217406097116177
7035,3.7895759958763007
7036,4.678808971328748
7037,0.6239769276615855
7038,0.8155463487694659
7039,1.3814483855488404
7040,1.7617186425636997
7041,2.0341738149483115
7042,2.6277456697797663
7043,3.0333377848457967
7044,4.347588689123039
7045,4.776199922256053
7046,4.691916760890215
7047,5.241433667676837
7048,0.6854026423538113
7049,0.9375745655144129
7050,1.6006042322555432
7051,1.8770098282574237
7052,2.2182028652405164
7053,2.960347551604098
7054,3.341482805230191
7055,4.935147459460993
7056,5.756198018547131
7057,5.749209388696115
7058,6.37551817604378
7059,0.6548927940949766
7060,0.8805472086907705
7061,1.5032485316599455
7062,1.952629038610803
7063,2.2857266193804335
7064,3.0914828477130265
7065,3.6049124608620313
7066,5.306825829943095
7067,6.4142896532652625
7068,6.4065020309493805
7069,7.126698631316214
7070,0.6125682194782667
7071,0.8281567058104891
7072,1.4126846999933318
7073,1.8222485293642194
7074,2.1177110259290353
7075,2.8604672175063297
7076,3.392129717972618
7077,5.017103575731489
7078,6.083518612796225
7079,6.2742562341137775
7080,6.979586223522915
7081,0.6460697404959795
7082,0.881341596862675
7083,1.5261466268664512
7084,1.9814532995216239
7085,2.3402476418285447
7086,3.2134981681987353
7087,3.6942193990168466
7088,5.410877250837958
7089,6.464719683394422
7090,6.739289517548411
7091,6.766313783966421
7092,0.5731773165435365
7093,0.7757594993012741
7094,1.3963421549688222
7095,1.8639147911780996
7096,2.1093723467964685
7097,3.1160549454052853
7098,3.791754091509764
7099,5.572600917814106
7100,6.7570902002486
7101,6.784246703356208
7102,7.688662226104492
7103,0.4050742243885803
7104,0.5712737295855316
7105,1.20061903403084
7106,1.4706773600627212
7107,1.6258498535487502
7108,2.4243146315284516
7109,3.061671293302155
7110,4.758310009500598
7111,5.7697169435117726
7112,5.790306293698325
7113,6.555875687541108
7114,0.3420513697971176
7115,0.49836260367751317
7116,1.0095385898720168
7117,1.2424569860027506
7118,1.3583492944744262
7119,2.1273947441131837
7120,2.8682041405419127
7121,4.439205203633779
7122,5.411211859776772
7123,5.5817304203946
7124,6.365390384105245
7125,0.27023798437941726
7126,0.3963901932248025
7127,0.7660802519781527
7128,0.9470271540084654
7129,1.076723355995491
7130,1.800853108426038
7131,2.47876972725482
7132,3.808461152748991
7133,4.747444736780224
7134,4.941695880732279
7135,5.742580134804001
7136,0.22819893131274618
7137,0.33546542468789753
7138,0.659459306864974
7139,0.8380036092641597
7140,0.952768940873658
7141,1.593535516091561
7142,2.3213163076540937
7143,3.5843487106914895
7144,4.476138405618098
7145,4.60926022864717
7146,5.4029336102289
7147,0.2300547255674002
7148,0.30540121715346835
7149,0.70594992159766
7150,1.04368360423381
7151,1.1293923589985013
7152,2.0322694751861494
7153,1.6884013109842322
7154,3.051003178582342
7155,3.8938456054335036
7156,4.105085735538591
7157,4.888792079936831
7158,0.15752640267620405
7159,0.23724459739188478
7160,0.53101783880446
7161,1.1675731722437837
7162,1.1304640636575365
7163,1.9823447837030737
7164,3.03140829579725
7165,4.419254437835486
7166,5.743028482313463
7167,6.0100921636085705
7168,6.405649816580968
7169,0.1075096096574336
7170,0.14460341516881786
7171,0.36271446387444
7172,0.961503126738931
7173,0.9998852680268127
7174,1.8850507039652422
7175,2.7152151246214555
7176,4.345098305494356
7177,5.59699200197831
7178,5.824100810443274
7179,6.827843589507708
7180,0.10557189330272573
7181,0.14325222281345104
7182,0.33328697907538546
7183,0.9033839713534288
7184,1.056782542877127
7185,2.2150513451843756
7186,3.24592615664349
7187,5.231036652484729
7188,6.551928930048314
7189,6.734616161794818
7190,7.895279852583113
7246,0.5070942151507373
7247,0.7825936721501837
7248,1.3294022533670466
7249,1.793153164658177
7250,2.2122212025065404
7251,2.9433823919572646
7252,3.7937762403382504
7253,4.920064530350721
7254,5.409537679558576
7255,5.665987102233112
7256,6.4609367873576495
7257,0.39111624452758365
7258,0.6629145743760143
7259,1.0269848852525445
7260,1.5291809385704678
7261,1.9214138123804614
7262,2.3719257156083526
7263,3.247379721500586
7264,4.2010694262107515
7265,4.621099717004856
7266,4.840171738450514
7267,5.5461962181116435
7268,0.4242028078159043
7269,0.7064109200303091
7270,1.1949482351705927
7271,1.6617995096126166
7272,2.0975671169611556
7273,2.8993337791050706
7274,3.4629278522689138
7275,4.574020575128576
7276,5.042605476944081
7277,5.28609241504479
7278,6.057162296124544
7279,0.430176095828925
7280,0.6492657254965774
7281,1.1635934664428784
7282,1.7497565380475506
7283,2.0271231105001
7284,2.9654162481920516
7285,3.6058371710881083
7286,4.4960018592339654
7287,5.2178548272414265
7288,6.110227935869032
7289,6.385643133720576
7290,0.4693721101406045
7291,0.7240938953176446
7292,1.360734782874258
7293,1.861586127651208
7294,2.3449135357845226
7295,3.183941606184346
7296,3.735644796570227
7297,5.102955551693266
7298,5.922257617379589
7299,6.397116784042037
7300,7.09062333424253
7301,0.4505319948153976
7302,0.7331156821925484
7303,1.3251805187325572
7304,1.8594742454566888
7305,2.342253341302864
7306,3.149409802279216
7307,3.8583052851056236
7308,5.331251762652422
7309,6.247262953745425
7310,6.748181737053835
7311,7.479746970983039
7312,0.3967712275928832
7313,0.721640905114943
7314,1.1467521651957062
7315,1.5820552481688384
7316,2.038253484391391
7317,2.7147385335802383
7318,3.400774197629192
7319,4.685412831662631
7320,5.443231896422747
7321,6.775317374925785
7322,7.4847040389667105
7323,0.4552675415046592
7324,0.7046439127312103
7325,1.2693181627940269
7326,1.9875212806190632
7327,2.482802129166867
7328,3.3870035239413894
7329,4.105967495035617
7330,5.626256794211039
7331,6.536248040462925
7332,7.10442929827213
7333,7.482925652488358
7334,0.32117378601570423
7335,0.4864320703485515
7336,0.8374058861383415
7337,1.2215101503279873
7338,1.6047604722472482
7339,2.4022125251878546
7340,3.1176011977294262
7341,4.498935208066474
7342,5.31925906236872
7343,6.0022796679893675
7344,6.826015407728075
7345,0.28191815866989595
7346,0.41257057886032644
7347,0.6918424307535694
7348,1.0486797003186197
7349,1.3122350421653588
7350,2.2333603794442207
7351,3.0137997535819485
7352,4.55072425244651
7353,5.394393521955175
7354,6.132575522408669
7355,6.519640491034293
7356,0.21651593741470818
7357,0.33807804056662594
7358,0.558698129719643
7359,0.8494632630318235
7360,1.1103639703597614
7361,1.7559101163831785
7362,2.566736637120323
7363,3.8571910256312325
7364,4.636459131097198
7365,5.122783395705736
7366,5.968872519900078
7367,0.13579339131232307
7368,0.2151210819810947
7369,0.3970640545056144
7370,0.6235768933397953
7371,0.8217327980263058
7372,1.385098794298206
7373,2.058918481281044
7374,3.144727407797126
7375,3.8306719996618415
7376,4.214082154610758
7377,4.915994268382109
7378,0.09686916482243746
7379,0.15674493405388507
7380,0.34313063127981597
7381,0.6078288825454639
7382,0.8104218816235418
7383,1.4791637524012473
7384,2.2050656488448004
7385,3.2665714229166656
7386,4.043074418484048
7387,4.582238829320184
7388,5.4911870934702005
7389,0.1074856860277735
7390,0.1526589511332611
7391,0.36064899199947137
7392,0.8134674328832058
7393,1.0721314727051114
7394,2.035732583784626
7395,3.2611299278674344
7396,5.241375656477479
7397,6.8189426957556
7398,7.6756289908459125
7399,9.052963032267881
7400,0.08293989936378232
7401,0.111002138258347
7402,0.285923542456472
7403,0.6657929899891785
7404,0.877499934255295
7405,1.673268688321554
7406,2.6233425892034865
7407,4.426390908470306
7408,5.708758351458582
7409,6.598033465206125
7410,7.799896973271065
7411,0.07524949900317476
7412,0.10621812432164227
7413,0.26935150029800725
7414,0.6666499671655096
7415,0.8786294105748057
7416,1.841930134763226
7417,2.8512445008959726
7418,4.6676377973051855
7419,5.8815190417467305
7420,6.63994734863441
7421,7.849445672018094
7475,0.372282346438299
7476,0.5574968776363093
7477,0.7182984275179582
7478,0.8626714652900235
7479,0.9170037618763477
7480,1.0911438489136946
7481,1.3912931568043845
7482,1.7147919062939065
7483,1.9630825142888852
7484,2.0903607987983337
7485,2.3802756833604524
7486,0.5122851968305675
7487,0.7671537636810364
7488,1.0045652395506575
7489,1.2747979159570448
7490,1.4282580774104547
7491,1.9104574208686407
7492,2.5079652935286427
7493,2.9242726994158668
7494,3.2666303698590466
7495,3.3323059193500995
7496,3.9197943393610992
7497,0.5055133604509311
7498,0.7599852760873743
7499,1.0207135806291443
7500,1.3225634791017458
7501,1.503785004228997
7502,2.085716804509769
7503,2.7484073477471007
7504,3.296371058659431
7505,3.46502218044185
7506,3.4642641711880757
7507,4.069895805830502
7508,0.6177235877916356
7509,0.9233736761936424
7510,1.29699918138356
7511,1.643929895705643
7512,1.8624475550933215
7513,2.4849300232784644
7514,3.1175795586616077
7515,3.7022629229360717
7516,4.060988025207072
7517,4.355834739144044
7518,4.950135866829762
7519,0.7424835600589104
7520,1.1637027549221695
7521,1.6396689504038304
7522,2.0502909347889755
7523,2.312901820913531
7524,3.0942946021914612
7525,4.072788774885299
7526,5.0199081790443385
7527,6.031081950752692
7528,6.625620063137048
7529,7.369184861010509
7530,0.6794868181968764
7531,1.0704517409014822
7532,1.5166521967084852
7533,1.9211909822825122
7534,2.159529202582051
7535,2.886111499075875
7536,3.6494242288169056
7537,4.810376174971652
7538,5.779343344627754
7539,6.14385284335253
7540,6.80529997115115
7541,0.5904707475031774
7542,0.8055670107198759
7543,1.1463904222387677
7544,1.4521687610119194
7545,1.6323212400033442
7546,2.181522294455031
7547,2.917782543551525
7548,4.128240589202901
7549,4.975680628550055
7550,5.161503350158529
7551,5.268367313626171
7552,0.5723670581051394
7553,0.7969416606536212
7554,1.1705577851355378
7555,1.5340229869659963
7556,1.6661392495688054
7557,2.338717789518087
7558,3.1033591275283468
7559,3.891819739682076
7560,4.532429940362593
7561,5.102150617765426
7562,5.780035538828907
7563,0.5421499210028858
7564,0.7821397170252665
7565,1.2179312088226042
7566,1.542242457500678
7567,1.7401717305867699
7568,2.397222095831244
7569,3.19938228763739
7570,4.010750912309104
7571,4.834072818456811
7572,5.258068619234869
7573,6.100447789148096
7574,0.5741850107398191
7575,0.8490045811854813
7576,1.4073049573072018
7577,1.6508651924594047
7578,1.8611238767083698
7579,2.742429952306432
7580,3.3817467763855196
7581,4.239363336165294
7582,4.8969977253508175
7583,5.326512660260565
7584,6.003412668933901
7585,0.46226298293279067
7586,0.7104431507447958
7587,1.0859955388306946
7588,1.3826466732175107
7589,1.640403449023361
7590,2.227852911230861
7591,3.152795881928557
7592,3.7073021017101007
7593,4.775570329396164
7594,5.239385097804489
7595,5.539086180961351
7596,0.3379411093836289
7597,0.5288989262306282
7598,0.8903535607842672
7599,1.1324580476921386
7600,1.2769807328478853
7601,1.7268643739521377
7602,2.416860562944237
7603,3.022678238681128
7604,3.7531127548597647
7605,4.155166819421863
7606,4.781692096172578
7607,0.3742620943901001
7608,0.6192686638158149
7609,1.1119783603465272
7610,1.51172841239715
7611,1.7183661955422376
7612,2.3237510857879466
7613,3.252242875615319
7614,4.04725631922548
7615,5.062541114484667
7616,5.604868341252825
7617,6.449982831540203
7618,0.23382525353601427
7619,0.4037896810607385
7620,0.8192964207475496
7621,1.2145317309801635
7622,1.3666232515776817
7623,2.054239022481193
7624,2.875042971054728
7625,3.627099437730688
7626,4.579026284062277
7627,5.109910539425638
7628,5.993970604830974
7629,0.14600352373091582
7630,0.23060512078191983
7631,0.501424635485067
7632,1.3793957815506286
7633,1.5488942657340612
7634,2.446293856240082
7635,3.344263670155221
7636,4.586669236345766
7637,5.819366824465035
7638,6.473362277961773
7639,7.474672372692362
7640,0.09376337113587678
7641,0.12568136711251854
7642,0.27938119784190973
7643,0.7658167855293153
7644,0.9380075300164538
7645,2.5308825714569623
7646,3.4581776453503
7647,5.118792972103503
7648,6.2207438365993175
7649,6.835432040401066
7650,7.8927476686642715
7772,0.4065785285544389
7773,0.7241933462349052
7774,1.159623814069121
7775,1.4600317010458987
7776,1.8576842235006399
7777,2.1786437056668086
7778,2.9114556999062833
7779,4.121457419994915
7780,4.598379816622107
7781,4.936293852462667
7782,5.542949164333139
7783,0.3548072692499892
7784,0.6572539734819239
7785,1.0574340997963265
7786,1.5160612783897982
7787,1.858213119131495
7788,2.2733818441272233
7789,2.9428740818966737
7790,4.161520034572338
7791,4.635157399991397
7792,4.975774053301667
7793,5.590303336859304
7794,0.34470147466397
7795,0.6293364562411053
7796,1.2122978561287792
7797,1.767286055687088
7798,2.163323392194773
7799,2.7135855728772977
7800,3.3290269947385016
7801,4.599116722421096
7802,5.122558520025253
7803,5.5489951810430584
7804,6.277355457513905
7805,0.33889982258358475
7806,0.611599370253118
7807,1.0693288538217471
7808,1.7083862878044591
7809,2.1856007550105154
7810,2.6987366138668363
7811,3.384891594947468
7812,4.464796653720979
7813,5.697789462818328
7814,6.353760771594849
7815,6.913387687459479
7816,0.3698629590568103
7817,0.6917622325302092
7818,1.20133023534282
7819,1.803509104557904
7820,2.243277196063619
7821,2.7891363417931605
7822,3.5977893404722217
7823,5.188178775222079
7824,6.005180128888326
7825,6.680519219297552
7826,7.29172589168553
7827,0.3651260665858383
7828,0.6988062939906519
7829,1.2362697118154746
7830,1.855364358018802
7831,2.290668340113413
7832,2.7015460700676828
7833,3.6541404558447117
7834,5.2730949559980775
7835,6.081552982556151
7836,6.518306582455074
7837,7.0839450475779735
7838,0.3455822789014658
7839,0.6379247707606142
7840,1.1535533907920488
7841,1.740252807585321
7842,2.168231849978377
7843,2.7133442906069427
7844,3.49631973775007
7845,5.091542320953752
7846,6.181557381691787
7847,6.665649843379411
7848,7.298853167908557
7849,0.33890725649782094
7850,0.6482638737162207
7851,1.0740716807457724
7852,1.744834741986629
7853,2.1844235948803123
7854,2.696857205897355
7855,3.529306157909651
7856,5.13490819665447
7857,5.922179767120318
7858,6.5717606991811985
7859,7.1924473669341005
7860,0.3198728936038264
7861,0.6346795873410329
7862,0.9764288386215911
7863,1.4354011957494759
7864,1.931867602884042
7865,2.7244328446300012
7866,3.6455256533563674
7867,5.691243084320451
7868,6.563810559590033
7869,7.294915028605658
7870,7.903018918324162
7871,0.17176006205730948
7872,0.3098408156800795
7873,0.5581040530405303
7874,0.8800572415461836
7875,1.1343717885438922
7876,1.7267566750719288
7877,2.5687944948129493
7878,3.987663207533848
7879,4.6832933876991145
7880,5.480106871693462
7881,6.110268192198991
7882,0.155213900403579
7883,0.2952243557504319
7884,0.5005872850561871
7885,0.7896463990022278
7886,1.004789579148272
7887,1.4653809111264706
7888,2.2314601786804293
7889,3.464602321181475
7890,3.974433919871723
7891,4.68917838044157
7892,5.351946684303075
7893,0.16799635133922364
7894,0.33217323823374423
7895,0.5714613638349487
7896,0.8769789850118904
7897,1.1163327159731575
7898,1.6280549543912415
7899,2.497206046890803
7900,4.053074375647204
7901,4.1202750587326165
7902,5.648871003390505
7903,6.278802952378757
7904,0.07884570299234368
7905,0.11857608030785992
7906,0.2070577398123184
7907,0.5378417962059855
7908,0.7082172869747945
7909,1.114999863110705
7910,1.7102520974076116
7911,2.7766459277170426
7912,3.397526378009671
7913,3.908208216202874
7914,4.689936561993459
7915,0.07463583378237296
7916,0.11390704007863213
7917,0.2174069025303016
7918,0.8693815676624193
7919,1.1378377590910798
7920,2.002698260133003
7921,3.209106131130672
7922,5.485363992588681
7923,6.821660295213414
7924,8.007741285411548
7925,8.939202471606075
7926,0.3566889360956638
7927,0.7368014249626565
7928,1.1499981575357467
7929,1.4410718116618584
7930,1.6898155396338899
7931,2.0664791520725685
7932,2.705960824085385
7933,3.417480233622216
7934,3.8822703878907987
7935,4.23104580923134
7936,5.110956089856431
7937,0.3224404140684373
7938,0.5774295961094719
7939,0.9596778084493481
7940,1.1592700202632436
7941,1.4891962302433954
7942,1.8024293487834298
7943,2.373874879894766
7944,2.993369412537006
7945,4.1186573136449764
7946,4.577234339350775
7947,5.768962249534601
7948,0.3779515214933582
7949,0.6731823745507343
7950,1.1502869585045137
7951,1.466267202904589
7952,1.7415534572978746
7953,2.093098741324507
7954,2.706817347517909
7955,3.0883926903431376
7956,3.431397064364449
7957,3.637516114892349
7958,4.591579421254993
7959,0.38543190521934884
7960,0.6677554128988651
7961,1.1580489594757026
7962,1.6457310323329912
7963,1.9222732141124028
7964,2.3901326199354767
7965,3.2626605466253458
7966,4.010626969806209
7967,4.192143729270885
7968,4.706889473214463
7969,5.796398080077499
7970,0.34558388156618197
7971,0.5643213940183992
7972,0.9485307100329815
7973,1.4067707027029421
7974,1.8023061784102437
7975,2.1685767296543315
7976,2.9826526906384005
7977,3.890689053896289
7978,4.44135648594165
7979,4.787253797803599
7980,5.413511770908254
7981,0.33332432170389276
7982,0.5361258447182928
7983,0.8959499808499165
7984,1.339172520889122
7985,1.765763874100548
7986,2.1427987185764352
7987,2.924906270184426
7988,3.8199716269827726
7989,4.514227767757602
7990,5.003190012595958
7991,5.649666857448904
7992,0.24946578829235377
7993,0.3547475570129063
7994,0.7046776450572757
7995,1.1661834632646884
7996,1.6641693692242392
7997,1.998730491605571
7998,2.755972608791227
7999,3.646580160874997
8000,4.1625421309457575
8001,4.8527190799031725
8002,6.0527033991249315
8003,0.20111307364267308
8004,0.277939158681635
8005,0.4597600963724541
8006,0.847406788240443
8007,1.4765708640588047
8008,2.06933174733964
8009,2.9528792430787765
8010,3.929651762829748
8011,4.4548535879537
8012,5.001057582721639
8013,6.187327926084204
8014,0.2804483605524148
8015,0.40755848674977313
8016,0.5620735179656788
8017,0.8652769223866307
8018,1.6484921504109156
8019,2.1566605730641153
8020,3.3879176504518553
8021,4.347897446447007
8022,4.940819169829704
8023,5.581298359558151
8024,7.275117131281108
8025,0.19565250671864115
8026,0.1871460393906261
8027,0.25657109236554826
8028,0.4957805512542154
8029,0.785812154666274
8030,1.0935624163372073
8031,1.7402664347587966
8032,2.430471491524662
8033,2.9081988823839455
8034,3.458343870860785
8035,4.5456755381347165
8036,0.19236098719486447
8037,0.1910971017930357
8038,0.2522190228864901
8039,0.5283097805427265
8040,0.7685473113643745
8041,1.0486253593536576
8042,1.6173162031570623
8043,2.2145748056222896
8044,3.201357944141258
8045,3.8038233471795952
8046,4.913222945102716
8047,0.0913546389112645
8048,0.09645846098423504
8049,0.14566933315577396
8050,0.28444325587437597
8051,0.462356774522555
8052,0.7214151940659158
8053,1.0869325507883596
8054,1.5374610749798214
8055,1.8499411359792797
8056,2.2553585758727555
8057,3.039515130662271
8058,0.07024513015192446
8059,0.07820814445487834
8060,0.13920840638403395
8061,0.25576364417446895
8062,0.4370807406521325
8063,0.698750631783821
8064,1.1736315309253542
8065,1.7751950086863881
8066,3.5007220725231334
8067,3.991526543882584
8068,5.132756131485599
8124,0.3541892145282791
8125,0.5934575202466114
8126,0.9659740038724597
8127,1.3085121849532533
8128,1.7101240784800853
8129,2.199353919092541
8130,3.435358087528897
8131,4.817420583629267
8132,5.3340395978822635
8133,5.483151117389459
8134,6.132710853391496
8135,0.3468077778433493
8136,0.5567027240515905
8137,0.9806407964165612
8138,1.332343772618187
8139,1.6287568079106585
8140,2.2356980596933593
8141,3.192759118955576
8142,4.555888372086099
8143,5.044501859694304
8144,5.149506037113244
8145,5.7630770900263535
8146,0.38278894172388356
8147,0.6431798590155829
8148,1.1411360156797734
8149,1.5839643646413415
8150,1.942820209070192
8151,2.7431163322124505
8152,3.765856055294175
8153,5.242452818704804
8154,5.247886246261392
8155,5.399116784569606
8156,6.237696476157729
8157,0.434107920251037
8158,0.7344237806131845
8159,1.281823725730954
8160,1.7881876660517313
8161,1.9805651871809034
8162,2.6743004368378402
8163,3.6411224821070705
8164,5.000366682993343
8165,5.903780117407919
8166,6.203998752155811
8167,7.056522187133929
8168,0.41199960438620237
8169,0.6770944412621744
8170,1.1662926621414804
8171,1.6500614046928253
8172,2.040249039573083
8173,2.8155078042553248
8174,3.942508025521074
8175,6.115138611608471
8176,7.151279130567405
8177,7.59463531574484
8178,8.113223301232434
8179,0.4231702896698442
8180,0.7097635771629156
8181,1.2526966713013625
8182,1.746546316592584
8183,2.171010382835619
8184,2.9987877728795187
8185,4.179616131422991
8186,6.21714941641085
8187,7.264634538396562
8188,7.663993694469551
8189,8.055188091577064
8190,0.41841749061893035
8191,0.6944367393591657
8192,1.2178778659015277
8193,1.6980009203187512
8194,1.8781203233586805
8195,2.75933780161059
8196,3.809604106305289
8197,5.55145330031778
8198,6.533499578095398
8199,7.033892560269213
8200,7.780720904686627
8201,0.3640757731109295
8202,0.5546508297843439
8203,1.0006573977076703
8204,1.5110294357761753
8205,1.8457394092020567
8206,2.554003474155605
8207,3.596401489527458
8208,5.195226913375112
8209,6.070535279414319
8210,6.690159252219904
8211,7.620962648992695
8212,0.2630465045041691
8213,0.4174380782865906
8214,0.8534749576901391
8215,1.1993610456933235
8216,1.579150397045689
8217,2.4324565986173967
8218,3.712820946503058
8219,5.777372721587514
8220,6.750762866282262
8221,7.3935364673983095
8222,8.355017214086358
8223,0.24316309342732878
8224,0.39132657218524436
8225,0.7007886164825486
8226,1.0626618523757152
8227,1.3518131349547082
8228,2.1507416309850256
8229,3.3745848999884145
8230,5.317716916325656
8231,5.680691243036449
8232,7.260170823812161
8233,8.262583016505069
8234,0.14553011758671974
8235,0.22993545609514293
8236,0.4102785072804926
8237,0.6263016661965558
8238,0.815022769706572
8239,1.3970283195195137
8240,2.280553018144521
8241,3.566707854831834
8242,4.310515224429501
8243,4.833179114453577
8244,5.673844633999423
8245,0.13773051387847648
8246,0.23097613970211214
8247,0.4121246236891157
8248,0.7075608649680852
8249,0.931689711543816
8250,1.624053507478553
8251,2.7242061989398882
8252,4.304747482718171
8253,5.227474191347095
8254,5.86371273739166
8255,7.009653027392768
8256,0.08304033424963062
8257,0.13767288075776332
8258,0.2902969368350372
8259,0.5074205708453567
8260,0.6735274304217052
8261,1.2526677687539243
8262,2.0532370691304154
8263,3.1358203971350593
8264,6.474750874125725
8265,7.103334867753038
8266,8.352183662308489
8267,0.0981148049583077
8268,0.1510667268415694
8269,0.3351648368374845
8270,0.7019125266836308
8271,0.9070017626657371
8272,1.7597359396507009
8273,3.152892425986818
8274,5.424114308028947
8275,6.820331025874774
8276,5.961737616871417
8277,8.849244890631633
8278,0.07366507102564618
8279,0.10848832854797161
8280,0.266547553446643
8281,0.6451860322340093
8282,0.8394959646717057
8283,1.6256024060134113
8284,2.876275080236342
8285,5.057534177560297
8286,6.44879180916446
8287,7.0702591349897475
8288,8.441002958139176
8289,0.07352920563508361
8290,0.10865236752791461
8291,0.26861976037773
8292,0.6648388972687876
8293,0.8650676603790766
8294,1.875917408441738
8295,3.2985533989134423
8296,5.692327223075207
8297,6.9772229804767285
8298,7.588816496571598
8299,9.042657212883238
8472,0.13201791837927318
8473,0.18736610337838985
8474,0.2541752149138621
8475,0.32641095438052253
8476,0.374132546340821
8477,0.4734859716393894
8478,0.740383247675199
8479,0.9511328417285704
8480,1.100692663031239
8481,1.2453560978839084
8482,1.536802532937291
8483,0.14274884229893267
8484,0.2041081719613948
8485,0.2768870011092233
8486,0.35557735367018767
8487,0.40863172024734706
8488,0.5232040614553518
8489,0.8181267142423247
8490,1.0476650018523677
8491,1.2122455814945114
8492,1.3518049822017297
8493,1.604138819410693
8494,0.17055947059540041
8495,0.24717073836439982
8496,0.3361922565460509
8497,0.43173696283379537
8498,0.5081826763649059
8499,0.6506671583753441
8500,1.0174389374315602
8501,1.2569919790498598
8502,1.4208063492396052
8503,1.5068460692223349
8504,1.724566007674398
8505,0.2573830646394945
8506,0.4083136028734741
8507,0.588934710098944
8508,0.823533002774143
8509,0.9820981752806146
8510,1.2429009807246407
8511,2.0304877731751274
8512,2.670370771258523
8513,2.9845378453284908
8514,3.2735572758914873
8515,3.6779901631919643
8516,0.2637590702909597
8517,0.419922866651391
8518,0.6087131869764376
8519,0.851190106649859
8520,1.0068480879214219
8521,1.2759910513905866
8522,2.0845459684317853
8523,2.7251481854299118
8524,3.045759780283499
8525,3.3220500874879244
8526,3.651053796567574
8527,0.36029727987129717
8528,0.5958347782655198
8529,0.899468537707704
8530,1.235193415022942
8531,1.4403787273821758
8532,1.8150795934597295
8533,2.8871924632417305
8534,3.766389841906442
8535,4.227263280795176
8536,4.64179008857837
8537,5.1606401232699906
8538,0.416805630116143
8539,0.6517895428907186
8540,1.0041392541676197
8541,1.398247369472218
8542,1.7332611305843
8543,2.3742944293675663
8544,3.7790967399939657
8545,5.321734365827303
8546,5.701707192589121
8547,6.133528496999882
8548,6.945498577299759
8549,0.4033616668117358
8550,0.628521658805059
8551,0.971305880522622
8552,1.3525274375609084
8553,1.6693919658781804
8554,2.283635798244288
8555,3.628525311791504
8556,5.060804129687764
8557,5.797148542479189
8558,5.893367370195693
8559,6.659733952575477
8560,0.43357093227945825
8561,0.6757685685059175
8562,1.0443203909791317
8563,1.4652908320294251
8564,1.8083785900042775
8565,2.4737618062872926
8566,3.930621220930921
8567,5.462745989323834
8568,5.949645661680141
8569,6.431679942399847
8570,7.240629641731604
8571,0.4359084627343475
8572,0.6800930534227184
8573,1.0720503023102765
8574,1.5341645201121379
8575,1.889580689373208
8576,2.5848417831901
8577,4.207604691361109
8578,6.0271049310758755
8579,6.523523710355774
8580,7.064519681666009
8581,8.09652850216589
8582,0.44556281091625966
8583,0.6958990291928345
8584,1.0969657179543322
8585,1.5754180974420722
8586,1.937872351806406
8587,2.6509021041592185
8588,4.315137662326722
8589,6.1826698542076715
8590,6.69544456735263
8591,7.230615293368682
8592,8.28688792005037
8593,0.4339105963582595
8594,0.6814649489868708
8595,1.11479193041677
8596,1.6387767194740646
8597,2.0146155664155128
8598,2.762133290093779
8599,4.275252933500785
8600,5.974652930508959
8601,6.441523227921938
8602,6.930868264390951
8603,8.04902042624848
8604,0.4116289573381489
8605,0.6890110530388452
8606,1.144930004741616
8607,1.6830805695699944
8608,2.0662752266771194
8609,2.82585537546982
8610,4.488453506826915
8611,6.404856014725304
8612,6.915581422764081
8613,7.4409393736378595
8614,8.653039834981847
8615,0.4053031213720314
8616,0.6807053603836981
8617,1.1430254931555028
8618,1.684418089431953
8619,2.08857737778311
8620,2.8686283581724292
8621,4.5905003782947205
8622,6.684957152085458
8623,7.2180179205666075
8624,7.765923302445422
8625,8.90136261904736
8626,0.41019818532994234
8627,0.7137717815056982
8628,1.2255219310507526
8629,1.8224601251355825
8630,2.259741220514673
8631,3.081299266780852
8632,4.9610401705363545
8633,7.446393490167304
8634,8.505972313517697
8635,9.583366822072087
8636,10.78293649414277
8637,0.3755645773436433
8638,0.6486266516051968
8639,1.1330002560660997
8640,1.7041712524584884
8641,2.1121132069521336
8642,2.9077198231429846
8643,4.718280809898115
8644,7.1069161863054795
8645,8.118189348310544
8646,9.14646598746379
8647,10.323627433951055
8648,0.3639400970272555
8649,0.635639538322125
8650,1.102789688379362
8651,1.6628902323710009
8652,2.0736339920297273
8653,2.8724578287692393
8654,4.733766892607149
8655,6.935101680053346
8656,7.900965571417585
8657,8.979736755704135
8658,10.20516069449031
8659,0.3847278799635325
8660,0.6658268506660527
8661,1.1633357615595328
8662,1.75418730810598
8663,2.217575341438662
8664,3.0718495524690383
8665,5.011944563975582
8666,7.32321150377334
8667,8.392041077449186
8668,9.537862054628423
8669,10.865107553620692
8861,0.08487997634783383
8862,0.15944594363461614
8863,0.25621691191102
8864,0.4273691680486127
8865,0.5871738881755346
8866,0.7113758798841723
8867,0.7704216993391206
8868,0.7046944021467231
8869,0.8042816922540624
8870,0.9009239108995173
8871,1.212205196653419
8872,0.0929374592997803
8873,0.18022991381002137
8874,0.2900170245498217
8875,0.4821810418997191
8876,0.6504363816001355
8877,0.7868063018456637
8878,0.8476459843655726
8879,0.7742419419762562
8880,0.8835422774075687
8881,0.9773428704258441
8882,1.212205196653419
8883,0.11277221035607707
8884,0.22258103693235104
8885,0.35911476013013816
8886,0.5970626361328359
8887,0.811206931247355
8888,0.9812838636672109
8889,1.0571614952868076
8890,0.9399404069217682
8891,1.0518561266653266
8892,1.1143146694488755
8893,1.3869259406395027
8894,0.12982897248789294
8895,0.27263808326273925
8896,0.4423785727816222
8897,0.7445584266937014
8898,1.0670736795561697
8899,1.2663127516373927
8900,1.682592412641869
8901,1.7750022243803798
8902,2.013610337464796
8903,2.1982230867482633
8904,2.7988485521343827
8905,0.13503711570506655
8906,0.28361401970678674
8907,0.4601879669827259
8908,0.7745330577961159
8909,1.0985352086996418
8910,1.3252951672978892
8911,1.742969753521041
8912,1.8220384576888784
8913,2.0818427684634444
8914,2.260876321602306
8915,2.8583335734186983
8916,0.1712573362527299
8917,0.3704127644307768
8918,0.6101395205340476
8919,1.0111039557231996
8920,1.4458843961394197
8921,1.7447010749420677
8922,2.3261164531029626
8923,2.7735062360131972
8924,3.135910602242544
8925,3.4225720301057394
8926,4.2067190796841025
8927,0.17922140866768466
8928,0.3812798235990105
8929,0.642603605324476
8930,1.06418967525234
8931,1.5285404138343088
8932,1.840583407510503
8933,2.4134808644837036
8934,3.2604967307304027
8935,3.8663606516142237
8936,4.3578043362364225
8937,5.427964480539521
8938,0.19203479563984624
8939,0.42122309186258566
8940,0.7341374154908537
8941,1.2322450622143912
8942,1.7385899212930649
8943,2.056547796585665
8944,2.478298785227452
8945,3.2439313382453214
8946,4.206632230429418
8947,4.600523203429156
8948,5.322945433631074
8949,0.17858263613845293
8950,0.4025908882142292
8951,0.7103633534212788
8952,1.1927529746168857
8953,1.6818699150007228
8954,2.093263496939703
8955,2.6549280434319473
8956,3.371199580923867
8957,4.507032628543899
8958,4.889805605900809
8959,5.718900596166946
8960,0.18079482126536955
8961,0.4105597539489678
8962,0.7251300423974387
8963,1.2318060131742605
8964,1.7735405350558882
8965,2.207357197642604
8966,2.8759006743063766
8967,3.71646183987354
8968,4.960145195829921
8969,5.429825202915454
8970,6.494852602577642
8971,0.17902367788985163
8972,0.4083051210653779
8973,0.7319557420020579
8974,1.2466952388643626
8975,1.894773802715275
8976,2.3881375845292645
8977,3.086642405156459
8978,4.001436169489023
8979,5.340483838571155
8980,5.8821463837648285
8981,7.116844565763399
8982,0.17083524706101247
8983,0.4054462756847375
8984,0.7335498776387107
8985,1.2734329867654446
8986,2.0125367546317086
8987,2.5371265793577575
8988,3.253896513691298
8989,4.299466707175194
8990,5.7638706690896
8991,5.865066779173246
8992,7.028657850714276
8993,0.14990813125342015
8994,0.36347610208026093
8995,0.6945049297840914
8996,1.3965611660968638
8997,1.8943344003031326
8998,2.454625924723622
8999,3.2561284156723285
9000,4.060612898441133
9001,5.571405216019768
9002,6.086388552522877
9003,7.186190199975969
9004,0.13824142368854556
9005,0.34068866693216515
9006,0.6297796363081434
9007,1.1863564802110418
9008,1.870265396295337
9009,2.416617372978697
9010,3.1526082565412503
9011,4.143862743063999
9012,5.569814960663035
9013,6.215017566358683
9014,7.361078647803047
9015,0.13824190696481284
9016,0.3312639098889067
9017,0.619883012914926
9018,1.118570409113466
9019,1.7800084338468665
9020,2.378460016382288
9021,3.079981352609735
9022,4.144982475181004
9023,5.439620132849681
9024,5.593808249471302
9025,6.625317149218073
9026,0.2292548875812014
9027,0.4679302158332587
9028,0.9322978370731174
9029,1.6140416665078405
9030,2.60615064116184
9031,3.161552943999689
9032,3.8874609363513404
9033,5.855466327789114
9034,6.531556293107621
9035,7.59171648614772
9036,0.2074651074879234
9037,0.4356934064942643
9038,0.9177682783666561
9039,1.7672871084040211
9040,2.285878271113535
9041,3.070132328270469
9042,4.164959156521475
9043,5.720572606485259
9044,6.409956853151214
9045,7.72999322036067
9046,0.20770486844289637
9047,0.4142560617165485
9048,0.8560667301466525
9049,1.57018033644963
9050,2.1986709167457725
9051,3.0097210864543626
9052,4.046517215483405
9053,5.486815117578521
9054,6.17833855096055
9055,7.424642103781694
9372,0.22984917666651083
9373,0.2613873408014691
9374,0.3471390266524437
9375,0.43877569233255853
9376,0.45637266662244147
9377,0.5644896414264055
9378,0.7162107605982406
9379,0.8492322859080578
9380,1.0051657847447293
9381,1.1619591834908956
9382,1.4677801886553328
9383,0.22984917666651083
9384,0.2613873408014691
9385,0.3471390266524437
9386,0.43877569233255853
9387,0.45637266662244147
9388,0.5644896414264055
9389,0.7162107605982406
9390,0.8492322859080578
9391,1.0051657847447293
9392,1.1619591834908956
9393,1.4677801886553328
9394,0.24641096358112805
9395,0.2823132613572477
9396,0.37492998114651277
9397,0.47390281536539014
9398,0.49755967122567263
9399,0.6226427387033306
9400,0.7899939994307643
9401,0.9291361186625643
9402,1.0953745650643072
9403,1.2427811779092492
9404,1.5096219639132342
9405,0.29702746490539916
9406,0.344906419774969
9407,0.4592706005312524
9408,0.5805074055181049
9409,0.6173128952833973
9410,0.7725010968218202
9411,0.9801306481367265
9412,1.1221122874315879
9413,1.297253966491628
9414,1.405674295370646
9415,1.645109287419913
9416,0.41389648649533034
9417,0.524374152728261
9418,0.7486348521457938
9419,1.022788546272213
9420,1.0810838499272744
9421,1.3390530512071563
9422,1.7962666272678278
9423,2.163553972922072
9424,2.512149205601649
9425,2.925996016500167
9426,3.493547890229377
9427,0.4640499616781604
9428,0.5900142735259711
9429,0.8458181207627465
9430,1.155560796650102
9431,1.216520076165319
9432,1.5068071916470822
9433,2.0212996562330283
9434,2.4489932132667738
9435,2.843578867100233
9436,3.2460925592861876
9437,3.881103808859486
9438,0.49151053549113294
9439,0.6259192770947644
9440,0.8972899308649809
9441,1.2038815052088903
9442,1.2602702909615804
9443,1.546346852277095
9444,2.074339954210139
9445,2.5150064253132998
9446,2.9202282321160355
9447,3.3335917794873597
9448,3.9599069695779554
9449,0.6106509025860813
9450,0.8052366243310066
9451,1.256151269496045
9452,1.7110774308395484
9453,1.808431566492372
9454,2.1502466429896936
9455,2.9019101797075084
9456,3.482521695771146
9457,3.9363819276677137
9458,4.575273013381401
9459,5.49110666182355
9460,0.6866512241290061
9461,0.9104453924499116
9462,1.4361962616181279
9463,1.998149375617816
9464,2.212729798172375
9465,2.8600009933043156
9466,3.7416147672186306
9467,4.861972414741885
9468,5.465146572081259
9469,6.366543187264453
9470,7.734424956202384
9471,0.7136343473125165
9472,0.9384734747312156
9473,1.4804095964612147
9474,2.060395992913719
9475,2.2728206231927013
9476,2.927435821736887
9477,3.829836816958777
9478,4.890009917200011
9479,5.547824143935677
9480,6.437025276256173
9481,7.79054962821879
9482,0.7116856113909902
9483,0.9512948567565278
9484,1.524186561623874
9485,2.2104681432782476
9486,2.3869513959691155
9487,3.136289672830361
9488,4.120560878552175
9489,5.338152696670604
9490,6.020566025162379
9491,7.004582325761813
9492,8.667171558194577
9493,0.6422276795344433
9494,0.9040068258870345
9495,1.4484205878408538
9496,2.0633656413673758
9497,2.249291744642942
9498,2.8971301824757085
9499,3.8686975899642824
9500,5.002986606002243
9501,5.653435511481662
9502,6.581125369912451
9503,8.11337496738916
9504,0.6462013264911789
9505,0.915387576255258
9506,1.5220589112417207
9507,2.219402965633921
9508,2.306688109679572
9509,3.1450856729732344
9510,4.076630771672484
9511,5.02185200688824
9512,5.674753643171097
9513,6.551320975663082
9514,8.214160841306267
9515,0.6509179780929206
9516,0.931284501880014
9517,1.5729368192362072
9518,2.2935910138455986
9519,2.4838846564063957
9520,3.253275503976
9521,4.216865423477998
9522,5.431555083328477
9523,6.0946994366187655
9524,7.036134917950416
9525,8.822029042978812
9526,0.6449792111694527
9527,0.9471835264948665
9528,1.6155856276455485
9529,2.3615801603383484
9530,2.5101553068532234
9531,3.269163268662737
9532,4.9021286089782965
9533,6.445853931603189
9534,6.176347677581909
9535,7.129446202938206
9536,8.853967221329025
9537,0.5871608102710145
9538,1.0186108466392663
9539,1.5351072676190978
9540,2.266983326392003
9541,2.9934289908703566
9542,3.388075124493133
9543,4.467474756634725
9544,6.102883968639055
9545,8.255014042908503
9546,8.629290481865457
9547,10.39860535265041
9548,0.6186331292746905
9549,0.9141438673577722
9550,1.6245846780950903
9551,2.4241360788048403
9552,2.7059234822874125
9553,3.551292887484074
9554,4.682691718834022
9555,6.421226070296453
9556,7.535936259730644
9557,9.096889233845445
9558,11.022490381359024
9559,0.604758858486706
9560,0.8912800088486685
9561,1.5907446219498096
9562,2.373641387997621
9563,2.697825530442743
9564,3.602255128090056
9565,4.668677940436089
9566,6.402009422138675
9567,7.528864931634055
9568,9.22903540286387
9569,11.18260883938309
9570,0.14547813671738988
9571,0.18591481648771305
9572,0.25790768886148896
9573,0.3284592250987218
9574,0.39158587434558956
9575,0.49153803516718414
9576,0.6486197651083474
9577,0.8292939696422791
9578,0.9700428828313618
9579,1.1183039660553653
9580,1.3988804304820983
9581,0.15730315892841445
9582,0.202527205559754
9583,0.28095298967709736
9584,0.35780864729499773
9585,0.4273144472039727
9586,0.54266909893026
9587,0.7160908786234313
9588,0.9126489085318319
9589,1.067405521040274
9590,1.2128143564462819
9591,1.4588762314358157
9592,0.187949289659599
9593,0.24525622103239994
9594,0.3411291220046963
9595,0.43444616780093576
9596,0.5314168936715454
9597,0.6748742728733436
9598,0.8905451074602795
9599,1.0949992179606844
9600,1.2510472833711852
9601,1.3519143439839567
9602,1.56839815089233
9603,0.2655462214569259
9604,0.37511270670159197
9605,0.5532777319989732
9606,0.7672602458766979
9607,0.954543763707414
9608,1.2178620060746381
9609,1.67897995829472
9610,2.1964012210866843
9611,2.5023788828993734
9612,2.8270969468920395
9613,3.353302929033976
9614,0.2857046174096872
9615,0.4048803959218347
9616,0.5982269543738661
9617,0.8584008332452773
9618,1.0259070307199412
9619,1.32951753546703
9620,1.7860858173369454
9621,2.3303638976661047
9622,2.632611660026167
9623,2.9257605561802547
9624,3.271111067750655
9625,0.4055663963340964
9626,0.5972617662057431
9627,0.9355999260145352
9628,1.274162496689556
9629,1.562918760734368
9630,1.9625403123522291
9631,2.630864233211356
9632,3.393491158454293
9633,3.849801007134138
9634,4.30825254905739
9635,4.875388829790698
9636,0.45415290755794663
9637,0.6726208027957081
9638,1.0619186822358782
9639,1.471337720870766
9640,1.9143474783785348
9641,2.6115960662227895
9642,3.5070017086414107
9643,4.63342240422246
9644,5.023908428487354
9645,5.506664825686375
9646,6.307804468147675
9647,0.47383250017238887
9648,0.7017671611317048
9649,1.1079343010027822
9650,1.5356412202828251
9651,1.9923440433980255
9652,2.714235450406379
9653,3.6385418032151264
9654,4.729554022592502
9655,5.151033145384399
9656,5.636436227036658
9657,6.43209900168732
9658,0.4708744726397798
9659,0.6958440318667316
9660,1.0996533198635399
9661,1.5515107077754993
9662,2.002655938074768
9663,2.7282836817774703
9664,3.657374022467627
9665,4.747338687873712
9666,5.181577841798479
9667,5.669859276074193
9668,6.470240187303239
9669,0.47622222166714306
9670,0.7108134745334975
9671,1.1458046741628813
9672,1.622391194857511
9673,2.1270974373538003
9674,2.8978144061340934
9675,3.979679228429257
9676,5.217447977306732
9677,5.684973067400003
9678,6.253444400133438
9679,7.295913573135276
9680,0.506707429129553
9681,0.7611280813677981
9682,1.273257232170363
9683,1.845373744884026
9684,2.4108371656936898
9685,3.2843623178267523
9686,4.424816807466653
9687,5.76048011619171
9688,6.27666523140837
9689,6.877024478161442
9690,8.130179490767187
9691,0.4874904481383391
9692,0.7395335533146701
9693,1.2610088415794376
9694,1.8276217480035144
9695,2.3925208984789084
9696,3.2594094679621826
9697,4.391199386856372
9698,5.702376809937633
9699,6.213355403956709
9700,6.811875699261735
9701,8.053159077688694
9702,0.4608750571883438
9703,0.7516910956652096
9704,1.2907563336478707
9705,1.8812858631818707
9706,2.4732338905449724
9707,3.3598065839553066
9708,4.523382739588619
9709,6.201060695588911
9710,7.128797766678759
9711,8.034536148698828
9712,9.212769203302486
9713,0.448774239257084
9714,0.7478212424412148
9715,1.313008759664937
9716,1.935433103663626
9717,2.5100164364768847
9718,3.399232048744086
9719,4.650427852693418
9720,6.440804205691086
9721,7.4445731589325455
9722,8.53115315475281
9723,9.693329707752945
9724,0.401171198459889
9725,0.6630688358180745
9726,1.1789105008926186
9727,1.7510424634240127
9728,2.270884669608871
9729,3.103051467794072
9730,4.245228559639639
9731,5.901978873890253
9732,6.821774440888453
9733,7.817453237405272
9734,8.910264623550873
9735,0.4132658448965083
9736,0.6677018227821382
9737,1.1854226315856116
9738,1.760714968132524
9739,2.328033380292465
9740,3.186034757937191
9741,4.359557776568808
9742,6.060926410755417
9743,7.02791915181717
9744,8.178352193376819
9745,9.321614087681095
9746,0.38812679749090545
9747,0.6307463560419778
9748,1.1393108925307618
9749,1.7302776877848522
9750,2.313679430009716
9751,3.197686377562016
9752,4.375501076879163
9753,6.138861433288144
9754,7.118288346282739
9755,8.283514345047287
9756,9.44147698564924
9757,1.0528751783678105
9758,1.6002859343192661
9759,2.2033841567226813
9760,3.1416826528172153
9761,4.2988693097210176
9762,6.023647702712683
9763,6.969517828575193
9764,8.110390883675548
9765,9.3127829793232
10032,0.2765398082148097
10033,0.37401403552326934
10034,0.42386956323526664
10035,0.4713487656260964
10036,0.5022187453760502
10037,0.5536700920273148
10038,0.6899799843026215
10039,0.8406268017691151
10040,0.9911588476726281
10041,1.139177856100806
10042,1.4625696211302384
10043,0.2970085350563166
10044,0.4046815701058553
10045,0.4586250356357521
10046,0.5099973274376175
10047,0.5494923796798102
10048,0.6128825043350031
10049,0.7637700984931555
10050,0.9229948701101958
10051,1.088134541426344
10052,1.224067863401655
10053,1.4907611133992473
10054,0.29656617045058187
10055,0.40407883724777754
10056,0.4579419593631102
10057,0.5092377372573726
10058,0.5476978849924601
10059,0.6108809945076242
10060,0.7612758302652657
10061,0.9199806164970168
10062,1.0845809859523816
10063,1.2200703861680122
10064,1.4843657724080783
10065,0.1370397779654729
10066,0.19196712923329218
10067,0.21922473937412282
10068,0.24378091578456187
10069,0.25996960765702226
10070,0.2870005817056514
10071,0.357658215084405
10072,0.4210287157009283
10073,0.48011464949387833
10074,0.5153291358156137
10075,0.5701547206058599
10076,0.5950424016905835
10077,0.886191171175376
10078,1.1118622935245317
10079,1.3933230720353558
10080,1.5053283146088017
10081,1.661848497770134
10082,2.094221559590162
10083,2.4983560508457443
10084,2.8781102458367207
10085,3.1688382309752052
10086,3.7887367360226727
10087,0.5866684015375317
10088,0.8708124796689559
10089,1.0925673741370416
10090,1.3691437680763812
10091,1.475108316770616
10092,1.6284863019470548
10093,2.0521793217678144
10094,2.448200670306584
10095,2.8203311656432737
10096,3.082004949076844
10097,3.661052007993607
10098,0.8840932515736547
10099,1.3577032517160517
10100,1.7641725094510734
10101,2.316968451087913
10102,2.496289660432682
10103,2.6454707951168572
10104,3.061139570019167
10105,3.4590829038750672
10106,3.984869147642623
10107,4.352732598526288
10108,5.202487441326763
10109,0.9638630518270127
10110,1.4886327213714927
10111,1.9766691064044168
10112,2.6644966358944497
10113,2.952240872608812
10114,3.4010372024002895
10115,3.94222732316539
10116,4.766314883349219
10117,5.269684509685741
10118,5.731246601352892
10119,6.977070471121169
10120,1.0673828141374557
10121,1.6139968364070256
10122,2.147708766226852
10123,2.896084548743156
10124,3.185969688710681
10125,3.943125241328795
10126,4.562687567011962
10127,5.048239053297802
10128,5.608104753439212
10129,6.094799090417316
10130,7.376362954960255
10131,0.9691171811653994
10132,1.4928025290254916
10133,1.9864382664905875
10134,2.6998907661734277
10135,2.9591773498192433
10136,3.6624350014964446
10137,4.23789396065086
10138,4.701595813082181
10139,5.23430653237539
10140,5.68169829239637
10141,6.876398743182179
10142,0.9429253808915322
10143,1.466715311838274
10144,1.951724601769796
10145,2.6867328558199763
10146,2.9447558070010227
10147,3.6436903111238856
10148,4.405856247912093
10149,4.917310263995
10150,5.465123073867616
10151,5.922274210227618
10152,7.327969635810012
10153,1.0018787430198792
10154,1.572814794625119
10155,2.2074245206412613
10156,3.0387278927424544
10157,3.3290467745092527
10158,4.119192310859529
10159,4.75986109381038
10160,5.582426568228348
10161,6.183688757475972
10162,6.828600293527185
10163,8.44941889378123
10164,1.0913198192927316
10165,1.7333106794724162
10166,2.463542592266033
10167,3.3912985563389246
10168,3.7194907642269497
10169,4.589379583252804
10170,5.366871597573576
10171,6.3337009469255925
10172,7.001373846688571
10173,7.619023243706789
10174,9.427454555885587
10175,0.9933811748306859
10176,1.6019331588923043
10177,2.2747864416867007
10178,3.1391682385466746
10179,3.4520237242624243
10180,4.259359198685086
10181,4.980942084351346
10182,5.85646578472424
10183,6.473830501753947
10184,7.256617599641177
10185,8.62849044864565
10186,1.174325137336663
10187,1.8924017710612775
10188,2.7766334472730216
10189,3.8230298175477135
10190,4.228727526519916
10191,5.18809622811282
10192,6.062895372752318
10193,7.398750218736224
10194,8.958165572150975
10195,10.097711674332263
10196,12.235834137938214
10450,0.11725015992147027
10451,0.17378735926785274
10452,0.19530668158399445
10453,0.22149265241038799
10454,0.235056445925324
10455,0.2696002538697387
10456,0.3359740423252755
10457,0.40248076429679697
10458,0.46717887685948795
10459,0.5156374603328149
10460,0.5903937991408749
10461,0.11773076261468807
10462,0.16220799078867448
10463,0.1832065704900252
10464,0.20777020482729794
10465,0.21975950698266136
10466,0.25240494320831597
10467,0.31454536060471583
10468,0.3768102329156428
10469,0.43738185031093424
10470,0.4809577943294966
10471,0.5487266507779849
10472,0.14151551335767198
10473,0.19503401350627964
10474,0.22086537395215664
10475,0.25047815622854974
10476,0.26684024241010906
10477,0.30647955647502806
10478,0.38193278381972073
10479,0.44537223670278103
10480,0.5078744687589224
10481,0.534853058779538
10482,0.586999289608169
10483,0.6433808725137322
10484,0.9418423828004903
10485,1.1718078360285453
10486,1.4975774959969903
10487,1.607866030901829
10488,1.8467157111358803
10489,2.327186781396714
10490,2.75014528036055
10491,3.168171848950729
10492,3.4140390831174647
10493,4.0359435651157
10494,0.6522602980099037
10495,0.9544222740714443
10496,1.1886162161647014
10497,1.530100375334888
10498,1.6468474568412328
10499,1.8914878565393127
10500,2.3836075636153002
10501,2.816820353102056
10502,3.2449816415078403
10503,3.494012435713785
10504,4.130484936767813
10505,0.6834464012887885
10506,1.000055454109651
10507,1.2454467609477702
10508,1.6032580831976004
10509,1.7255871180322007
10510,1.9633235963200606
10511,2.4741332374055474
10512,2.9258345625680264
10513,3.3705661886341742
10514,3.629234762946737
10515,4.262553718547144
10516,0.7196338354651792
10517,1.0899246999746208
10518,1.427014179260957
10519,1.9010799297808905
10520,2.048593118947358
10521,2.2586747087544685
10522,2.6135682690325805
10523,2.9359071561038306
10524,3.3897432723648127
10525,3.725023388805057
10526,4.461002085103618
10527,0.8769781016581563
10528,1.332272168897383
10529,1.840042975890286
10530,2.5159510458760894
10531,2.7677911909671575
10532,3.422192438759978
10533,3.9667488869831353
10534,4.408907317088344
10535,4.876102663604464
10536,5.247866095031362
10537,6.374811035928235
10538,0.9444510778616939
10539,1.4347745782262862
10540,1.985843322446027
10541,2.6803437067576903
10542,2.943898476325431
10543,3.626365667571417
10544,4.196157243864591
10545,4.606296980571406
10546,5.117149905098066
10547,5.489471699249859
10548,6.593820606892329
10549,0.8974604770838811
10550,1.3633882237692272
10551,1.8870388708871162
10552,2.5378976038783385
10553,2.7778072210236653
10554,3.4217704239671067
10555,3.95941503631843
10556,4.358200765589761
10557,4.844462859048247
10558,5.196944052062661
10559,6.242443473757232
10560,0.9509572666955499
10561,1.4620998781770904
10562,2.0236637335856096
10563,2.7758647053771006
10564,3.0368936685359214
10565,3.7409194047309513
10566,4.477058367799657
10567,5.0140077798256275
10568,5.5635389496706535
10569,6.0451157918648795
10570,7.423752185059882
10571,0.9735544195004171
10572,1.5005192492510497
10573,2.0768392307387
10574,2.8591069331139067
10575,3.1166936510850767
10576,3.8392189620411736
10577,4.659865145204415
10578,5.2283309325109535
10579,5.770588401504313
10580,6.20891533967529
10581,7.624907513235027
10582,0.9688060474299103
10583,1.4971291348453073
10584,2.1855267977476704
10585,2.997892683373006
10586,3.2591184910625675
10587,4.014661340254021
10588,4.6566406829325215
10589,5.401509077805315
10590,5.983285323971478
10591,6.532113703981075
10592,8.040801266871004
10593,0.13125079851974883
10594,0.23018205763680333
10595,0.32544344523857677
10596,0.33968586342354157
10597,0.3846667598774826
10598,0.46477224049071103
10599,0.582999251366735
10600,0.7595530218417846
10601,0.8996374738375816
10602,1.0699656904908887
10603,1.3351449306544516
10604,0.14500870156660703
10605,0.2491974785044335
10606,0.351362198485109
10607,0.36932024150919357
10608,0.4189493180364076
10609,0.5131190567360816
10610,0.6436443485163775
10611,0.8358980792480357
10612,0.9899335622215997
10613,1.1603909041918423
10614,1.3924072153776021
10615,0.17373992318120351
10616,0.30001709250423164
10617,0.4241367135756355
10618,0.44581424571575806
10619,0.5135810010132065
10620,0.6299973191211464
10621,0.7902536627895246
10622,0.999011948487666
10623,1.1557332633723167
10624,1.2974414645233814
10625,1.4976272300713251
10626,0.21074757780819847
10627,0.38584408397346065
10628,0.5980380829918934
10629,0.769939699324114
10630,0.9331290977233334
10631,1.1406559178436313
10632,1.4948473806002247
10633,1.9926672781815495
10634,2.298810618294769
10635,2.679317696309549
10636,3.1008604492427416
10637,0.24635711087085294
10638,0.45784063936119657
10639,0.6953390478102371
10640,0.8775979021657795
10641,1.0143237234728557
10642,1.2255530207276324
10643,1.6061063587736006
10644,2.0238600474027937
10645,2.3347956870942386
10646,2.692981628202433
10647,3.147927038594713
10648,0.28024782600269343
10649,0.5308174917391678
10650,0.8757272372262013
10651,1.3662159346385427
10652,1.6367089053752026
10653,1.9691881161558482
10654,2.499978913457913
10655,3.3211097285108306
10656,3.737235812220527
10657,4.053671530698892
10658,4.631086875466268
10659,0.2946733379487087
10660,0.5604499997334368
10661,0.9188570496679105
10662,1.458427715993627
10663,1.8403847007146164
10664,2.2043538539125738
10665,3.0609225845893886
10666,4.347292763467909
10667,4.772937242526352
10668,5.403040906990893
10669,6.258750062074627
10670,0.3259836479438194
10671,0.601422441334337
10672,0.9605042865491344
10673,1.5250739748720223
10674,1.9052438124616558
10675,2.3233702251406263
10676,3.207135553017396
10677,4.427853964136517
10678,4.883086956062141
10679,5.54400306022348
10680,6.274896554765765
10681,0.30648117507841904
10682,0.5861890028085168
10683,0.9488030057497034
10684,1.5047083392027423
10685,1.8734871388199092
10686,2.284644205139327
10687,3.186338661804478
10688,4.468904146513077
10689,4.89748286802362
10690,5.48680159461299
10691,6.407642804536997
10692,0.32079409508807577
10693,0.6121294066656315
10694,1.0139421609597892
10695,1.6285427966384927
10696,2.0232429287463507
10697,2.4764277984991803
10698,3.50204899734506
10699,4.911687859500161
10700,5.419111148733605
10701,6.231100675100039
10702,7.303321318099445
10703,0.3224277847524808
10704,0.6153667697769796
10705,1.1065501973775074
10706,1.8342117958245632
10707,2.2889339607435675
10708,2.705372094895484
10709,3.8879308725271957
10710,5.284966767724957
10711,5.83095325902478
10712,6.6843320135778885
10713,7.991298450644752
10714,0.30965674904795126
10715,0.5978454513323916
10716,1.0873474287098683
10717,1.796442199553679
10718,2.234193475008655
10719,2.766495518218155
10720,3.809330650574604
10721,5.364146681371628
10722,5.91831319822949
10723,6.816733769442373
10724,8.149588305839448
10725,0.2711282235698302
10726,0.5430782726572834
10727,1.0068714166258397
10728,1.720002268330278
10729,2.202586397465087
10730,2.7075254479656397
10731,3.817372150230721
10732,5.5382948695523435
10733,6.3372438030894305
10734,7.589459783452991
10735,8.811485376399208
10736,0.2629581327995665
10737,0.54884726006792
10738,1.033667698850727
10739,1.7845339847195933
10740,2.2492650768257545
10741,2.7611482600405735
10742,3.91570802048749
10743,5.752015223626123
10744,6.585899268017871
10745,7.8544728175665925
10746,9.12931445614808
10747,0.2531672923796641
10748,0.5278662013872679
10749,0.9941531668055126
10750,1.7294279702449098
10751,2.2233956815072613
10752,2.753728157853443
10753,3.9344751732651795
10754,5.740454659150122
10755,6.528616010218076
10756,7.783531299053213
10757,9.009701776787601
10758,0.25830683123731374
10759,0.5265902946152826
10760,1.0126368509495756
10761,1.7490191021883064
10762,2.262978971539692
10763,2.841989400391379
10764,4.041582103310451
10765,5.9910664726617
10766,6.881565313010127
10767,8.105882477559808
10768,9.36638844724345
10769,0.20959086769906712
10770,0.41299399767818584
10771,0.8087674748480478
10772,1.4624630447758145
10773,2.068687321093941
10774,2.6370160153370703
10775,3.8068275560947797
10776,5.603088982349365
10777,6.435919708551342
10778,7.770809542122753
10779,9.118347847742799
10780,0.4266262337925322
10781,0.8892542121068524
10782,1.6877149354275753
10783,2.2001725043212232
10784,2.7694511388923297
10785,3.9622772451312422
10786,5.851698698173994
10787,6.780009317726374
10788,8.278474125933874
10789,9.804275261505552
11916,6.253537589120377
11917,7.723690677370478
11918,8.799400975509206
11919,6.660372681557596
11920,9.068431681683185
11921,11.858927409900325
11922,6.494686193040582
11923,8.90868393190931
11924,11.718758705209284
11925,6.580262995497791
11926,9.1450680073867
11927,12.138367031565894
11928,5.861650740216745
11929,8.342971158529801
11930,11.852079544591325
