id,log_k
0,1.284219313515972
1,1.2274939211673692
2,1.1683403779974353
3,1.1015464636296763
4,1.0214077159139316
5,0.9122501044167655
6,0.844256658094601
7,0.693968280976571
8,0.5051683244763832
9,0.3162574696538104
10,0.11487477210135041
11,-0.07148194875204325
12,0.919956997075432
13,0.8592825148049854
14,0.8261524148203656
15,0.7963227927926861
16,0.6938463330224327
17,0.5862135900319807
18,0.5021322224302575
19,0.3467550073354706
20,0.1891572964631567
21,0.06509537254539047
22,-0.2163306036794783
404,-0.28495430068442273
405,-0.27628440128690146
406,-0.2862890909508383
407,-0.32023681927233627
408,-0.3793702854608345
409,-0.4656131187395225
410,-0.5914904447311397
411,-0.7839559804461298
412,-1.0339673995241174
413,-1.1123164467657611
414,-1.362512857631406
415,-1.6500717563705252
416,-1.7124604092662363
417,-1.8707783850358222
418,0.7461328412346194
419,0.7977741034584188
420,0.8289128364313383
421,0.8495201714042199
422,0.8601616647324429
423,0.8571550547561521
424,0.8407202546589227
425,0.8015069672001564
426,0.7396146812201206
427,0.6301008052840985
428,0.49844854095918234
429,0.36444530754641824
430,0.22906143905396043
431,0.3786807665921166
432,0.14393093784849334
433,0.17944665083656205
434,0.18056447603684325
435,0.15779486308593207
436,0.11582089872234738
437,0.03739498324062876
438,-0.08635914192038094
439,-0.30406793010166666
440,-0.0956360423275266
441,-0.1504322644005284
442,-0.5461510234003124
443,-0.7107168075496231
444,-1.0159871187391227
445,-1.023942337630437
446,0.702970321198383
447,0.9477542127206774
448,0.9965669960786544
449,1.0290766916704273
450,1.0489232109206632
451,1.0517078101667179
452,1.0301421411782392
453,0.9736399987649916
454,0.8833362823934535
455,0.7545792009450598
456,0.6036120715113796
457,0.48681993210999097
458,0.37538852786254784
459,0.26038083716101257
460,-0.1878811225702375
461,-0.2102170716931713
462,-0.16910126403752515
463,-0.11717769924380078
464,-0.1156134208904544
465,-0.14137172189273384
466,-0.25383292038287564
467,-0.17241936645164727
468,-0.3368581628575772
469,-0.4517426503485219
470,-0.5544423134884794
471,-0.569978484072082
472,-0.5977837380386483
473,-0.7589533419952945
474,-0.8955696289888899
475,-0.9338070396315935
476,0.6881957879546475
477,0.3376517463437937
478,0.740843396379941
479,0.670875568874988
480,0.7755479598580864
481,0.7333411984048158
482,0.5718107467331007
483,0.5026112143417498
484,0.600038430755805
485,0.4662886822188953
486,0.12082410319458178
487,-0.490508825374413
488,-1.252044667049468
489,0.41644843312470403
490,0.41197355357882537
491,0.3595825639728738
492,-0.23261851957003923
493,-0.31540264499722104
494,-0.3148767201447863
495,-0.3492481458384954
496,-0.3012382975948741
497,-0.2977586623361357
498,-0.3610455951951158
499,-0.2789574258993206
500,-0.4622021158754702
501,-0.5618558713122429
502,-0.6471749616955231
503,-0.827668177218426
504,-1.0488848153970933
505,-0.9037427783712669
506,-1.0361534219535038
507,-1.0784133131992992
508,0.7485425289604306
509,0.6649601447004786
510,0.4920841631633118
511,0.6414085515295794
512,0.6617983958955531
513,0.5468375962790205
514,0.3639241036735834
515,0.4172575412768781
516,0.5072983883593796
517,0.3825046201919966
518,0.07249519131566459
519,-0.5389481575669326
520,-1.2965373917050709
521,0.4145807207928053
522,0.3502682812215655
523,0.29707052496329023
524,-0.03867605408653621
525,-0.02782120891008913
526,-0.017506851651175576
527,-0.030791874842714367
528,-0.07043295857525952
529,-0.14230105484462538
530,-0.25651620597933833
531,-0.45569962406979647
532,-0.45334286101299137
533,-0.5696826563292792
534,-0.7521391108561699
535,-0.9183129465768439
536,-0.9726409444264302
537,-1.0574416493046475
538,0.7855325229219489
539,0.8632644291854163
540,0.8945126147893551
541,0.9147422662014913
542,0.9241185962092991
543,0.9180829828434859
544,0.8953333507258482
545,0.8432469676130997
546,0.7571522385605056
547,0.6451791221125837
548,0.5195488178951038
549,0.41200822790766756
550,0.313967968178978
551,0.20166138614393414
552,-0.10848986769593763
553,0.14473884781478322
554,0.16697742784635974
555,0.18199242507057897
556,0.17004071189796402
557,0.141454748172522
558,0.09302532148424372
559,0.010431654731431733
560,-0.10285858482906371
561,-0.25604823088831585
562,-0.5216425059579347
563,-0.14394989123972085
564,-0.1504322644005284
565,-0.3404994649248454
566,-0.7054688890099752
567,-0.9341695223946954
568,0.42699850161172237
569,0.8710232755817154
570,0.9294924885409818
571,0.9882570902651623
572,1.0217789428838508
573,1.0421545050704448
574,1.0531358505425956
575,1.0476717595273901
576,1.0241678999931576
577,0.9800227787103873
578,0.9062770488204372
579,0.8269136006992084
580,0.7437815949333167
581,0.6637188810345683
582,0.524173460797336
583,0.3196190090523111
584,-0.15421963763653293
585,-0.13609591685478503
586,-0.14461798066850332
587,-0.17693731954214195
588,-0.22671211546340905
589,-0.3118302400603846
590,-0.43830074625514104
591,-0.6341390016509035
592,-0.6485833872989639
593,-0.9140286700238186
594,-0.8818650330052338
595,-1.1143508516530447
596,-1.1607872926366032
597,0.7701953732981069
598,0.8323796277865143
599,0.8622956106324698
600,0.8818360248283946
601,0.8924308262434006
602,0.8900923545291562
603,0.8752287496920493
604,0.8327701378614752
605,0.7588167834500393
606,0.6558625128565164
607,0.5230705211239255
608,0.39490823458418256
609,0.27214335590683436
610,0.15822992622058396
611,-0.4071300685123398
612,-0.4413043231816185
613,-0.38807154311566716
614,-0.43069693938888076
615,-0.4340753132445452
616,-0.45930030212766637
617,-0.5818835281780881
618,-0.6345886921949158
619,-0.5106735637178714
620,-0.7292155332285013
621,-0.7181243229055791
622,-1.1394550322250891
623,-1.1166953134538293
624,-1.2126950280817363
625,-1.246406790588806
626,-1.361080699820919
627,0.5962808054734986
628,0.527658760087704
629,0.5477322503705627
630,0.5823490963174451
631,0.6186914293322682
632,0.5217895994558106
633,0.40002082879839684
634,0.3697745423356864
635,0.4647945987353703
636,0.3772947364238689
637,0.006741855179556749
638,-0.2803864062333028
639,-0.7520973257072406
640,0.35506229559856295
641,0.2670288885813983
642,0.1912081239995325
841,0.8313402918226717
842,0.9037127694402141
843,0.9727344110571694
844,1.039456939208591
845,1.1046866356409515
846,1.1619908202481253
847,1.1892265981335033
848,1.2003142073216169
849,1.1974310988055281
850,1.1844175277163713
851,1.1604831748101891
852,1.128400566852163
853,1.0866520824321693
854,1.0310918701343288
855,0.6909882198795706
856,0.7729043896531828
857,0.8575927897112267
858,0.9324667707876325
859,1.0105451211218075
860,1.0745077969329258
861,1.1094205464429945
862,1.1263806177756992
863,1.1267830714254226
864,1.1162577793153878
865,1.0952477910436333
866,1.0654088105059374
867,1.0246429793421787
868,0.9695607653027639
869,0.523155959241045
870,0.6183646979772713
871,0.7192267204121211
872,0.8091446992060377
873,0.9018357320721334
874,0.9762804100814836
875,1.0194365590990462
876,1.0411868075578241
877,1.0464354556331443
878,1.039345821936928
879,1.0217002491302547
880,0.9933458771351752
881,0.956189313327167
882,0.9015770583295222
883,0.32383448187196034
884,0.43623257784551916
885,0.5533588955279304
886,0.6636386548684132
887,0.7756360188091261
888,0.8642679560043666
889,0.9141967531417291
890,0.9451467293954298
891,0.9555266776234806
892,0.9532268172343658
893,0.9375589305844039
894,0.9129634242185022
895,0.8781737179736504
896,0.8258460291910449
897,0.08751784195913256
898,0.21970112701359923
899,0.3570396609497817
900,0.49321229623104856
901,0.6244104012612496
902,0.7330142069422458
903,0.7962502888620168
904,0.8350908752761986
905,0.8515011496743324
906,0.8545101751445797
907,0.843549806266814
908,0.8221578292073686
909,0.7898362846736164
910,0.7390717669280514
911,-0.2079347877287104
912,-0.0474818909498696
913,0.12321989150762108
914,0.28881303694873994
915,0.44083520017625544
916,0.5748287385116336
917,0.6520338557490584
918,0.7044055899761293
919,0.7292293873450081
920,0.737405779700807
921,0.7332837838115543
922,0.7170959589615907
923,0.6863212118992309
924,0.6397341282763135
925,-0.5834616392691837
926,-0.38257607042660613
927,-0.1736578099456054
928,0.03304321483717822
929,0.2198673536102316
930,0.3794998746481393
931,0.4811360217870023
932,0.5466019761944572
933,0.5836370565376866
934,0.6004174088088102
935,0.6017039303170002
936,0.591368900065532
937,0.5653286219537114
938,0.5219256228950497
939,-1.0693354911461612
940,-0.8131890909676726
941,-0.5520758122954629
942,-0.2891674076623375
943,-0.05493462817701841
944,0.14146009815338753
945,0.26587757557667147
946,0.351735225510858
947,0.4037582530053263
948,0.4326374459740232
949,0.44342619253906124
950,0.4391504829705467
951,0.41941119913928315
952,0.38212507355525405
953,-1.6968620680842346
954,-1.37177155505591
955,-1.0286546067994915
956,-0.699065672857212
957,-0.4011724075722619
958,-0.16669366019617168
959,-0.003020641991301365
960,0.11409001988291777
961,0.18357046639480998
962,0.22535729881524555
963,0.2491004170746572
964,0.2557790350442185
965,0.24011182786842436
966,0.20965117873959113
967,-1.6155233826642739
968,-1.5022181416714229
969,-1.6374886037810634
970,-1.218678783852331
971,-0.8342644371678376
972,-0.5492392769561542
973,-0.32344996109576574
974,-0.18322173819166834
975,-0.08714151329574421
976,-0.0292246064729485
977,0.0077472174129414595
978,0.02484233703808622
979,0.02542018116446093
980,-0.003772158650588414
981,-1.8200254658175317
982,-1.70909010177146
983,-1.579539823150952
984,-1.2877736055963553
985,-1.0458062299338187
986,-1.0078401713992395
987,-0.8648946420468852
988,-0.5895907184901582
989,-0.4555306118097072
990,-0.35418097596220255
991,-0.30571048195651074
992,-0.2743087942357939
993,-0.24988570031139754
994,-0.25897315308844815
995,-1.9
996,-1.9
997,-1.9
998,-1.7353761866772193
999,-1.4925227123869476
1000,-1.631164092186613
1001,-1.2993668071748317
1002,-1.053311772313593
1003,-0.8876256181898331
1004,-0.7699712931033339
1005,-0.6891254681953406
1006,-0.633201802656201
1007,-0.6056564782741631
1008,-0.6009913413810074
1009,-1.9
1010,-1.8860125484732406
1011,-1.7071168120543452
1012,-1.4986593920177562
1013,-1.4606140816565232
1014,-1.7285977949787104
1015,-1.5081508640376462
1016,-1.3467720388979658
1017,-1.2277637485879462
1018,-1.1417673016833676
1019,-1.090918557550048
1020,-1.0641437087518035
1041,1.0021500114962985
1042,0.8979812840821928
1043,0.9653053265617686
1044,1.0298757467511224
1045,1.1010287844858477
1046,1.166012882149483
1047,1.2014948093176145
1048,1.2131836816739503
1049,1.2081458844528443
1050,1.1921737310020997
1051,1.166591463689954
1052,1.1325297028009955
1053,1.0857779254491975
1054,1.024517694359087
1055,0.9109670215550607
1056,0.7634372077251528
1057,0.8456839957179376
1058,0.9197818102882064
1059,1.0040510571417358
1060,1.0759900253427783
1061,1.1197724118801267
1062,1.1374354262935835
1063,1.135732615031137
1064,1.1224578907070168
1065,1.0998278018630685
1066,1.0679102028377936
1067,1.0222376402108881
1068,0.9616795600698141
1069,0.7310758089882174
1070,0.607063249568805
1071,0.7053340484872762
1072,0.7952248129738795
1073,0.8958186053396472
1074,0.976452304891218
1075,1.0302484643837357
1076,1.052662035377243
1077,1.0558758065836489
1078,1.0463247413937686
1079,1.0266170632050517
1080,0.9967373902160915
1081,0.9542352874368502
1082,0.8936860195915902
1083,0.586342260111561
1084,0.4238629003196015
1085,0.5387528041916164
1086,0.6488760004036191
1087,0.7717393394802227
1088,0.8664704484728291
1089,0.9277048616818103
1090,0.9592517460552988
1091,0.968039237739105
1092,0.9629370686241886
1093,0.9455134905669028
1094,0.9190823239048133
1095,0.8790280708191109
1096,0.8198431076818956
1097,0.30407506132823836
1098,0.2072770360947789
1099,0.3425599072504141
1100,0.4777589412306724
1101,0.6237168700979722
1102,0.7395522602747561
1103,0.8144373490354864
1104,0.8538450496530171
1105,0.8690511362873623
1106,0.8692971771556183
1107,0.8561718836911706
1108,0.8328195213503534
1109,0.7950211439242286
1110,0.7383953199993414
1111,-0.004945789374890222
1112,-0.05945498103189642
1113,0.10881099272003328
1114,0.27397022163849905
1115,0.4443501025519131
1116,0.5872520358624485
1117,0.6760320452994013
1118,0.7290701222323787
1119,0.752837816675176
1120,0.7586927757240589
1121,0.752187393451646
1122,0.7331437767562828
1123,0.697488068892662
1124,0.6442918306311298
1125,-0.42317474359113305
1126,-0.39514829934787
1127,-0.1876488183467004
1128,0.01782763345281911
1129,0.2268204027186225
1130,0.3999857680731729
1131,0.511255020553047
1132,0.5777502284551561
1133,0.6144107640851725
1134,0.6286905578693335
1135,0.6277032320598493
1136,0.6142801556531843
1137,0.583040827491064
1138,0.5331083399469316
1139,-0.5267446744042068
1140,-0.8294283791588449
1141,-0.569006149438449
1142,-0.3088187845305572
1143,-0.04680924652903154
1144,0.16725230467451954
1145,0.301667718362598
1146,0.38895154577017466
1147,0.4417002200057518
1148,0.4684535281440907
1149,0.47630956887495923
1150,0.46901645630872946
1151,0.44395940494140385
1152,0.4006745872285077
1153,-1.1303146027782693
1154,-1.3934770939189691
1155,-1.0536781374295876
1156,-0.7258812234598184
1157,-0.3937502516831105
1158,-0.12549101159067608
1159,0.03839567907304217
1160,0.1570352561670535
1161,0.22835886297543237
1162,0.26876148499024377
1163,0.28964528364946585
1164,0.29184119265929953
1165,0.27154722034256484
1166,0.23594249972589693
1167,-1.401966013876437
1168,-1.2593616043153804
1169,-1.1132241169393233
1170,-1.2530061645827049
1171,-0.82599546625744
1172,-0.49289616827487304
1173,-0.27454413159912616
1174,-0.13270722735179866
1175,-0.03386192600627233
1176,0.02321455927744584
1177,0.056418029770920475
1178,0.07033480567661321
1179,0.06369736227849486
1180,0.029286086260584127
1181,-1.455170956492832
1182,-1.3010122058018612
1183,-1.1904040349203004
1184,-1.0813771719242788
1185,-0.9595807300354638
1186,-0.798948456486769
1187,-0.5215443391162663
1188,-0.381212166580123
1189,-0.2845846648112166
1190,-0.24055509269016165
1191,-0.21100967131813333
1192,-0.19463895103233228
1193,-0.20728026175263067
1194,-1.8514452251780085
1195,-1.7211085961270476
1196,-1.6001065570487625
1197,-1.5925357588542581
1198,-1.330464961526056
1199,-1.2008115428204411
1200,-0.9502584472508572
1201,-0.7780994908329483
1202,-0.6628544260997693
1203,-0.5878496151425413
1204,-0.5387470851359283
1205,-0.5183972743555769
1206,-0.5169731859951866
1207,-1.9
1208,-1.8736631103245336
1209,-1.7447097779195508
1210,-1.7256034732045493
1211,-1.497843662532299
1212,-1.5033257773478292
1213,-1.6038965891229089
1214,-1.3739199363177068
1215,-1.2139468004065705
1216,-1.101721813282109
1217,-1.0231301893938805
1218,-0.9787353583624935
1219,-0.9522119439866342
1239,0.8626323557268101
1240,0.925072404914262
1241,0.9816704498293369
1242,1.0418067983252208
1243,1.106105678693531
1244,1.1664807296441173
1245,1.2081848175068886
1246,1.2236390510579083
1247,1.220298376434693
1248,1.2066286138528683
1249,1.18319856504211
1250,1.1541812191610852
1251,1.1129601639548232
1252,1.0410215004375898
1253,0.719388010261122
1254,0.7916062841350424
1255,0.8632782021553187
1256,0.9318295544827313
1257,1.0086929166952359
1258,1.0751704416365477
1259,1.1242039492557547
1260,1.1455954906290713
1261,1.145593876064579
1262,1.1344708522813551
1263,1.114222630180289
1264,1.0879630850592303
1265,1.04799245061612
1266,0.9767561124161795
1267,0.5556784040687495
1268,0.6405461912256353
1269,0.727708140415574
1270,0.8120151820518048
1271,0.903903730934498
1272,0.9788955281023485
1273,1.0353407406013404
1274,1.0609503145576364
1275,1.0658753236576466
1276,1.058147065495798
1277,1.0418224024613367
1278,1.0161642648534444
1279,0.9808199585707637
1280,0.9102967235116669
1281,0.36356686332238675
1282,0.4639961923470486
1283,0.5666580439271354
1284,0.6721720540471019
1285,0.7853291839498706
1286,0.872582916162573
1287,0.9351904690009145
1288,0.9699334240566234
1289,0.9797429711829898
1290,0.977248357084847
1291,0.9621618129339434
1292,0.9402489903627398
1293,0.9073449005643461
1294,0.8399845190785303
1295,0.13557716570447448
1296,0.2544486798119497
1297,0.37674345869884307
1298,0.5086763705917946
1299,0.6439109294806971
1300,0.7512519982242137
1301,0.8271630777965646
1302,0.869330255810001
1303,0.8847491140735867
1304,0.8871603517417873
1305,0.8763087972474722
1306,0.8569531880650332
1307,0.8267905369726251
1308,0.7616477964654333
1309,-0.14917352929199448
1310,-0.0026857443541649373
1311,0.15231551541238683
1312,0.3147189932681338
1313,0.47328057207453966
1314,0.6068872165179321
1315,0.6959889072825992
1316,0.7516139848900225
1317,0.7752063820731195
1318,0.7818085263189238
1319,0.7770285754164569
1320,0.7633026560072191
1321,0.7338212062757944
1322,0.6742039002352512
1323,-0.5116850043538749
1324,-0.3251187297094549
1325,-0.1326810892451343
1326,0.07179735062521629
1327,0.2673371567241639
1328,0.42991639887343136
1329,0.5409524861971315
1330,0.6096177732968646
1331,0.6449466338252826
1332,0.6599554755117074
1333,0.6596329556499458
1334,0.6512909859213495
1335,0.6265315429239541
1336,0.5706455274539127
1337,-0.9826649767600223
1338,-0.7417869918502483
1339,-0.49982297071779636
1340,-0.23988241810053065
1341,0.0049614850860071336
1342,0.20634472237473903
1343,0.3409279644294573
1344,0.4307679797587213
1345,0.48123914726267836
1346,0.508056439212952
1347,0.5168302550681988
1348,0.5128261672382742
1349,0.4942088795959859
1350,0.44438853012225266
1351,-1.5929806028319105
1352,-1.284590937807289
1353,-0.9658311825549885
1354,-0.641792942899234
1355,-0.3323349481693245
1356,-0.07984236129775682
1357,0.08440933764245348
1358,0.20823393321532505
1359,0.2775644494539298
1360,0.31747844716167717
1361,0.33784748325116454
1362,0.34485234851111557
1363,0.3279756227976436
1364,0.2852656414574096
1365,-1.0005640463749883
1366,-0.9847945325448256
1367,-0.8663850679489451
1368,-1.1489874037081167
1369,-0.7516030867835668
1370,-0.4377325831024118
1371,-0.21979409878561793
1372,-0.07116036011295321
1373,0.026640036370781217
1374,0.08332465387175078
1375,0.11686018043814073
1376,0.13011825667438998
1377,0.1306404872098383
1378,0.08901969303951571
1379,-1.164917487927352
1380,-1.1624820310844215
1381,-1.0501949289960792
1382,-0.8325332290509431
1383,-0.8644871411625945
1384,-0.8826257976413726
1385,-0.7182528486648555
1386,-0.44307817270089034
1387,-0.30850326845823894
1388,-0.20442210691835042
1389,-0.16050760277115447
1390,-0.13847403793700233
1391,-0.11347890294857935
1392,-0.13173072441353847
1393,-1.3256733182143299
1394,-1.323237861371399
1395,-1.2178682051813932
1396,-1.0052047220523108
1397,-1.0757016040330687
1398,-0.827157478172291
1399,-1.098485089559069
1400,-0.8442457216182299
1401,-0.6771582821612342
1402,-0.5591900453417704
1403,-0.4836821710680861
1404,-0.4329005551321716
1405,-0.40564150334849003
1406,-0.4081376662382641
1407,-1.5696596188653056
1408,-1.463566934981357
1409,-1.2584922415614417
1410,-1.3405250097352195
1411,-0.9882872979712644
1412,-0.87869745757531
1413,-1.4937195538054255
1414,-1.2714282773293655
1415,-1.108643783051445
1416,-0.9939438665625905
1417,-0.9120239553976176
1418,-0.8577968127598269
1419,-0.8296856159821625
1442,1.12972048462693
1443,0.9446540223792874
1444,0.988522295223835
1445,1.0371396419906476
1446,1.0933316864712772
1447,1.150198692713903
1448,1.2018934691210195
1449,1.2257715138030423
1450,1.2268509633748987
1451,1.2160716442322057
1452,1.194611026245778
1453,1.1680810813001488
1454,1.1315694406643302
1455,1.0634003717760496
1456,1.0198272745450885
1457,0.811212734378595
1458,0.8694904305827535
1459,0.9269893198279947
1460,0.9951524825062341
1461,1.0586723408978378
1462,1.1168270321151033
1463,1.1469113852319217
1464,1.1519335300513098
1465,1.1437073901874155
1466,1.1255329533522787
1467,1.1016039862967668
1468,1.0665496784754138
1469,0.9993579790649966
1470,0.9049752994411597
1471,0.6621036107227173
1472,0.7351751244875623
1473,0.8075691479713026
1474,0.8913601256309798
1475,0.9634839693664378
1476,1.0284065135263976
1477,1.0630681693835633
1478,1.0732323291796169
1479,1.068535062775354
1480,1.0545521408528122
1481,1.0316435757411087
1482,0.9997957965067233
1483,0.9345162313348643
1484,0.823844477282035
1485,0.4864560120306194
1486,0.5751957241378562
1487,0.6671416799731996
1488,0.7724646894347906
1489,0.8580858155258253
1490,0.9292462914196453
1491,0.9727199114332666
1492,0.988399584447278
1493,0.989128671620599
1494,0.9765816879162129
1495,0.9566432435178108
1496,0.9273669210240416
1497,0.8654946756450188
1498,0.531375362869895
1499,0.2767598302456864
1500,0.38546691188809945
1501,0.5021803557227086
1502,0.6297755628336548
1503,0.7357986596701337
1504,0.8212560546997626
1505,0.8728188652194905
1506,0.8944970730724255
1507,0.8998915302037834
1508,0.890871573914375
1509,0.873300860972113
1510,0.8467445871688376
1511,0.7875323978424612
1512,0.24827903133653206
1513,0.019601166474305737
1514,0.16084352173434066
1515,0.30768731204241784
1516,0.45959009848701404
1517,0.5906909626609665
1518,0.6922511627711246
1519,0.75696192083745
1520,0.7871797173935097
1521,0.7960005853184292
1522,0.7924732219263803
1523,0.7796854113414732
1524,0.7546339764606874
1525,0.7000427967462507
1526,-0.11302498322539542
1527,-0.3022416373702874
1528,-0.12272083901220646
1529,0.06548854016699251
1530,0.2557290443780349
1531,0.41644721824525066
1532,0.5415621851461212
1533,0.6212343022956093
1534,0.6621405727235418
1535,0.6787025062059521
1536,0.6793993247299945
1537,0.6710970982452088
1538,0.6502073195162216
1539,0.5995371119804215
1540,-0.20599144493813618
1541,-0.7194623807780814
1542,-0.4880590989027611
1543,-0.24541226821904313
1544,-0.004753269122850817
1545,0.19586733114439245
1546,0.34923911512800354
1547,0.4511269193053009
1548,0.5074702315703381
1549,0.5348975739549486
1550,0.5441135015572857
1551,0.5400802183253774
1552,0.5240338128071814
1553,0.478656813382345
1554,-0.6237615332286053
1555,-1.2662280159425598
1556,-0.9551091622175475
1557,-0.6470572265892994
1558,-0.34238893666130266
1559,-0.0889428597357452
1560,0.09854197674657103
1561,0.23810582245896003
1562,0.3156581384312462
1563,0.35618755996842355
1564,0.37595989961287457
1565,0.3817459048222658
1566,0.368762547319864
1567,0.32776794853391256
1568,-1.001334532811793
1569,-0.9773120220584998
1570,-0.8811207079911003
1571,-1.156554530547102
1572,-0.7645496191424225
1573,-0.44543706535766736
1574,-0.20209733651875159
1575,-0.028531561557327584
1576,0.07673748876800651
1577,0.1349153797842806
1578,0.1678727805069925
1579,0.1802249203465589
1580,0.18025161857227306
1581,0.14430021008807806
1582,-1.1870158023841229
1583,-1.1763273486180619
1584,-1.0894416432489096
1585,-0.8697788262520696
1586,-0.9080825117593004
1587,-0.8837597574098827
1588,-0.6599624465030639
1589,-0.4015049929351401
1590,-0.2424460759954383
1591,-0.13944294541638755
1592,-0.0912543076673625
1593,-0.07039521304404758
1594,-0.05119301696355591
1595,-0.06238224430586112
1596,-1.3454002947987516
1597,-1.3338223193402403
1598,-1.2523716500398125
1599,-1.032708833042975
1600,-1.115016624885099
1601,-0.9000748993906772
1602,-1.045008251407485
1603,-0.7693828811438613
1604,-0.5909629135571081
1605,-0.47288150223918457
1606,-0.3948434035852031
1607,-0.34508520034015544
1608,-0.3151295006331277
1609,-0.3120154337670096
1610,-1.4276526262352376
1611,-1.4160746507767266
1612,-1.3346239814762983
1613,-1.1202850807995506
1614,-1.2189032641919313
1615,-1.0285990164085557
1616,-0.9617808836734377
1617,-0.8282034388174112
1618,-1.1838314147437246
1619,-1.0210924155246854
1620,-0.9034229063115656
1621,-0.8219965033110049
1622,-0.7636953371198222
1623,-0.7271643363665076
1646,0.9159375359328384
1647,0.9700136481667645
1648,1.002937760657989
1649,1.0452098294836532
1650,1.098591658098065
1651,1.1575361334740872
1652,1.2116165059279715
1653,1.2324200023363732
1654,1.2314030209844051
1655,1.2178521279059362
1656,1.1932497866289036
1657,1.1597794308718203
1658,1.1151950704111089
1659,1.030353604079001
1660,0.774540861642095
1661,0.8385411331760204
1662,0.8860881606118179
1663,0.937481622466717
1664,1.0047332400173146
1665,1.0697112578006285
1666,1.13075341654008
1667,1.1574946361127938
1668,1.1601071556277507
1669,1.1495806941234314
1670,1.1281407393088945
1671,1.0969887387660024
1672,1.0531475316315997
1673,0.9467738642110336
1674,0.6129410813389512
1675,0.6905087149462267
1676,0.7537140402043155
1677,0.8206747178072894
1678,0.905994525198321
1679,0.9803113467026554
1680,1.0477472619087456
1681,1.079166737738877
1682,1.0872087717550303
1683,1.080521916851565
1684,1.062381714324031
1685,1.0321386469786873
1686,0.9916936691963731
1687,0.9187027654417284
1688,0.41994539330128133
1689,0.5160393342503227
1690,0.5962160064537444
1691,0.683253258751932
1692,0.7911640770531028
1693,0.8808505715800212
1694,0.9540640185215205
1695,0.9946311122201554
1696,1.0078255709226958
1697,1.0054191802000487
1698,0.988245982723721
1699,0.9614500606743573
1700,0.9234799558012091
1701,0.8660124789087673
1702,0.19114039639529648
1703,0.3088341254734027
1704,0.40966064101084043
1705,0.5221383034241237
1706,0.6509890290679935
1707,0.7633807996679017
1708,0.8508266830116161
1709,0.8984816622274471
1710,0.9162962296951621
1711,0.9173821340530236
1712,0.9033468721554605
1713,0.8791234825255485
1714,0.8439637973687948
1715,0.7132756685159921
1716,-0.09054865108085416
1717,0.05694012741661114
1718,0.19033784715645793
1719,0.3333229041884823
1720,0.48528521760030674
1721,0.6244035459001188
1722,0.7269469498643585
1723,0.7867080138091074
1724,0.8107583072523415
1725,0.815115876854369
1726,0.8061829567771596
1727,0.7864669342464352
1728,0.752415049670219
1729,0.6228354728882299
1730,-0.4467959950860999
1731,-0.2563121016820189
1732,-0.08480897661719958
1733,0.10125024992433632
1734,0.29150839920019633
1735,0.45968247405087714
1736,0.5866525756439024
1737,0.6582337949241016
1738,0.6920196666025585
1739,0.7032722821712698
1740,0.6978424638939125
1741,0.6823364457742195
1742,0.6517557560629458
1743,0.5287110039780486
1744,-0.9179484252552713
1745,-0.6664961601510927
1746,-0.44248346848458164
1747,-0.19912305319742077
1748,0.04188624823090539
1749,0.25062937302807814
1750,0.4063027072431299
1751,0.5001794668386919
1752,0.5475522694788844
1753,0.5692194762404194
1754,0.5710748066720971
1755,0.558954058761187
1756,0.5320920450788558
1757,0.4957290606920278
1758,-1.5393368149411533
1759,-1.2114694721606403
1760,-0.905895817495988
1761,-0.5936017171930555
1762,-0.28555810295325734
1763,-0.020747954466024315
1764,0.17303350678736878
1765,0.3024139356192183
1766,0.36722222462205023
1767,0.4007907309320471
1768,0.41335325746793605
1769,0.41017242132907694
1770,0.38417404189269666
1771,0.3519720296352685
1772,-0.8608046588038324
1773,-0.7610280938685527
1774,-0.7028807193451232
1775,-1.0957232045486411
1776,-0.6952830545786336
1777,-0.3614734664531668
1778,-0.10354847944440035
1779,0.05080938318762415
1780,0.1412259129869
1781,0.19007041702405972
1782,0.21464256149618374
1783,0.21982251070193373
1784,0.2091907621524838
1785,0.12811223239675462
1786,-0.9980112446365516
1787,-0.9208707167006399
1788,-0.8591217565600938
1789,-0.7003688831303791
1790,-0.5957896845076194
1791,-0.7764080783898623
1792,-0.5712064734802508
1793,-0.28201855996894765
1794,-0.1570254676954291
1795,-0.06531700300275098
1796,-0.030423813754660273
1797,-0.012558603677519903
1798,0.0009288906404057162
1799,0.004200196528726052
1800,-1.1402494667604675
1801,-1.0627295887383714
1802,-0.9962609253053473
1803,-0.8375080518756315
1804,-0.7927740716978096
1805,-0.6239242051159801
1806,-0.8815716147474614
1807,-0.6286729911200325
1808,-0.47780232851033133
1809,-0.3715833065978543
1810,-0.3045773072734902
1811,-0.258920390912896
1812,-0.24029753428818998
1813,-0.15445116575024406
1814,-1.3341329541884455
1815,-1.2566130761663497
1816,-1.195990537546415
1817,-1.0472703019255778
1818,-1.0049784610016212
1819,-0.8906619365186359
1820,-0.8589090644039349
1821,-1.239801368693905
1822,-1.039420882825921
1823,-0.890842886575279
1824,-0.7860104474191733
1825,-0.7075946664335683
1826,-0.6613087971748707
1827,-0.5240537085407698
1853,1.1412347430037006
1854,0.9761481242289529
1855,1.0129016865509473
1856,1.0582305845822697
1857,1.1223905588954404
1858,1.189450474466451
1859,1.2381248945254177
1860,1.2587564725504081
1861,1.2565449393067365
1862,1.2404621849367423
1863,1.2135565713389123
1864,1.1757974990633118
1865,1.1217066091572028
1866,1.013526277391126
1867,1.009600751174064
1868,0.8401864695648488
1869,0.8927727982423689
1870,0.9486078039693076
1871,1.0300399056328662
1872,1.1038122263248673
1873,1.159598577441218
1874,1.1865353160683587
1875,1.1885790561567642
1876,1.175782973471331
1877,1.1518342910413062
1878,1.1159085565275622
1879,1.062318166278136
1880,0.9299465375231586
1881,0.883690183313276
1882,0.6871469182479584
1883,0.7582930275020844
1884,0.8308410918153023
1885,0.9349113531886311
1886,1.0203073867290595
1887,1.0820051374367563
1888,1.1141626052125353
1889,1.1220469397079316
1890,1.112702452910907
1891,1.0906397985437375
1892,1.0557757868211652
1893,1.004268840350217
1894,0.8890907723909824
1895,0.7731310132571041
1896,0.5095878878741157
1897,0.6019029469478571
1898,0.6952367511983052
1899,0.8241188464910799
1900,0.9286751019205225
1901,0.9953613308003124
1902,1.0362894715550746
1903,1.049025024669905
1904,1.041954521677314
1905,1.0204201960644201
1906,0.9882085762832035
1907,0.9390264652533148
1908,0.8425831581463775
1909,0.5670744292774179
1910,0.30245357252176924
1911,0.41891700702830514
1912,0.5384466659319163
1913,0.6886943311113176
1914,0.8176983818440015
1915,0.8979145461420522
1916,0.9453435706450765
1917,0.9616743095622219
1918,0.9570095860274752
1919,0.9379892511423994
1920,0.9082510193976594
1921,0.8613617439940667
1922,0.7912264588790778
1923,0.4051603448194703
1924,0.05415368672277815
1925,0.2058716064785392
1926,0.35612725502898435
1927,0.5295568288681811
1928,0.6846681467102522
1929,0.7794161570997545
1930,0.838647117478651
1931,0.8606881146605879
1932,0.8594336552247009
1933,0.8452250047818383
1934,0.8184356706144315
1935,0.7729187740047628
1936,0.7207954354237788
1937,-0.05211711010531819
1938,-0.25343500688511644
1939,-0.06129797281704388
1940,0.13004677660988612
1941,0.34201778840234
1942,0.5216619685534984
1943,0.642088766700364
1944,0.7146348196591064
1945,0.7482143238879535
1946,0.7537578499076051
1947,0.7429308680794716
1948,0.7192980453677763
1949,0.675361726564655
1950,0.6291197685598163
1951,-0.1233683246536699
1952,-0.6677587054627662
1953,-0.41968467161041034
1954,-0.17284346746995174
1955,0.09275768462991743
1956,0.31926430750283963
1957,0.4611297300152163
1958,0.556600332246595
1959,0.6060476049625763
1960,0.622635482214237
1961,0.6181985833490077
1962,0.5976693698084679
1963,0.5565988268866313
1964,0.595290210773482
1965,-0.5649489687732605
1966,-1.232295782205663
1967,-0.8953622935945041
1968,-0.5766327095790459
1969,-0.23621301488633847
1970,0.05197421532417304
1971,0.22904988236715465
1972,0.35771085091977384
1973,0.4244474756947212
1974,0.4526777771932987
1975,0.4590091612296865
1976,0.4458297378348616
1977,0.407685442209491
1978,0.46875518677656924
1979,-0.9040956655284734
1980,-0.8374970185128359
1981,-0.47818905954411517
1982,-1.0853409995704557
1983,-0.6408614271530052
1984,-0.308934886889384
1985,-0.04183671032952749
1986,0.11074111630727071
1987,0.2016650620706155
1988,0.2441400908570982
1989,0.26138890042683205
1990,0.25994166116371675
1991,0.234804853066197
1992,0.324628951814682
1993,-1.0315933036207592
1994,-0.9653909100151737
1995,-0.6755703071406798
1996,-0.5341523619048186
1997,-0.08386105764812735
1998,-0.6761360649602656
1999,-0.4923339687457797
2000,-0.20938400176432612
2001,-0.07808075822435176
2002,0.0025425162122640066
2003,0.030398522023567992
2004,0.045588506401931544
2005,0.045358313972392234
2006,0.15231443176795192
2007,-1.1658555147510679
2008,-1.0996531211454834
2009,-0.8173171398470149
2010,-0.6690312301697912
2011,-0.2776721613901496
2012,-1.1493341250211961
2013,-0.772827101089144
2014,-0.5235616123144519
2015,-0.3672184889784046
2016,-0.2674203072251272
2017,-0.20646952423507955
2018,-0.1679879131521956
2019,-0.15940826101277536
2020,0.058201869351773745
2021,-1.2252842652641158
2022,-1.1601688376219452
2023,-0.8798683263451648
2024,-0.7510317217394876
2025,-0.4141981473976619
2026,-0.3755154922962177
2027,-0.2820883004093554
2028,-1.0984774006691722
2029,-0.8917111481007837
2030,-0.7505289755659902
2031,-0.6525807010057015
2032,-0.5806140505626057
2033,-0.541626077548459
2034,-0.19152377275982538
2061,0.9678619143935187
2062,1.0284334908849098
2063,1.0655991919147418
2064,1.1098674112905589
2065,1.173750305671915
2066,1.2470152823319287
2067,1.3094453172597431
2068,1.3370595049179759
2069,1.3365147954709862
2070,1.319734145706918
2071,1.2912839180199405
2072,1.2534243443906108
2073,1.2000443967036765
2074,0.8890489474935708
2075,0.8197641444952961
2076,0.8884520146615313
2077,0.940109868417022
2078,0.994206826625054
2079,1.0738461326763484
2080,1.1541284583610043
2081,1.2240474756994495
2082,1.2585965433211288
2083,1.2626414246795408
2084,1.249479937305269
2085,1.2244249458667444
2086,1.1889855562268439
2087,1.1364771451070323
2088,0.8031987622500585
2089,0.6559815402280541
2090,0.73664003807136
2091,0.8067647026136013
2092,0.8787752133651776
2093,0.9797151831631649
2094,1.0694767716750158
2095,1.1456221219721254
2096,1.1858589126630938
2097,1.1965530970029608
2098,1.1876004799989164
2099,1.1651856951375592
2100,1.13002264152091
2101,1.0797619554945874
2102,0.7621558794726544
2103,0.4641016741015368
2104,0.5612660325585818
2105,0.6521611745645094
2106,0.7467171808090676
2107,0.8738226694421874
2108,0.9795478882399206
2109,1.0603257127279104
2110,1.1104562204234871
2111,1.127220257406881
2112,1.1222412468314769
2113,1.1001073573911997
2114,1.0671020230829784
2115,1.0180359535350307
2116,0.7164796744953792
2117,0.24381521431838746
2118,0.36044350445104
2119,0.47410859597315436
2120,0.5942921580465603
2121,0.7435408421418621
2122,0.8733788237650281
2123,0.9676582648383106
2124,1.0255302639719894
2125,1.0471493411762827
2126,1.0448790601376925
2127,1.0246041170739404
2128,0.9925852478005395
2129,0.9442628604369038
2130,0.6692022353912136
2131,-0.017848273106653684
2132,0.12547352237262693
2133,0.27136211892180717
2134,0.41934482845667853
2135,0.5896308405277785
2136,0.7468282579113091
2137,0.8567375717911166
2138,0.9287234173394048
2139,0.9574473364044275
2140,0.9580767661888195
2141,0.9416403879458338
2142,0.911903788955369
2143,0.8623367312649494
2144,0.6342259309144729
2145,-0.3517048969361445
2146,-0.1689483623618482
2147,0.013745946838551598
2148,0.2005674641183587
2149,0.40666724828415723
2150,0.5936497314369076
2151,0.729461258797666
2152,0.8160637705410199
2153,0.8570972536015732
2154,0.8655044722554864
2155,0.8523029967411752
2156,0.8255456271619052
2157,0.7778642409314626
2158,0.5506071071998294
2159,-0.8139661158268677
2160,-0.5739629859605827
2161,-0.33645316608306486
2162,-0.09205753553325988
2163,0.16817629728145375
2164,0.39953332007466036
2165,0.5637778336000633
2166,0.6717343148033215
2167,0.7270318896833027
2168,0.7467415786318717
2169,0.7410934853350256
2170,0.7184599848403675
2171,0.6760809695279552
2172,0.5181360862185886
2173,-1.4352281495878039
2174,-1.124116103498963
2175,-0.799203222731988
2176,-0.4796952685924075
2177,-0.14327718198732572
2178,0.14957922827600542
2179,0.3478323244459311
2180,0.48652511019916134
2181,0.5562572115860633
2182,0.5871096747175983
2183,0.5929282552389663
2184,0.5809501339401558
2185,0.5436027041998006
2186,0.3987256078312039
2187,-0.8085754525609313
2188,-0.8078522276385997
2189,-0.44385845680447744
2190,-0.9745885904059662
2191,-0.5359139987661984
2192,-0.16982071520978434
2193,0.08647345286339284
2194,0.24588383648081588
2195,0.3382258674384485
2196,0.3830557582847939
2197,0.4009220549141381
2198,0.3996808783583611
2199,0.38012499713898507
2200,0.2464979338432677
2201,-0.9616781805847104
2202,-0.9575437733636837
2203,-0.6522734621741846
2204,-0.48875633039504185
2205,-0.061549409391706916
2206,-0.5641256209330926
2207,-0.35963637084091304
2208,-0.0700495205710657
2209,0.058232857933405185
2210,0.14556374952000203
2211,0.1742623980131194
2212,0.18658219310128668
2213,0.19235646148371513
2214,0.07288027224789914
2215,-1.0730695875988385
2216,-1.0651143687075244
2217,-0.7609227624087691
2218,-0.6120607062271565
2219,-0.20499767532183014
2220,-0.15095456970363139
2221,-0.63438581892428
2222,-0.3728452439067754
2223,-0.21547755553529643
2224,-0.11112204580449067
2225,-0.04994206381092545
2226,-0.011624499966620488
2227,-0.0006514441097560109
2228,0.0042263157108028
2229,-1.1111279138676031
2230,-1.1029383816866754
2231,-0.7987467753879207
2232,-0.6815698172915452
2233,-0.2952416647944347
2234,-0.25593897728963344
2235,-0.17901041725018826
2236,-0.9504242785341345
2237,-0.7374040394549589
2238,-0.5884129498873604
2239,-0.4894085088248087
2240,-0.418400515645981
2241,-0.3779681898999977
2242,-0.1819872197778741
2270,-0.11147131537390412
2271,0.05376059104795094
2272,0.17502875323123163
2273,0.2788389008910702
2274,0.33519320830420174
2275,0.45578716986213286
2276,0.6002621031014592
2277,0.6676618673844728
2278,0.6144708962093423
2279,0.619370833040889
2280,0.7572880359552546
2281,0.10610864465292
2282,0.2553113833097171
2283,0.414048195556765
2284,0.47591522008287956
2285,0.6305395589379786
2286,0.7011732503471012
2287,0.759674069215953
2288,0.7416752779202387
2289,0.8272709876897169
2290,0.9070062352808975
2291,0.9875802522017133
2292,0.1064562972465529
2293,0.2750388773201641
2294,0.43594754593213225
2295,0.4376278932314843
2296,0.5658395799793954
2297,0.7218716108626518
2298,0.592651376499136
2299,0.7004559102850588
2300,0.8122637774264171
2301,0.8743684313218149
2302,0.984452740049052
2303,0.10694014227344237
2304,0.2828256055004835
2305,0.44336867156361415
2306,0.3893797783226006
2307,0.453542550786725
2308,0.6134551798295386
2309,0.7327807215255667
2310,0.6763678205441878
2311,0.692190628442327
2312,0.8131526044283895
2313,0.9545985113377208
2314,0.11135101052406435
2315,0.2745348884598861
2316,0.4430113362802376
2317,0.33875811279204804
2318,0.3270806148192873
2319,0.4650466986036994
2320,0.7581636128173787
2321,0.8314703890895194
2322,0.6534858237805529
2323,0.8538807010236327
2324,0.9928326618486183
2325,0.10324859029104735
2326,0.27480690973642763
2327,0.43847788507573804
2328,0.28737829842399965
2329,0.22369829678917666
2330,0.393049378804056
2331,0.6525660125644699
2332,0.7570733757068052
2333,0.8303512829911698
2334,0.8948340794920939
2335,0.9996835843359834
2336,0.08756661283903602
2337,0.2597813111737889
2338,0.42964008888265226
2339,0.22495999404154307
2340,0.19174883494634343
2341,0.37293001362261524
2342,0.46627083868020747
2343,0.6868462908187827
2344,0.7710880930262466
2345,0.6778367204849608
2346,0.9420223077986702
2347,0.05505707427251852
2348,0.23377551350091494
2349,0.41171153490720325
2350,0.14559913939813654
2351,0.20854734735688016
2352,0.38884493707555856
2353,0.5248762701034858
2354,0.6992897362922278
2355,0.7859000073413765
2356,0.8649214644223949
2357,0.9995996254924403
2358,0.03245765570749595
2359,0.20563094226968623
2360,0.3646167169522513
2361,0.08892301430503405
2362,0.231931294723812
2363,0.3882600349040154
2364,0.6202940591798832
2365,0.7071219589533874
2366,0.7855390286035326
2367,0.8632316216279532
2368,0.9732045618032735
2369,0.009055617237763186
2370,0.1595124641427236
2371,0.3143251641461758
2372,0.1009014774777954
2373,0.06080761389605813
2374,0.34074347591504284
2375,0.48348901881153006
2376,0.585460799662027
2377,0.6790481009371246
2378,0.7771743778693381
2379,0.9410958606421668
2380,-0.029721039087819173
2381,0.07202927607145829
2382,0.24180680730392792
2383,0.10494976494884281
2384,0.16294946458427512
2385,-0.10097804304037036
2386,0.15369015482861487
2387,0.33297501910567195
2388,0.5640967287470068
2389,0.6702419557478173
2390,0.8675558044010506
2391,-0.3344175354527964
2392,-0.1289556579062869
2393,0.08365239493898483
2394,-0.12174067790508722
2395,0.06481535340112446
2396,-0.8808950536103654
2397,-0.4117012835494164
2398,-0.12753485512885007
2399,0.10775602101728965
2400,0.29342353840659763
2401,0.6936866689030879
2402,-0.519614736049304
2403,-0.2947727529988603
2404,-0.008554110933087125
2405,-0.049781405275423934
2406,0.3097412777755925
2407,0.4310792593459065
2408,-1.229102345659856
2409,-0.5708766453897978
2410,-0.27552140250957957
2411,-0.0037748685709447227
2412,0.5320690663680095
2413,-0.5912934503342102
2414,-0.3565117115126283
2415,-0.0486816346878538
2416,0.037405419637845466
2417,0.2320375428537851
2418,0.37052928338660107
2419,0.4798874800565428
2420,0.5842761309319313
2421,0.6818413313592384
2422,0.7743404090071974
2423,0.867425285762175
2424,-0.7303284241323832
2425,-0.5328633490349981
2426,-0.44172819367990135
2427,-0.10357179828823007
2428,0.11998851436126712
2429,0.27966755287303136
2430,0.4142864879163328
2431,0.5348445290985427
2432,0.6401936329792363
2433,0.742513250513802
2434,0.840349402158097
2435,-0.892057508721561
2436,-0.7661421346221143
2437,-0.6236702102351698
2438,-0.2385479605359425
2439,0.009321714800596875
2440,0.20403118553494679
2441,0.3552646158877998
2442,0.48762675077074324
2443,0.609936103058984
2444,0.7180152744301427
2445,0.8239793881402185
2446,0.0005887632587307234
2447,0.16731196672411927
2448,0.31799283464047984
2449,0.4309033554282855
2450,0.5485833722490978
2451,0.6301722031050739
2452,0.7004039441489458
2453,0.2630628493729066
2454,0.41250606339134077
2455,0.5345268705605173
2456,0.8218048801422252
2457,0.008254522491901978
2458,0.17887821424250286
2459,0.3476960980674034
2460,0.39013698080942216
2461,0.5740257106913612
2462,0.6601766430146828
2463,0.6650051569877372
2464,0.5924363884737186
2465,0.7619728968803428
2466,0.8123072216351778
2467,0.8871454208049089
2468,0.00016574959052315097
2469,0.19966613431703678
2470,0.3587619799975217
2471,0.3476320953033055
2472,0.4720061869893467
2473,0.6794823793354462
2474,0.6847701562402307
2475,0.7754090388480691
2476,0.8531153410061948
2477,0.9225104771619269
2478,0.9989882394365281
2479,0.00303663765905246
2480,0.19254245276364626
2481,0.3594030261511997
2482,0.29989206650397404
2483,0.36834609686879227
2484,0.536328299174234
2485,0.6887270031729075
2486,0.6848416892527655
2487,0.7608761411972578
2488,0.8579433894263474
2489,0.9681366981720584
2490,-0.002156608407406141
2491,0.18590842717724984
2492,0.35581918865862194
2493,0.24935505490953366
2494,0.23310100076923648
2495,0.398380177661425
2496,0.7428493055898179
2497,0.8218082818077129
2498,0.6782664369887303
2499,0.852884371575651
2500,0.9912449585407217
2501,-0.01222837462883783
2502,0.18022107610939408
2503,0.34692165628528315
2504,0.1966985447069037
2505,0.15154869439652394
2506,0.34171965860639175
2507,0.6338497185811932
2508,0.7402963044846308
2509,0.8149899222667941
2510,0.8905106480604916
2511,0.989706212114963
2512,-0.03694208940177798
2513,0.15904419851572607
2514,0.33505937018467824
2515,0.1285662246269996
2516,0.11652160410869505
2517,0.31610604104417045
2518,0.4584815075894455
2519,0.6707744816193518
2520,0.7432714264157113
2521,0.6599600361646988
2522,0.9233169825113926
2523,-0.06920388468609048
2524,0.13181139602249367
2525,0.31131256737031576
2526,0.05184078250317395
2527,0.13629007259523032
2528,0.3275715677105495
2529,0.47926160028515497
2530,0.6683180460772483
2531,0.7548174451564401
2532,0.8391341485621673
2533,0.9819592131525813
2534,-0.09024235514540799
2535,0.10365021868923366
2536,0.26876427169616895
2537,-0.0045337315493349795
2538,0.1575536128229626
2539,0.33169172976019734
2540,0.5621310317005613
2541,0.6627598253056968
2542,0.7533425099734764
2543,0.8370256389598026
2544,0.9520902180905242
2545,-0.10970188542532719
2546,0.0605421046520315
2547,0.21978465443105064
2548,0.009102616168193162
2549,-0.029939941701163292
2550,0.2558446270343967
2551,0.4041343505734295
2552,0.5385566302773022
2553,0.6433904400074052
2554,0.7362071622842167
2555,0.917810008494186
2556,-0.01701603377730973
2557,0.1589919254623864
2558,0.01701330921242941
2559,0.07517769217228518
2560,-0.13611649915524568
2561,0.12325770697381291
2562,0.3125276739125801
2563,0.4901985442856488
2564,0.6096185038888736
2565,0.8360399257691921
2566,0.6403282741445516
2567,0.8394695945945091
2568,-0.541686393774351
2569,-0.08829035238164282
2570,0.09161581324827969
2571,0.023595349336830967
2572,0.1776545468102574
2573,-0.2652810102682538
2574,0.036412268347475046
2575,0.24399012763489544
2576,0.7582893631493363
2577,0.8098333297315735
2578,0.8781732397716905
2579,-0.5381688414395348
2580,-0.35913386865635455
2581,0.004769262102541888
2582,-0.13009617448616903
2583,0.23897875800398374
2584,0.30080351715295983
2585,0.4529085162702978
2586,0.6000217514393987
2587,0.680435454508588
2588,0.7776224114924374
2589,0.8710982089388867
2590,-0.7026466445690607
2591,-0.5248036686777308
2592,-0.09215508872888178
2593,-0.03938415218781535
2594,0.19035412497777576
2595,0.3460452636666468
2596,0.19265661802536518
2597,0.42575177229019734
2598,0.5331967557166428
2599,0.7044884218962049
2600,0.8239171992350184
2601,-0.8382142791924843
2602,-0.9643958312099193
2603,-0.48670943625274943
2604,-0.14783470810448776
2605,0.0897224076543027
2606,0.26414711926416773
2607,0.40849213742295276
2608,0.5352688964411657
2609,0.6433957307241481
2610,0.7448875418958244
2611,0.8380961944264979
2612,-0.8764516898351877
2613,-0.7438986304556758
2614,-0.6817184532272147
2615,-0.29072413423783827
2616,-0.01958950151012942
2617,0.19260460864647538
2618,0.3538760134086745
2619,0.49182195581750987
2620,0.6130037939944036
2621,0.719612570703611
2622,0.821443143370433
2623,-0.19720543922598102
2624,-0.008757763454382866
2625,0.21210323420343963
2626,0.34037000575501264
2627,0.4309119411525276
2628,0.5532886216779538
2629,0.6664986178248627
2630,0.7703346683878101
2631,0.8098825630912772
2632,0.8352850584529472
2633,0.8903987087526983
2634,-0.12410268835132124
2635,0.07704499200313805
2636,0.2481508756279145
2637,0.3311004062968269
2638,0.49241672901691924
2639,0.5845620844851646
2640,0.6607070848301874
2641,0.48471268187689287
2642,0.5907270409920888
2643,0.6836686142805335
2644,0.8522185035920012
2645,-0.12568254888245037
2646,0.09100835967508838
2647,0.2656750533535843
2648,0.2855931602235925
2649,0.4464840583966523
2650,0.6054867410980486
2651,0.3842193972492861
2652,0.5097007313738154
2653,0.5962568304028756
2654,0.7073323172414107
2655,0.8624572063116157
2656,-0.13397481863779617
2657,0.09769248226772054
2658,0.2674914689353549
2659,0.23225984757893306
2660,0.33146051145203437
2661,0.5390877282414478
2662,0.6600506536638426
2663,0.5365528814728371
2664,0.3551964876006666
2665,0.5030992659421282
2666,0.7216126442800999
2667,0.2583934959271218
2668,0.16917248739633572
2669,0.19287313164341865
2670,0.3580113963478083
2671,0.6371793926465685
2672,0.7240287814785286
2673,0.39098879987349955
2674,0.6906834838267611
2675,0.8767960580243136
2676,0.7698954536496445
2677,0.9017585854459778
2678,0.7826669717472164
2679,0.9061544852312756
2680,0.06895514933679855
2681,0.24441834389212327
2682,0.1077114549955199
2683,0.06736759641663434
2684,0.264399918945856
2685,0.5000308166798664
2686,0.6224986054852154
2687,0.7053422706058555
2688,0.7813356468556345
2689,0.908292679933708
2690,0.8357172397040319
2691,0.9264554555875063
2692,0.23748510453561844
2693,0.2666160394621929
2694,0.5343433522179468
2695,0.6460361772823412
2696,0.4633338241505437
2697,0.8160485861114732
2698,0.23358305506550517
2699,0.326802699401445
2700,0.5719131418987182
2701,0.6827587477471853
2702,0.5777193724420295
2703,0.8401452245192714
2704,0.003951470589622669
2705,0.19750194576984115
2706,-0.04878178464418667
2707,0.03746731749615917
2708,0.24068950800699168
2709,0.40160496290408876
2710,0.5887560701566993
2711,0.6842905327761338
2712,0.7684409934048932
2713,0.923947656109449
2714,0.8054068625159212
2715,0.9331991724216239
2716,-0.2562750386969749
2717,-0.028278794089831277
2718,0.14953145239477716
2719,-0.11044416609043892
2720,0.0734220281811079
2721,0.25803679272197233
2722,0.4854969651966857
2723,0.5945408076640475
2724,0.6927449597304064
2725,0.7815847043010221
2726,0.9010996992339947
2727,-0.2774215033515911
2728,-0.07087834777302646
2729,0.10374689464912584
2730,-0.09281256986722822
2731,-0.11196312261355887
2732,0.18536940756088313
2733,0.3521761611264518
2734,0.4837333925084494
2735,0.5942178339916364
2736,0.6969495392973543
2737,0.8764379471866461
2738,-0.30317379384911713
2739,-0.14209394954950613
2740,0.04664888721231322
2741,-0.0781700103739131
2742,0.0018505782094854484
2743,-0.20550830170775022
2744,0.062444092579049176
2745,0.25943066411731636
2746,0.4603181838168152
2747,0.5735129179028432
2748,0.7969097682200444
2749,-0.7671213654489626
2750,-0.5673170264353813
2751,-0.30113942705461194
2752,-0.2923915560529048
2753,-0.09071750063832182
2754,-1.1003987174692986
2755,-0.5876533496367131
2756,-0.24855394162138109
2757,0.5863438990559914
2758,0.46938866636365384
2759,0.661976537004295
2760,-0.9138144446068367
2761,-0.704806486529121
2762,-0.36454051073426486
2763,-0.19903661802243114
2764,0.18744384689894106
2765,0.34009355293484395
2766,-1.167361600697578
2767,-0.6964738106931113
2768,-0.34606137340881116
2769,-0.006311728618222906
2770,0.44540913999886544
2771,-0.8086099011351929
2772,-0.3877094240484885
2773,-0.10908484825490264
2774,0.10775924427179343
2775,0.2771407454960626
2776,0.4074942867848538
2777,0.522548623166791
2778,0.6255957992685791
2779,0.7163884689823786
2780,0.806323906266113
2781,0.7134921217000088
2782,0.804938987910166
2783,-0.9812364959286025
2784,-0.8378477015095849
2785,-0.5809402648260648
2786,-0.2383353015228508
2787,0.0030906664517571236
2788,0.1899057882021083
2789,0.3411308242222281
2790,0.47006519375514555
2791,0.5792924425481708
2792,0.6797828871410226
2793,0.7734632034928011
2794,-1.0234963871743974
2795,-0.8738013719429871
2796,-0.7447878229203156
2797,-0.3639751796297802
2798,-0.09735340706880732
2799,0.12105712264032255
2800,0.28681482823362053
2801,0.42441716917901184
2802,0.5434716608583826
2803,0.6474912930050724
2804,0.7492489113388686
2993,-0.3014581559215893
2994,-0.05074806542624358
2995,0.15978109560126696
2996,0.33400436939022954
2997,0.4245925612876781
2998,0.5078282955971605
2999,0.6199932857792224
3000,0.7682183329169456
3001,0.8148346994297082
3002,0.8176960686447932
3003,0.8648743957252222
3004,0.4653607161599741
3005,0.5651101139008711
3006,0.6477768604286906
3007,0.5335476606078445
3008,0.6297599535093398
3009,0.7152796304887441
3010,0.8580781145407601
3011,0.6534100132245363
3012,0.6569395105817701
3013,0.7419362650147208
3014,0.819684674397006
3015,0.8868298473422398
3016,0.5819565305512007
3017,0.36024178693087183
3018,0.5107633174037551
3019,0.59540479523638
3020,0.6881977282123379
3021,0.854378148720326
3022,0.5830759134789533
3023,0.4482957397457602
3024,0.569210656793056
3025,0.6686708265121322
3026,0.7548486501515698
3027,0.8705527050058839
3028,0.2146883319878003
3029,0.19032980397118476
3030,0.29810579716493796
3031,0.513843557742482
3032,0.6399135713599021
3033,0.5144303728342399
3034,0.31912265198715917
3035,0.4667205834109074
3036,0.6908181767224156
3037,0.5393785747464894
3038,0.6317013763523353
3039,0.7610524432355052
3040,0.11765124899323705
3041,0.142012444108283
3042,0.3172584195259285
3043,0.6206715026225323
3044,0.711303406788976
3045,0.43155177072861917
3046,0.7006181130646975
3047,0.8719190706751867
3048,0.7277291707946956
3049,0.5910669547931375
3050,0.7794856630875348
3051,0.8959101894273064
3052,0.18217251558478123
3053,0.05497860603462884
3054,0.024515644069829756
3055,0.22991376196147162
3056,0.4962206310059525
3057,0.6181402685381678
3058,0.7034465727448809
3059,0.7882513963266123
3060,0.8986009351177153
3061,0.7530142934979128
3062,0.8281022044799986
3063,0.9119921082387598
3064,-0.017891340191549088
3065,0.20068228586721973
3066,0.3024542812718608
3067,0.546715798615866
3068,0.6454548179924219
3069,0.5086342501155107
3070,0.8205633552078014
3071,0.3783706527605122
3072,0.5955750620474695
3073,0.6942721277456939
3074,0.6256617059745584
3075,0.8447406842221644
3076,0.36669023176793636
3077,0.5325807844731035
3078,0.6301617471963795
3079,0.7269736061483781
3080,0.9012368285155129
3081,-0.013502146152578998
3082,0.20208508831596392
3083,0.3719034400607425
3084,0.55660372171958
3085,0.6598759595480282
3086,0.7540887026036817
3087,0.9065812560146084
3088,-0.166472949086216
3089,0.06378152476472955
3090,0.2484794659972503
3091,0.43447052977677036
3092,0.5533038780962628
3093,0.6591526849862174
3094,0.7506561568408999
3095,0.8758115176439614
3096,0.5750137098991559
3097,0.6784904003965987
3098,0.7699847505482648
3099,0.8836474376032512
3100,0.2775377397531999
3101,0.4295583249847814
3102,0.567921048269098
3103,0.6748269827152679
3104,0.856203278731412
3105,-0.16640309697517217
3106,0.11142008544319473
3107,0.29821388944042737
3108,0.44324434471989016
3109,0.5630549340032455
3110,0.6769446371075981
3111,0.8602324740744842
3112,-0.3943151314838712
3113,-0.2071561113575309
3114,-0.005528339976486801
3115,-0.12831241799375256
3116,-0.05329908457287574
3117,-0.2187574214793959
3118,0.05559380797408192
3119,0.2573652313055268
3120,0.4120484941737025
3121,0.5635173126166522
3122,0.7790266613733337
3123,-0.4219686964196937
3124,-0.26278134701301215
3125,-0.05728160515005784
3126,-0.11133425861075244
3127,0.05790059573886544
3128,-0.33942459469894704
3129,-0.024538005317377348
3130,0.1937759296357678
3131,0.688710501487043
3132,0.7716588340334437
3133,0.8602336816684834
3134,0.1328493477704236
3135,0.17797163677884056
3136,0.3523980231533429
3137,0.5344068908520773
3138,0.6156902315280023
3139,0.7144997353443077
3140,0.8071213406655562
3141,0.4532722334490683
3142,0.019423555426432287
3143,0.32353999033881375
3144,0.47311235586471956
3145,0.8254697197644766
3146,0.08683348564633649
3147,0.259260640074673
3148,0.2581025564145588
3149,0.45178389451112744
3150,0.5424962900506438
3151,0.698826024049518
3152,0.7741810903101444
3153,0.3917023058632141
3154,0.5103389296439885
3155,0.6155955692462982
3156,0.7085923204856119
3157,0.7984505319057734
3158,-0.6169415574677334
3159,-0.27163478946600395
3160,-0.023280526194155604
3161,0.168715267005222
3162,0.3215603642259903
3163,0.4541770851898841
3164,0.5655225787896621
3165,0.6671088603186869
3166,0.7591576889205316
3167,0.5617577002710934
3168,0.6645145267033405
3169,0.7583683014273883
3170,-1.0121763442652087
3171,-0.7969539679739099
3172,-0.41189201773033857
3173,-0.1411901413165342
3174,0.08409522780058619
3175,0.25369263289766675
3176,0.39674172879878844
3177,0.5199072423374509
3178,0.62495737784497
3179,0.7257515294350017
3180,0.6212254446658005
3181,0.7240344013594198
3182,-0.27876969619681813
3183,-0.04536126079014166
3184,0.1412231120994592
3185,0.2622298903963768
3186,0.41524141662876835
3187,0.5226152265439871
3188,0.6128131757951535
3189,0.31079811679617186
3190,0.48286300006028515
3191,0.5777408997761231
3192,0.8001446497658343
3193,-0.2779478280851492
3194,-0.04179083116607121
3195,0.15698507350206653
3196,0.22900538792213393
3197,0.4329289553460176
3198,0.5424788539472294
3199,0.5472498511046
3200,0.6754339210620283
3201,0.6887763692483567
3202,0.6543440433657522
3203,0.7691129346460189
3204,-0.29159637785802717
3205,-0.03115322935303147
3206,0.1618428379851949
3207,0.1797464472714137
3208,0.33256080204186833
3209,0.552941503923038
3210,0.5277287230215385
3211,0.646712075776126
3212,0.7635187951803952
3213,0.8464516279850696
3214,0.9240213141830536
3215,-0.30089784736393843
3216,-0.040334920593432105
3217,0.15515733452116673
3218,0.1275906570597774
3219,0.2222185906319812
3220,0.4271039166540872
3221,0.5834764475024153
3222,0.5626510535934527
3223,0.6178219036711593
3224,0.7458100311167764
3225,0.8760137822088746
3226,-0.3115843203374067
3227,-0.06252270184813272
3228,0.14107105650663568
3229,0.062491284855924645
3230,0.08405689591236556
3231,0.26714154729077905
3232,0.6112241020101513
3233,0.7085203198315446
3234,0.5664906812720754
3235,0.7851156548953507
3236,0.9078847932352679
3237,-0.3354309464356787
3238,-0.07839235156628366
3239,0.12104877735820956
3240,-0.0008635561432834005
3241,-0.020767389153333426
3242,0.19300504964800652
3243,0.5099793399493082
3244,0.6258173530464765
3245,0.7327140210648847
3246,0.8212529072431406
3247,0.9148266919608835
3248,-0.3695613882873785
3249,-0.11230005314264715
3250,0.09822463591329102
3251,-0.07778170903184475
3252,-0.06377419325819275
3253,0.16287831616616716
3254,0.3457054373939533
3255,0.574614087967817
3256,0.6825814836366916
3257,0.6641256391612587
3258,0.8633074008413856
3259,-0.4132788107520796
3260,-0.14777214278236991
3261,0.06671918664326522
3262,-0.16292223940889047
3263,-0.03946600910318279
3264,0.18011387260263512
3265,0.3539041358804468
3266,0.572383890375118
3267,0.6774826030390889
3268,0.7792839148394194
3269,0.905634434082846
3270,-0.43989829991837104
3271,-0.17879978842568114
3272,0.021178978114939656
3273,-0.21571807963991937
3274,-0.03163062328569158
3275,0.1676407296515386
3276,0.45421842338717555
3277,0.5765974215653277
3278,0.6842664160878473
3279,0.7822920284958359
3280,0.8849881384252342
3281,-0.46240940205500125
3282,-0.2255983995221574
3283,-0.026111267615005013
3284,-0.19381057165394303
3285,-0.1805227710991005
3286,0.18102264266549098
3287,0.3566085144562787
3288,0.49739341571843054
3289,0.6222528213116089
3290,0.718766508277102
3291,0.8662159004264672
3292,-0.4875810795430259
3293,-0.2942061479747311
3294,-0.08142944004485489
3295,-0.17261380119449413
3296,-0.05109830737980989
3297,-0.29817306620264283
3298,-0.0015009342197782327
3299,0.21310192189476615
3300,0.5218985731106032
3301,0.635522914681909
3302,0.8083816485577562
3303,-1.0585819101580447
3304,-1.04981275896047
3305,-0.8988806556884168
3306,-0.3650397966008778
3307,-0.09794991323305899
3308,-0.7845244945285904
3309,-0.3441127406279556
3310,-0.06305047580071285
3311,0.1587814455230507
3312,0.33850378952136195
3313,0.6679110652669739
3314,-1.0318004749991543
3315,-0.9851647144515777
3316,-0.7347512346832669
3317,-0.2617367146090017
3318,0.09509025402455644
3319,0.27008314870711325
3320,-0.909266610386163
3321,-0.3894617375268242
3322,-0.10070091738584272
3323,0.14228546210185306
3324,0.5593578477206648
3325,-1.1278001896270615
3326,-0.9803943591701144
3327,-0.5282412957531877
3328,-0.21979420184012807
3329,0.01621764871238393
3330,0.20329501929861654
3331,0.350992530446848
3332,0.47767764027976234
3333,0.5894505933904837
3334,0.6873787040470946
3335,0.7750651783664725
3336,-1.164882172113296
3337,-1.0757504794307664
3338,-0.7619586180843211
3339,-0.38924327673129033
3340,-0.1224883383228075
3341,0.09252999113379884
3342,0.26190491027268126
3343,0.4030587999887606
3344,0.5236028627928245
3345,0.6293784605831046
3346,0.7246722029765891
3347,-1.286234863102353
3348,-1.1770691972243972
3349,-0.9559797962594853
3350,-0.5478158179214475
3351,-0.2446646553848514
3352,0.004173229629088171
3353,0.1881202061831717
3354,0.33842262392627764
3355,0.47087358467083795
3356,0.5810034683504531
3357,0.6836794454952427
3358,-0.34436078808681614
3359,-0.1369163177448367
3360,0.0746594836116998
3361,0.3805018555707238
3362,0.5049286410238846
3363,0.5914046905824762
3364,0.6682469937050705
3365,0.21920531612976818
3366,0.3798293498168779
3367,0.5120072551011142
3368,0.8000099603872503
3369,-0.053991583425270356
3370,0.13027186314998512
3371,0.29777122366819436
3372,0.3486139750599522
3373,0.53357690734018
3374,0.625028283497337
3375,0.6345210774591237
3376,0.6388911152380793
3377,0.6669939551675873
3378,0.7079674358634621
3379,0.8152361495618752
3380,-0.06040060824442142
3381,0.14949646554137544
3382,0.3107631148660349
3383,0.3040436810278955
3384,0.4358681588278518
3385,0.6432027327182432
3386,0.6423737255357805
3387,0.7207609355881334
3388,0.8475088243294692
3389,0.9055813020900783
3390,0.9800886817028517
3391,-0.06076846798051724
3392,0.14541939606395515
3393,0.31146721891524953
3394,0.2539582295280437
3395,0.32773350143951785
3396,0.5009436011119283
3397,0.6542453301733999
3398,0.6591617588146784
3399,0.773179285698257
3400,0.8812566246743684
3401,0.9828626946904583
3402,-0.06693780895247817
3403,0.1351637997987571
3404,0.3060274966009109
3405,0.20009878034271972
3406,0.19522858896784934
3407,0.3629900678731184
3408,0.7116128949064371
3409,0.7929038132048268
3410,0.7129582489131109
3411,0.8803705184747096
3412,0.984139500615673
3413,-0.08189611867876986
3414,0.12578047233417525
3415,0.2937104065071493
3416,0.14061729835099504
3417,0.10082750113698491
3418,0.29792923684911166
3419,0.634043624694366
3420,0.739369632599583
3421,0.8191241268570743
3422,0.8980646665925905
3423,0.980217279657185
3424,-0.1103946084267082
3425,0.1023089348517924
3426,0.27956833484630483
3427,0.0749151883750924
3428,0.06276910879757386
3429,0.2702669495868396
3430,0.4672316981054512
3431,0.6525691075116956
3432,0.7463651157304928
3433,0.6948763526538762
3434,0.9344644688787681
3435,-0.1459558005051452
3436,0.06976033428958298
3437,0.2536471294180698
3438,-0.008307365240743686
3439,0.0861851871063592
3440,0.2881624873399471
3441,0.44197918666200187
3442,0.658017139924549
3443,0.7473042527046149
3444,0.8282128757221635
3445,0.9632888676611613
3446,-0.1702563378330397
3447,0.03985543550849194
3448,0.2062188517820247
3449,-0.060023884086880946
3450,0.08972020416651208
3451,0.2727512916947762
3452,0.5422500997728821
3453,0.6472611134495573
3454,0.7410304824993351
3455,0.8284444063375479
3456,0.93520431107142
3457,-0.19047198029321763
3458,-0.006365785150437592
3459,0.15730169145126005
3460,-0.04571906738292633
3461,-0.06860367853950536
3462,0.25588460870991847
3463,0.4054279083264044
3464,0.5331743280633188
3465,0.6478596438079995
3466,0.7413422338181966
3467,0.9017316188088867
3468,-0.22162531977022779
3469,-0.08369836442446657
3470,0.09142048365394143
3471,-0.03387394731555779
3472,0.04690833323176749
3473,-0.1965727132346197
3474,0.07421164234663946
3475,0.2687816600695713
3476,0.5249478526684839
3477,0.6385257580976155
3478,0.8302026709472817
3479,-0.7609698321398859
3480,-0.536432881280665
3481,-0.28497143640278544
3482,-0.24905299934704037
3483,-0.04436009643847369
3484,-0.981744441566983
3485,-0.4896142603363042
3486,-0.19386783354636208
3487,0.05053511248436682
3488,0.24385474328982593
3489,0.6488171347379094
3490,-1.0291512492349724
3491,-0.8068183299635594
3492,-0.48311759553810363
3493,-0.1591869035327014
3494,0.21688570487382075
3495,0.3634202733119988
3496,-1.231728162511074
3497,-0.6483632121001309
3498,-0.3164868994758898
3499,-0.04375532897738896
3500,0.49023714566605425
3501,-0.9202617970509231
3502,-0.7569756709892849
3503,-0.3444486585320331
3504,-0.07155317713838835
3505,0.13958847568721583
3506,0.30341263434698273
3507,0.43081306845739
3508,0.5440622016954236
3509,0.6447078105718664
3510,0.7355064000298518
3511,0.8253006675163331
3512,-1.0298271333193953
3513,-0.8617057270547386
3514,-0.5443782728709315
3515,-0.2013415508137312
3516,0.0409730308859364
3517,0.2247957526732951
3518,0.3745231325840198
3519,0.49967507785553955
3520,0.6070499476952661
3521,0.7055259646062436
3522,0.7998881238676013
3523,-1.0339971143370759
3524,-0.864417794472397
3525,-0.7186191725482938
3526,-0.33157189744561344
3527,-0.061624486356897185
3528,0.15749531294422497
3529,0.3229059566018544
3530,0.45829159247274776
3531,0.5765444046482864
3532,0.6793328285817193
3533,0.7821418575904738
5594,-0.2073961743346123
5595,0.035465764493954055
5596,0.23591143405503934
5597,0.3992579176886012
5598,0.5299768013883956
5599,0.6450375340438486
5600,0.7365343187515822
5601,0.8206754741117811
5602,0.8916686574474335
5603,0.9610866975677048
5604,1.0224032341088996
5605,-0.19499673216092192
5606,0.06353601510636044
5607,0.2713806457433667
5608,0.44375753447551536
5609,0.5839723685740179
5610,0.6972394178902724
5611,0.7974538595118109
5612,0.8801411861107259
5613,0.9553966353540816
5614,1.0219445977076966
5615,1.0854819348426799
5616,-0.21042241805963638
5617,0.0704161584622878
5618,0.2915474612337491
5619,0.46953234195545246
5620,0.613796617375224
5621,0.7318309594695769
5622,0.8329661613182465
5623,0.9184370491223891
5624,0.9969095374495268
5625,1.0690707272615871
5626,1.1327267453827252
5627,-0.23992542939269654
5628,0.057240493050938784
5629,0.28988694150776895
5630,0.47626791432019
5631,0.6275425141889804
5632,0.7515991825713704
5633,0.8561718836911706
5634,0.9455134942921931
5635,1.0266170576171163
5636,1.0998277981377782
5637,1.167236151152446
5638,-0.28335989533103
5639,0.024948623316342372
5640,0.2698648968776678
5641,0.46900235041940663
5642,0.6287453526555349
5643,0.7585762955526124
5644,0.8688844746688087
5645,0.9625923271240932
5646,1.0462492890192443
5647,1.1223627296107184
5648,1.19293928466284
5649,-0.37957405842884506
5650,-0.03189324414691694
5651,0.22824255811724528
5652,0.4432373189408
5653,0.6143630522464891
5654,0.7526581330772779
5655,0.8690388984745961
5656,0.968041721686839
5657,1.0557769625250761
5658,1.1357577821543856
5659,1.208381395725111
5660,-0.5224696774787543
5661,-0.13037069605391546
5662,0.15872879298765846
5663,0.3902283908724816
5664,0.5768935999716128
5665,0.729688104628431
5666,0.8537276396867634
5667,0.9591746685245572
5668,1.0523202496862347
5669,1.137424305687853
5670,1.213222217331162
5671,-0.7937787700893285
5672,-0.27374825526762503
5673,0.04058703501142523
5674,0.3021694661538281
5675,0.5107798028427446
5676,0.675643914745927
5677,0.8146796377177022
5678,0.9274571050017135
5679,1.0297323996268022
5680,1.1196197048922945
5681,1.2011825200711366
5682,-0.9554297770431827
5683,-0.48955358425288487
5684,-0.12276463309510768
5685,0.16579033810160548
5686,0.39880005641026306
5687,0.5874964073122048
5688,0.737782312040004
5689,0.8658222775410485
5690,0.9765927696256553
5691,1.073207655492737
5692,1.1631328547169149
5693,-1.0813771719242788
5694,-0.8221348659883064
5695,-0.3932522606868539
5696,-0.04641848280688951
5697,0.22400254097772695
5698,0.44589339609829204
5699,0.6228249366336281
5700,0.7709808854794641
5701,0.8959760160843546
5702,1.004185949838017
5703,1.1011425679514273
5704,-1.1904040349203004
5705,-1.2528137769487702
5706,-0.7226927610200466
5707,-0.3111254633846985
5708,0.01792337222821258
5709,0.2786653136780983
5710,0.48035977197151414
5711,0.6489272789450636
5712,0.7952662253928271
5713,0.919133785377843
5714,1.029906011525216
5715,-0.2599217758625707
5716,-0.004674399767676113
5717,0.2069028671929861
5718,0.3803915904781472
5719,0.5194822795167895
5720,0.6378275618343158
5721,0.7337454110825096
5722,0.8196868980554184
5723,0.8944003822929366
5724,0.9629882372813933
5725,1.0222002810821298
5726,-0.2501833760238876
5727,0.02353376624448894
5728,0.23792461278153454
5729,0.4173650643711102
5730,0.5613209815388431
5731,0.681443600733912
5732,0.7824766324062711
5733,0.8712095187062533
5734,0.9509223844370108
5735,1.0169807880221362
5736,1.0765717463018325
5737,-0.27425009019257984
5738,0.02501270020317503
5739,0.2555778346901194
5740,0.43835280752047523
5741,0.5905342586929294
5742,0.7157032724139208
5743,0.8196324529752267
5744,0.909685099992967
5745,0.9901158879111573
5746,1.0601793950903249
5747,1.1224069563952646
5748,-0.3046657061132071
5749,0.008095105333242175
5750,0.24939304227118572
5751,0.4434163464781503
5752,0.6015628012086481
5753,0.7323075058989373
5754,0.8418347157347307
5755,0.9357150890908886
5756,1.0191000590705503
5757,1.092170215259918
5758,1.156659200281569
5759,-0.3545392307278519
5760,-0.03011405448374324
5761,0.22493556770622442
5762,0.4327845501893067
5763,0.6003603269848333
5764,0.7373842476306395
5765,0.8541250810137236
5766,0.952693494194563
5767,1.038533977456918
5768,1.1152883516840082
5769,1.1825349316419813
5770,-0.45571589530603085
5771,-0.08807569103429871
5772,0.18388156277081033
5773,0.40420312891567267
5774,0.5837527881530574
5775,0.7293951909680445
5776,0.8516654665888373
5777,0.9555310040794917
5778,1.0460281202823367
5779,1.1264699241360305
5780,1.1965088182503458
5781,-0.5895732420001425
5782,-0.1844259332669291
5783,0.11351802437236107
5784,0.3508007423075825
5785,0.5474223693405189
5786,0.7048155158109612
5787,0.8352864262060894
5788,0.9454201750835662
5789,1.0415564675511533
5790,1.1264950910011056
5791,1.2002263269821416
5792,-0.8723514250456815
5793,-0.328258429579943
5794,-0.00821996571779346
5795,0.2646502873589386
5796,0.4806016935769871
5797,0.6520065679860936
5798,0.7971069519315833
5799,0.9139717730226974
5800,1.0198394364857617
5801,1.1097320917022122
5802,1.1896089765094326
5803,-1.0064857882764828
5804,-0.5529769541880406
5805,-0.1526000254913316
5806,0.14280496403813842
5807,0.37770208149042683
5808,0.5730702892077404
5809,0.7320496429034697
5810,0.8645467500685599
5811,0.9764458644502362
5812,1.0750402316270795
5813,1.1627544980586064
5814,-1.0214573146764137
5815,-0.851425511783754
5816,-0.41664380502756015
5817,-0.0647895681389549
5818,0.2109813205085349
5819,0.4354210330593272
5820,0.621458512099011
5821,0.7728622561607364
5822,0.9009156752272657
5823,1.0097181046784378
5824,1.1045131685076017
5825,-1.40584150089935
5826,-1.248449214478624
5827,-0.7193709999470667
5828,-0.30272273174564013
5829,0.02100256171949666
5830,0.2797293768251812
5831,0.48635674251110994
5832,0.6587103760215706
5833,0.8057431807124106
5834,0.9302136446252796
5835,1.03741593900961
5836,-0.06432470238902396
5837,0.14171950347891035
5838,0.3252894350687803
5839,0.47471372461825834
5840,0.5965202059707685
5841,0.6982610512276125
5842,0.7825001561469836
5843,0.8618566279062211
5844,0.930697467456922
5845,0.9955144612794713
5846,1.0595355996395261
5847,-0.049340288621322864
5848,0.18010483105952152
5849,0.36743805867520896
5850,0.5232978805517261
5851,0.6485420017645873
5852,0.7535552633359751
5853,0.8456698112264801
5854,0.926184652282284
5855,0.9975211279428972
5856,1.065136929917818
5857,1.1301332089220977
5858,-0.06947654532071032
5859,0.18093502761300873
5860,0.3820183066043372
5861,0.5399042542630348
5862,0.6705622395803505
5863,0.7800736987409344
5864,0.8738222820308906
5865,0.956048813267912
5866,1.0316353566958363
5867,1.1015956439789933
5868,1.1680719716278094
5869,-0.09150855878619804
5870,0.16898373972864414
5871,0.37658583266372114
5872,0.5442085399808951
5873,0.6793145896867206
5874,0.7925110044759219
5875,0.8906913654535201
5876,0.9760058200492189
5877,1.0542997384431974
5878,1.1252163980881036
5879,1.1947628506606796
5880,-0.13784946233687076
5881,0.13573538260887605
5882,0.3560409875739089
5883,0.5352798276201471
5884,0.6786471192127049
5885,0.7959759596954782
5886,0.8998787033467669
5887,0.98913361398177
5888,1.0685615489792288
5889,1.143940619826131
5890,1.2163664863243255
5891,-0.24599727223655674
5892,0.07744303944194345
5893,0.31615619050168076
5894,0.5052800029987843
5895,0.6611774175097572
5896,0.7869338309266297
5897,0.8943268318705936
5898,0.9880729152547495
5899,1.0729213339077925
5900,1.1518891276896435
5901,1.2269369962889378
5902,-0.4078705434965094
5903,-0.031747384896349956
5904,0.2354071239076367
5905,0.45044030497930576
5906,0.6197677256381741
5907,0.7549595755973856
5908,0.8712664945733888
5909,0.9709099415820742
5910,1.0617490994799963
5911,1.1458101397424985
5912,1.2256455295636774
5913,-0.660283764026128
5914,-0.20890199382230343
5915,0.09356177477883199
5916,0.3489529092632442
5917,0.5370524722720897
5918,0.6920705879841778
5919,0.8192358920352408
5920,0.9275890149993248
5921,1.026883232972678
5922,1.1155094707648516
5923,1.2002521060013414
5924,-0.8883734158876452
5925,-0.44915643929387705
5926,-0.09193974322816165
5927,0.19134206086500422
5928,0.41453602520925836
5929,0.5877236514478575
5930,0.7323168810733208
5931,0.857067831684732
5932,0.9625831916510696
5933,1.056381939781372
5934,1.1480748815184596
5935,-0.9083758306142741
5936,-0.7728416378937576
5937,-0.3488016065372297
5938,-0.007495981474543556
5939,0.2517181804145412
5940,0.4563421405547846
5941,0.6270044946262131
5942,0.7712091780680056
5943,0.8878137445760516
5944,0.9935902831509063
5945,1.0920333067888262
5946,-0.976357160538664
5947,-1.1678943620381024
5948,-0.6559616386018666
5949,-0.25527930257290266
5950,0.05564492176282962
5951,0.30334162295087985
5952,0.49596003302414404
5953,0.6632922531484516
5954,0.8036963231942771
5955,0.9245765069910562
5956,1.0350534477358588
5957,0.07288027224789914
5958,0.2529226674268834
5959,0.3987256078312039
5960,0.5181360862185886
5961,0.5506071071998294
5962,0.6406506644980886
5963,0.6756269689748293
5964,0.7229044080789949
5965,0.7621558794726544
5966,0.8096234958336742
5967,0.8954736810771865
5968,0.1929041105953149
5969,0.3782028869431219
5970,0.5426245248431661
5971,0.6745099608868784
5972,0.7756015659627629
5973,0.8594523521080067
5974,0.9407523217492573
5975,1.01391068492003
5976,1.0749360779554997
5977,1.1329522217034644
5978,1.194101626972519
5979,0.18697901290818633
5980,0.39927489257900695
5981,0.579609141497644
5982,0.7166990648837798
5983,0.8253109969940131
5984,0.9100634604049626
5985,0.9904488630927786
5986,1.0644616635073663
5987,1.1269052417649101
5988,1.1863957459462273
5989,1.2503309630078525
5990,0.17456226559056967
5991,0.40098312377904255
5992,0.5928487768365588
5993,0.7411463396153365
5994,0.851608956019353
5995,0.9405674517165122
5996,1.0238055127422199
5997,1.0997081205691275
5998,1.1636188088347115
5999,1.2217676000841318
6000,1.2897538888010143
6001,0.14573335862196
6002,0.38331204974330435
6003,0.5870662706478764
6004,0.7467468416386039
6005,0.8651990560969897
6006,0.9577989509697167
6007,1.0443303838904814
6008,1.121443244787563
6009,1.1857981085779938
6010,1.2480494934317012
6011,1.3178216738422313
6012,0.060651020714157095
6013,0.33877616385950854
6014,0.5561724337247538
6015,0.7271803212033636
6016,0.8576373776928771
6017,0.9574774603431996
6018,1.047412340469938
6019,1.1272582120372323
6020,1.1961606340840791
6021,1.2622803111577192
6022,1.3354386571246806
6023,-0.07345634722331215
6024,0.24548504723067013
6025,0.48406732266512775
6026,0.6722789024187974
6027,0.8168651766882616
6028,0.9296307089345542
6029,1.02554994325483
6030,1.1114066548167005
6031,1.1864381634574548
6032,1.259339249278165
6033,1.3374120885830747
6034,-0.35770948410310777
6035,0.09028289256423214
6036,0.34913757178722926
6037,0.5655667338835767
6038,0.7301835714083943
6039,0.857954930660317
6040,0.9690860423847373
6041,1.0635370165132119
6042,1.1468233798763379
6043,1.2254837472734512
6044,1.3114597561485173
6045,-0.5614664121721823
6046,-0.1667707590612034
6047,0.15301112677635195
6048,0.40320127930697014
6049,0.5956445390779567
6050,0.747757058314959
6051,0.8773611684323377
6052,0.9814270893692242
6053,1.071798840390541
6054,1.1578120401339027
6055,1.2493041185367488
6056,-0.061549409391706916
6057,-0.5267603494088975
6058,-0.13843876140619468
6059,0.17283700053135256
6060,0.4074325865671954
6061,0.5927478784136083
6062,0.7456926585077073
6063,0.8776041846050789
6064,0.9833469632282419
6065,1.075763927311821
6066,1.1771194343540947
6067,-0.48875633039504185
6068,-0.9590625252623363
6069,-0.4738569392379943
6070,-0.08663662438214917
6071,0.20561438951345548
6072,0.4208570659521266
6073,0.5990827112006546
6074,0.7501473970634807
6075,0.8829346138676193
6076,0.9971818271355504
6077,1.1121572076311859
6078,-0.6522734621741846
6079,-0.44385845680447744
6080,-0.7948672926359289
6081,-0.3351806918481962
6082,0.015443263464520768
6083,0.2734586273621082
6084,0.476364546676875
6085,0.6555674087254569
6086,0.8091289924154009
6087,0.9422438315571438
6088,1.0673896382893324
6392,0.15212184212505925
6393,0.324628951814682
6394,0.46875518677656924
6395,0.595290210773482
6396,0.6291197685598163
6397,0.7126262168950027
6398,0.7830572403503018
6399,0.8344139396176016
6400,0.8991120392977985
6401,0.938228457163184
6402,1.0218081970311514
6403,0.04580549092624811
6404,0.23723769228820038
6405,0.40918271169680076
6406,0.5602035177391647
6407,0.6766329118503663
6408,0.7778529667987867
6409,0.8672042874386849
6410,0.9457307663369398
6411,1.0101841233830418
6412,1.070658616161946
6413,1.1307312771175295
6414,0.04480616628993875
6415,0.2602332050323265
6416,0.44691566434300545
6417,0.5990575123450698
6418,0.7212309188111725
6419,0.8209347460218545
6420,0.9101515313356834
6421,0.9927727190480994
6422,1.0610261209839287
6423,1.1210001096733304
6424,1.1838160495129442
6425,0.030669370901495158
6426,0.26134513876953225
6427,0.45899414029558583
6428,0.6186224991133026
6429,0.7436144447978572
6430,0.8458024435182954
6431,0.9402589334777458
6432,1.022529024127757
6433,1.0940682365546415
6434,1.1563000394433747
6435,1.2179931867933562
6436,0.002896250329171318
6437,0.244228070339551
6438,0.45262422932588964
6439,0.6226179960451809
6440,0.7540880270409219
6441,0.8600317676537789
6442,0.9577338016898455
6443,1.0430065198359988
6444,1.1143039410228994
6445,1.1783934411008365
6446,1.2437738214507812
6447,-0.07488314936593085
6448,0.2020033897896875
6449,0.42513868604646354
6450,0.6058018987659956
6451,0.7479641751107663
6452,0.8605454610366948
6453,0.961438393096477
6454,1.0490040944676957
6455,1.1222378397590465
6456,1.1893103491505186
6457,1.257689838998135
6458,-0.20878082785407812
6459,0.11243013440944463
6460,0.3571903928095844
6461,0.5557452554831132
6462,0.7143611256353253
6463,0.8376626646734631
6464,0.9443467693900945
6465,1.0359082211985058
6466,1.1132721836234107
6467,1.1859540425077588
6468,1.2583976160058827
6469,-0.491070024292415
6470,-0.04406126869916846
6471,0.23033586622311109
6472,0.46144944347204697
6473,0.6406429489059355
6474,0.7767529726663116
6475,0.895295322467823
6476,0.9926057525164436
6477,1.0799111943755608
6478,1.1568440013901184
6479,1.235529573678817
6480,-0.6789559452000097
6481,-0.30677622910865343
6482,0.052994010594054536
6483,0.3173908951143589
6484,0.5221172651137942
6485,0.6845770653373574
6486,0.8169726809293322
6487,0.9274951181434298
6488,1.0157897589438571
6489,1.1002849227419698
6490,1.1858438273696064
6491,-0.10299272600353437
6492,-0.6324499178874472
6493,-0.23050773770048513
6494,0.09396280018854919
6495,0.3421032122031787
6496,0.5287203178271154
6497,0.6856866921827914
6498,0.8218980655774711
6499,0.9315267658130522
6500,1.0275750952040164
6501,1.1199583276587004
6502,-0.5341523619048186
6503,-1.065943298412679
6504,-0.5657646212119686
6505,-0.1625080956348582
6506,0.1351709570989007
6507,0.36103910958792584
6508,0.5376297990723615
6509,0.6949637202578594
6510,0.8291611207899482
6511,0.9467967049710267
6512,1.0562916930311572
6513,-0.6755703071406798
6514,-0.47818905954411517
6515,-0.8864509045110364
6516,-0.4112681467547521
6517,-0.055411673080897866
6518,0.20986240896217723
6519,0.4213399219983549
6520,0.6032993778056394
6521,0.7573515881496435
6522,0.8916587169513475
6523,1.0126389253659716
6524,0.020303577344581908
6525,0.1442156132126103
6526,0.3682197622045751
6527,0.5118324415078838
6528,0.5449587365473555
6529,0.6390832054575365
6530,0.7279838414184249
6531,0.882260211478074
6532,0.9313062396110157
6533,0.9593773383803206
6534,1.042957078248288
6535,-0.0005102346820884118
6536,0.20477805043100894
6537,0.3802536625870504
6538,0.5281603702624296
6539,0.6451408956135897
6540,0.7443484105117061
6541,0.8352647578166925
6542,0.909850517431061
6543,0.9790656876755357
6544,1.038851662516046
6545,1.0992964272633128
6546,-0.010804916726615682
6547,0.2192987353987269
6548,0.4084743725988247
6549,0.556745881900517
6550,0.6789945093826122
6551,0.7793332827936977
6552,0.8728519776641022
6553,0.9545065748485306
6554,1.0226802146501646
6555,1.0864187688019606
6556,1.1479048911829484
6557,-0.02979402700019748
6558,0.2150298552678213
6559,0.41342562834427443
6560,0.5704561108222441
6561,0.6964035037328056
6562,0.8037965485520436
6563,0.9007280923556064
6564,0.9841452660794278
6565,1.0562003696182938
6566,1.1217991726545549
6567,1.1854714549821916
6568,-0.0644874834463752
6569,0.1904395259811679
6570,0.4015691583873803
6571,0.5693510293268977
6572,0.7030299960017802
6573,0.8144795326136497
6574,0.9156941050550929
6575,1.003204230164746
6576,1.0774709327935617
6577,1.145179357175787
6578,1.2120777951378972
6579,-0.15359827657558042
6580,0.1436709837695795
6581,0.3695204430534622
6582,0.5504851672549852
6583,0.6931995185923073
6584,0.8115326495436125
6585,0.9168546011512423
6586,1.0079964320732189
6587,1.086437174797076
6588,1.158474160054311
6589,1.2291368730487529
6590,-0.2821019680712896
6591,0.05331760664010596
6592,0.30511651892383873
6593,0.5038693767875496
6594,0.6610152920522963
6595,0.7888659879791599
6596,0.9012703182668974
6597,0.9966294496615912
6598,1.0808113921928133
6599,1.1585671648161036
6600,1.2328209989605319
6601,-0.5707306893429155
6602,-0.10162295999850487
6603,0.17397948466238783
6604,0.40817150663422175
6605,0.5901959521710076
6606,0.7310129602258709
6607,0.8550262142677999
6608,0.9580173850581237
6609,1.052157927152511
6610,1.1349784221657702
6611,1.2156819195582025
6612,-0.7793200788141167
6613,-0.3656571825123909
6614,-0.022632617413203188
6615,0.25297925433574986
6616,0.463230320510156
6617,0.6275783063098791
6618,0.7675110349654909
6619,0.8855880523871463
6620,0.985800249917005
6621,1.0745024231816835
6622,1.1662369975432028
6623,-0.5957896845076194
6624,-0.7039892084877849
6625,-0.2936252206216038
6626,0.03938663241513074
6627,0.2893018250309937
6628,0.48511885279270905
6629,0.6537419911965003
6630,0.7928806550683386
6631,0.9094649183250287
6632,1.009315908299049
6633,1.1026811486307295
6634,-0.6786685855835426
6635,-1.1104235438851113
6636,-0.6070585962179511
6637,-0.21076486674730363
6638,0.09384155983480408
6639,0.3321249253688905
6640,0.5202196209550028
6641,0.6830470659527816
6642,0.8209381853876339
6643,0.9397976388144643
6644,1.0480290594209616
6645,-0.8815541661996233
6646,-0.725313128984651
6647,-0.9158554643371776
6648,-0.4511242583215531
6649,-0.0902002958600108
6650,0.18447681761975465
6651,0.40640906911906705
6652,0.5956003888949098
6653,0.7520609300063
6654,0.8856606636456893
6655,1.0044094153717467
6656,-0.13217662664325566
6657,0.08973964174362084
6658,0.2869302896511235
6659,0.44870317982212793
6660,0.5772574409859902
6661,0.6818772700454022
6662,0.7738599834747523
6663,0.8524284290995015
6664,0.927592915499191
6665,0.9969872490258936
6666,1.066048912312717
6667,-0.11266316310231014
6668,0.13064271404523317
6669,0.32834700276573314
6670,0.4959830035917505
6671,0.6297066272295812
6672,0.7389801103199294
6673,0.8339346706796161
6674,0.9176512202233621
6675,0.9948110380113132
6676,1.064383430993817
6677,1.1341810261425636
6678,-0.13871297818383208
6679,0.12965470341128937
6680,0.3443912833727194
6681,0.5131532141405802
6682,0.652507714788246
6683,0.7663261192376613
6684,0.8619145124184343
6685,0.9477209700918784
6686,1.026980725762496
6687,1.1001931248122576
6688,1.1702089616807019
6689,-0.16134244467252742
6690,0.11685635152903776
6691,0.33694899170616877
6692,0.5165213614627991
6693,0.6599003169999036
6694,0.7783428136266494
6695,0.8790632169050937
6696,0.9671894276702573
6697,1.0479471273196752
6698,1.1223610196158522
6699,1.194474961598761
6700,-0.20468876838454683
6701,0.08206614814775268
6702,0.3157370701615765
6703,0.5050969246613651
6704,0.6580939840554435
6705,0.780865349315477
6706,0.8872444450162716
6707,0.9784734358979231
6708,1.0609784170662113
6709,1.1394136031675668
6710,1.2135149071913516
6711,-0.3118429043203207
6712,0.02265069795371838
6713,0.2744779928081356
6714,0.47865351978868464
6715,0.64051493612617
6716,0.7710757869277814
6717,0.8818783246546219
6718,0.9776981999099382
6719,1.0648694761419033
6720,1.1462265711410948
6721,1.2222724653174373
6722,-0.4548039342999898
6723,-0.0768751723037788
6724,0.20450333010295632
6725,0.424996987915801
6726,0.6035820088170227
6727,0.7444153570365369
6728,0.8625843231061655
6729,0.9631192224194266
6730,1.0556944583200574
6731,1.1401623482370637
6732,1.2194880854122454
6733,-0.721275271301837
6734,-0.22964142229843085
6735,0.0749241945618159
6736,0.3341320992863518
6737,0.5315382364023259
6738,0.6844887060970007
6739,0.8167780538265031
6740,0.9241105247004019
6741,1.0229897781586166
6742,1.1119087787285773
6743,1.196603548786323
6744,-0.8923301882626292
6745,-0.4472805689250071
6746,-0.08986966732561583
6747,0.19557819761446496
6748,0.4183452531233194
6749,0.5943699320158494
6750,0.7372979295684179
6751,0.8593586247810033
6752,0.964792516936608
6753,1.0597892421097215
6754,1.1505259936532841
6755,-0.8644871411625945
6756,-0.7608080271159446
6757,-0.3386904240618527
6758,-0.0021974267252699853
6759,0.2572696210603017
6760,0.46226056820174766
6761,0.6326596282405493
6762,0.7711524606777755
6763,0.8904395614324523
6764,0.994115347920558
6765,1.0918258159724041
6839,-0.11147131537390412
6840,0.05376059104795094
6841,0.17502875323123163
6842,0.2788389008910702
6843,0.33519320830420174
6844,0.6691588355748433
6845,0.7298855685691189
6846,0.7242482996688092
6847,0.5861063041027116
6848,0.4962735304927326
6849,0.6833366324230888
6850,0.10642691747528052
6851,0.25631317592115743
6852,0.417103575985439
6853,0.4753459446073719
6854,0.6329318655284124
6855,0.7031984369789159
6856,0.7609711665351103
6857,0.789005719401578
6858,0.8720806269584943
6859,0.8782962628025264
6860,0.9131109332954382
6861,0.10599597765360444
6862,0.2752944931073731
6863,0.43655549420065876
6864,0.4339767325679147
6865,0.5593535837861394
6866,0.7225544601435507
6867,0.616787731775205
6868,0.7244445361858162
6869,0.8281610832224277
6870,0.9082199329682398
6871,0.9980031632175622
6872,0.10733556369032696
6873,0.28224469161174015
6874,0.4433599313471881
6875,0.3868705788269341
6876,0.44721852523942174
6877,0.6012339088892406
6878,0.7259363824495109
6879,0.6966746916779101
6880,0.7707814641726051
6881,0.8647105839200474
6882,0.9913062215095763
6883,0.1109089651059442
6884,0.2748007570233688
6885,0.44292896811704185
6886,0.33547068876502406
6887,0.31651586089856076
6888,0.45577149053345034
6889,0.7685328592245593
6890,0.841374390455457
6891,0.7430473023829681
6892,0.8758346369954276
6893,1.0047418128515426
6894,0.10284164832772622
6895,0.2741676376096624
6896,0.4380172470457756
6897,0.2830311126069099
6898,0.22104504544139097
6899,0.3913683115868015
6900,0.6772827497475793
6901,0.7637567118441374
6902,0.860057736462832
6903,0.9211571341115855
6904,1.0165085109117
6905,0.08658013970392311
6906,0.25901928439589306
6907,0.4295039006031339
6908,0.2216946585063539
6909,0.19000894577693206
6910,0.3714883971273506
6911,0.5254278843423892
6912,0.72294241819862
6913,0.7981062811600826
6914,0.7440668581383623
6915,0.9683099964670021
6916,0.05419192135131548
6917,0.2336867712814479
6918,0.40836449178079315
6919,0.1423552676878043
6920,0.21935233518958208
6921,0.39147572558971866
6922,0.528621918105806
6923,0.7207735350688979
6924,0.7922456584992837
6925,0.8719599251462765
6926,1.0037062160517067
6927,0.03206334116772305
6928,0.20482272817426625
6929,0.36329235341681154
6930,0.08986840498063894
6931,0.2206022200319169
6932,0.37910132431149635
6933,0.6316288205798265
6934,0.7179108252056703
6935,0.7957453502440942
6936,0.8680196618543813
6937,0.975823637020754
6938,0.00882876330367402
6939,0.1585907318759989
6940,0.3133050407303226
6941,0.10081799905614339
6942,0.06211857197892093
6943,0.35318104761120406
6944,0.49528731234174517
6945,0.6003064837761687
6946,0.6934496211188086
6947,0.7848000645588834
6948,0.9433129570970592
6949,-0.030280391057298933
6950,0.07083919562438842
6951,0.24041970393736925
6952,0.10494121355086769
6953,0.16406562524547952
6954,-0.10417039290756178
6955,0.1477446513049087
6956,0.3292822541380702
6957,0.5749249659095215
6958,0.6764916846070874
6959,0.8733482201857683
6960,-0.3344175354527964
6961,-0.1289556579062869
6962,0.08365239493898483
6963,-0.12017993805106894
6964,0.0721283904381961
6965,-0.8590456130431602
6966,-0.3888821982285783
6967,-0.11824956883782636
6968,0.1599337354104338
6969,0.309065789310745
6970,0.7060517161073517
6971,-0.519614736049304
6972,-0.2947727529988603
6973,-0.008554110933087125
6974,-0.04920558341316347
6975,0.30733854531859894
6976,0.4276810841281855
6977,-1.1324325028308917
6978,-0.549789677874658
6979,-0.22275310949040608
6980,0.04781482552507402
6981,0.550684752519725
6982,-0.6064677262425873
6983,-0.6272772187478229
6984,-0.2221016027525585
6985,0.0395076256990691
6986,0.22981401828122103
6987,0.3670556641133812
6988,0.4768503603135026
6989,0.5823411178038292
6990,0.6809323537280844
6991,0.7726729525624207
6992,0.8665882398269972
6993,-0.7303284241323832
6994,-0.5524409474139134
6995,-0.4446286733245898
6996,-0.10620650065099466
6997,0.1174773988903268
6998,0.2776546387098574
6999,0.411082377178035
7000,0.532695938745858
7001,0.6388534770755482
7002,0.7416346984822991
7003,0.8396494928455194
7004,-0.892057508721561
7005,-0.7661421346221143
7006,-0.627916219241029
7007,-0.24572293211608817
7008,0.0042495683778008
7009,0.20134568406561346
7010,0.35201935304149856
7011,0.4854804101650113
7012,0.607008762210286
7013,0.7165816233361045
7014,0.8231387290226382
7015,0.001183986865861325
7016,0.16822929802763364
7017,0.32040213190169775
7018,0.42346665594293953
7019,0.5525475422697177
7020,0.6359422849711779
7021,0.7082881551694926
7022,0.4306717220390547
7023,0.579938918060154
7024,0.6910364899060207
7025,0.8951380596684714
7026,0.00902562120010067
7027,0.1800280075426804
7028,0.349822215425013
7029,0.3846170008795039
7030,0.5533461385577956
7031,0.6664657186360284
7032,0.32651435302601906
7033,0.4943212892090806
7034,0.6292427835675924
7035,0.7242153333249142
7036,0.9063743529402681
7037,9.659769738698532e-05
7038,0.2011720560520101
7039,0.35984668577308443
7040,0.3411849700253533
7041,0.45486507851288693
7042,0.6689051524201881
7043,0.7478142498408495
7044,0.5378606727746039
7045,0.48103273181238315
7046,0.4971810045689109
7047,0.7310876507060984
7048,0.0036934551056200526
7049,0.19068980780852438
7050,0.3591041403132096
7051,0.2905041242521589
7052,0.3462887170895862
7053,0.489362718188429
7054,0.6648670411058255
7055,0.7624007951646338
7056,0.5713314409262499
7057,0.6694598220707505
7058,0.897070713182746
7059,-0.002321147205059243
7060,0.18603520226515666
7061,0.3554699256855398
7062,0.23820339321386869
7063,0.20740478511647706
7064,0.3718516545661553
7065,0.7743669807110892
7066,0.770484690720289
7067,0.7835701644489644
7068,0.7988751366974199
7069,0.9382746154956337
7070,-0.012544049415329356
7071,0.17888846152683585
7072,0.34536209300911797
7073,0.186240025026828
7074,0.14477907159125478
7075,0.3368976274833521
7076,0.7329691191784689
7077,0.8179072505762178
7078,0.8948030753534943
7079,0.9069071619397379
7080,0.9477279739308453
7081,-0.03860822004841111
7082,0.15777912551900217
7083,0.33423415411666535
7084,0.12152673515860499
7085,0.10765119456259312
7086,0.30978290646757406
7087,0.6016011202802322
7088,0.7682772665611398
7089,0.8534794324332936
7090,0.9122829982773742
7091,1.0223523807567751
7092,-0.07040590989804649
7093,0.1297207089110343
7094,0.30524574120390835
7095,0.03996724984915648
7096,0.1552398825477383
7097,0.34587423314693555
7098,0.4941723728856686
7099,0.7455279117396036
7100,0.8191756572155034
7101,0.9004803097750392
7102,1.0026306116410026
7103,-0.09142868667500034
7104,0.10222176125006413
7105,0.2638755150200027
7106,-0.0014405626002525207
7107,0.12537384383199393
7108,0.30508190432663485
7109,0.6020621165157317
7110,0.7039302502049828
7111,0.7915899832507085
7112,0.8781788210444953
7113,0.9725825995431142
7114,-0.11200340457903188
7115,0.05753881669525393
7116,0.21591491485576159
7117,0.009781601816810231
7118,-0.011680226876400218
7119,0.3152006713808815
7120,0.46660720119105314
7121,0.5872175974371568
7122,0.6977493891243431
7123,0.7925696047371092
7124,0.933160880432146
7125,-0.14255392623603622
7126,-0.017562320360197864
7127,0.15340849449480165
7128,0.017600410925786653
7129,0.08663359282356828
7130,-0.15733225783828078
7131,0.10724018469769137
7132,0.29717920161895695
7133,0.5589901986044709
7134,0.6706512062025154
7135,0.8565788858082334
7136,-0.541686393774351
7137,-0.37435223448469845
7138,-0.0808119982211006
7139,-0.2028604923685887
7140,-0.012312468216859246
7141,-0.9398606606857628
7142,-0.4487256504594488
7143,-0.14936679895223434
7144,0.11026700383023944
7145,0.3135375037462491
7146,0.6928151920242643
7147,-0.5381688414395348
7148,-0.41512923642831545
7149,-0.05122610566941946
7150,-0.12139778924468278
7151,0.2551633493170389
7152,0.3931107828850102
7153,-1.2160888140809216
7154,-0.5494287826182481
7155,-0.23588962134883454
7156,0.037074318238459414
7157,0.5439714701629269
7158,-0.7026466445690607
7159,-0.5248036686777308
7160,-0.17489088915542458
7161,-0.031044576627513892
7162,0.1849039788713125
7163,0.337634957645501
7164,0.4609400848341215
7165,0.5733168247224303
7166,0.6769087522176683
7167,0.768267355234765
7168,0.8566190334535011
7169,-0.8685527149607299
7170,-0.7398214499774657
7171,-0.5031819828909047
7172,-0.1587690024722034
7173,0.08061556539437567
7174,0.25761150909720054
7175,0.403068421803613
7176,0.5291562178915882
7177,0.6381709880554299
7178,0.7396617959978578
7179,0.83441995261309
7180,-0.8764516898351877
7181,-0.7438986304556758
7182,-0.6884922835947487
7183,-0.29601813474236205
7184,-0.029651737200681177
7185,0.1863098108348199
7186,0.34700257794917516
7187,0.48510424838768307
7188,0.6073808956883141
7189,0.7144851621920552
7190,0.8182903652175086
7246,-0.19491134378548022
7247,-0.006463668013881874
7248,0.2236564105777674
7249,0.3536173870105378
7250,0.4448285504015974
7251,0.5688466874916904
7252,0.6790717123059078
7253,0.7919707989038333
7254,0.8331601501719668
7255,0.8065645091406803
7256,0.78694654970097
7257,-0.12353228618873183
7258,0.07775970678008293
7259,0.2511048103627501
7260,0.3265087557971825
7261,0.49575411842464867
7262,0.5897475833836583
7263,0.6663666213366691
7264,0.6067726527276134
7265,0.7079118322428639
7266,0.7999903503384546
7267,0.8997748988459514
7268,-0.1266303963664326
7269,0.09324326787501785
7270,0.2663009514867547
7271,0.2792046824068656
7272,0.4299300435257726
7273,0.6083500683943701
7274,0.4842482435360872
7275,0.5949306000438025
7276,0.6981593871249495
7277,0.7897211100318723
7278,0.9090770410484436
7279,-0.13338624741910046
7280,0.095617263056261
7281,0.26627355070242564
7282,0.22339684091494388
7283,0.30509113074516286
7284,0.5004764215003775
7285,0.6384439175129125
7286,0.5729429562712662
7287,0.5498786505157586
7288,0.7260119128200411
7289,0.8640682822260785
7290,-0.1393036133711212
7291,0.07764103063680647
7292,0.2568587871652709
7293,0.16041165921143574
7294,0.16675524139486067
7295,0.33118930974839533
7296,0.6585654268941838
7297,0.7454692721836135
7298,0.5775354576908236
7299,0.7870221282548584
7300,0.9311742063946429
7301,-0.15776704184661108
7302,0.06619181044923642
7303,0.24341324437248466
7304,0.10027106605041056
7305,0.06298421453580072
7306,0.2609248144821825
7307,0.561585762856844
7308,0.6719323863980852
7309,0.7526428115081131
7310,0.8391738502454839
7311,0.9406869654097473
7312,-0.18656373753913177
7313,0.039687554171270595
7314,0.22357151515286014
7315,0.03024437950239922
7316,0.023243055585684153
7317,0.23311972915075516
7318,0.3821466170221084
7319,0.6002689889101279
7320,0.700685775127836
7321,0.6013637558305993
7322,0.8787165508358312
7323,-0.23161055339925393
7324,0.0030539179060578847
7325,0.19446480704020486
7326,-0.05518858433021753
7327,0.044174491896218415
7328,0.25223606585910974
7329,0.4074707573972325
7330,0.6088117802987384
7331,0.7097629289292523
7332,0.8018114454209669
7333,0.9341184026778476
7334,-0.2563345478525767
7335,-0.029282262262867315
7336,0.14694496926475342
7337,-0.10825724528986894
7338,0.05915423912331527
7339,0.241486747538923
7340,0.5041568031050604
7341,0.6205278024062568
7342,0.7126095125674031
7343,0.8052184586955088
7344,0.9123018257375991
7345,-0.2780101839753554
7346,-0.07214558035808141
7347,0.10133873551017245
7348,-0.091457285313679
7349,-0.10616980427012748
7350,0.21782851908490214
7351,0.3781782915947012
7352,0.513865990165331
7353,0.6244410022343522
7354,0.7263183999283153
7355,0.8837279158133319
7356,-0.3049644307731729
7357,-0.14382324194023563
7358,0.04186269365904913
7359,-0.07678681358730641
7360,0.0052787391467595535
7361,-0.21685620873298386
7362,0.05338124067251254
7363,0.25409523202293127
7364,0.4974008503276024
7365,0.6113854259631336
7366,0.8117314111676665
7367,-0.7671213654489626
7368,-0.5673170264353813
7369,-0.30113942705461194
7370,-0.2884609227642122
7371,-0.0748282332502915
7372,-0.9790966758589162
7373,-0.5231457358408494
7374,-0.2092304180301839
7375,0.02569445778596463
7376,0.23149070458277962
7377,0.6318111372208116
7378,-0.9138144446068367
7379,-0.704806486529121
7380,-0.36454051073426486
7381,-0.19109725667922053
7382,0.18372072326002345
7383,0.336386548213203
7384,-1.2058293849664932
7385,-0.5834089043904644
7386,-0.2933892402088287
7387,-0.025211904013530267
7388,0.4885450926067598
7389,-0.8686493673117337
7390,-0.8122477788290131
7391,-0.38895288377328685
7392,-0.11045411868349816
7393,0.10611738675826347
7394,0.2713562085684683
7395,0.4053379124059593
7396,0.5190615634555883
7397,0.621445736030423
7398,0.7134014865742456
7399,0.8034622553988888
7400,-0.9812364959286025
7401,-0.8546686552236427
7402,-0.5811298350323565
7403,-0.24230135305947756
7404,0.0014931283360520298
7405,0.18812278984924757
7406,0.33916219356077437
7407,0.467814605835718
7408,0.57622278673394
7409,0.6773065393637318
7410,0.7708643281723002
7411,-1.0234963871743974
7412,-0.8738013719429871
7413,-0.7504117099844531
7414,-0.36886217728634596
7415,-0.10079581096228604
7416,0.1157043210848212
7417,0.2834034374349844
7418,0.4221323811164853
7419,0.5413332453124627
7420,0.6443693438336587
7421,0.7465989021004238
7475,-0.3291275574593139
7476,-0.1537575606190281
7477,-0.04369508431293678
7478,0.03584543305348613
7479,0.062371117304468496
7480,0.13788200876549364
7481,0.2434186490202526
7482,0.33421142500176865
7483,0.3929385546928199
7484,0.4202212523329303
7485,0.47662725992562915
7486,-0.1904881934652257
7487,-0.015117579955345017
7488,0.10197814641708103
7489,0.6047274850289901
7490,0.6910532335684473
7491,0.7448854937030603
7492,0.7929583960033336
7493,0.3304876060376286
7494,0.46081687300372354
7495,0.5609971342294138
7496,0.8527049656631082
7497,0.27949081978377655
7498,0.4058673902616915
7499,0.5496145251905418
7500,0.5789148059079465
7501,0.7245165852371115
7502,0.778440931594448
7503,0.8233426772924234
7504,0.8403308987275073
7505,0.856356987194583
7506,0.8156366111891425
7507,0.9129366710488159
7508,0.280013984581747
7509,0.4352881061028443
7510,0.5743299362725761
7511,0.5387766323892088
7512,0.6326906180429376
7513,0.8040942369839201
7514,0.7948701833214588
7515,0.8619871471532746
7516,0.9180344653293565
7517,0.9663337368103966
7518,1.0186094988831316
7519,0.2890077658683434
7520,0.4352930340393514
7521,0.5811813395633532
7522,0.4948392678446881
7523,0.5249447078760915
7524,0.6560072792250328
7525,0.7739235014883914
7526,0.7695973449823846
7527,0.8700525511666292
7528,0.9568399570216596
7529,1.0486824032160476
7530,0.2885936113873071
7531,0.43386382163854487
7532,0.5828102272646495
7533,0.44680866747815007
7534,0.39390750163348753
7535,0.5193607256140266
7536,0.8443174206026113
7537,0.8913014765731383
7538,0.814645254457224
7539,0.9386115697985552
7540,1.0321656867736921
7541,0.28157529810361337
7542,0.4313883623094651
7543,0.5763945636145549
7544,0.39299633164107295
7545,0.3132932442939102
7546,0.46643378908441246
7547,0.7924304998220273
7548,0.873947209281368
7549,0.9220230632192773
7550,0.9723725808230601
7551,1.0509668172497695
7552,0.2525800063257727
7553,0.4101397199407659
7554,0.5687852422495002
7555,0.3162111002562319
7556,0.27596555311005355
7557,0.44231733157874575
7558,0.7690101476262983
7559,0.8624574889591404
7560,0.9210104222488952
7561,0.9564931128689774
7562,1.0528918459508687
7563,0.22296745619718075
7564,0.38371322595217683
7565,0.5304298419174334
7566,0.22832876219869366
7567,0.37016335127288513
7568,0.5095926078012398
7569,0.6151045337367341
7570,0.8618481681742406
7571,0.8999181345736096
7572,0.956873434246584
7573,1.0436247186389755
7574,0.1971305944389701
7575,0.3464805934643892
7576,0.4778435700741126
7577,0.2183386452436035
7578,0.17164019196085686
7579,0.3550722906488538
7580,0.803545304154122
7581,0.85387642766027
7582,0.880837121747105
7583,0.84563768421511
7584,0.9483259387253903
7585,0.15350442849355286
7586,0.24893976931488673
7587,0.39754345053627993
7588,0.22107516154671955
7589,0.23944933499587903
7590,0.013642299633691818
7591,0.23978310458287225
7592,0.3977388133037969
7593,0.5335075915770924
7594,0.6392393739316938
7595,0.8708687624617791
7596,-0.37115897456867586
7597,-0.17662731468376916
7598,0.04956249991032413
7599,-0.014930724765804898
7600,0.1329053445194516
7601,-0.9198390817609311
7602,-0.4341827064706343
7603,-0.1304940543646235
7604,0.3444152228209453
7605,0.31450991963312425
7606,0.6763270311296073
7607,-0.32682415640371276
7608,-0.10812089556962101
7609,0.14609633574105876
7610,0.05186704725236327
7611,0.3990983441056686
7612,0.5068953977262464
7613,0.12128425790404604
7614,0.09333594435333883
7615,0.4776171591689621
7616,0.3090103810623813
7617,0.5130156138373777
7618,-0.5311085860780915
7619,-0.2938447837471151
7620,0.013441057565383802
7621,0.11445604347175234
7622,0.32846852683165484
7623,0.4497341984584513
7624,0.16591061216158134
7625,0.3865733485920504
7626,0.5012546356483732
7627,0.6817433994392301
7628,0.8347704826010384
7629,-0.7356366625825129
7630,-0.5371310530576314
7631,-0.33791160733026826
7632,-0.016801382833723094
7633,0.19363039153002326
7634,0.34240840535115846
7635,0.4618335901043259
7636,0.570246175446352
7637,0.6644536156011375
7638,0.7578539264973574
7639,0.8553126634755392
7640,-0.9279667865714042
7641,-0.8007291038576936
7642,-0.5455850555464631
7643,-0.17373255749487246
7644,0.07035092131934098
7645,0.2546313433292442
7646,0.39515364146988996
7647,0.517703131817701
7648,0.6280066709330779
7649,0.7288474948608975
7650,0.8351377774711175
7772,-0.29085556021973746
7773,-0.04014546972439176
7774,0.16431712545893012
7775,0.30756919360392365
7776,0.44942016338465196
7777,0.544797866989471
7778,0.6308463610860836
7779,0.1970663564720647
7780,0.3661969819612969
7781,0.5039406674268138
7782,0.7702984420118623
7783,-0.20372954319737
7784,0.019142404967072146
7785,0.20815599087968006
7786,0.2828155438510712
7787,0.47039023393736146
7788,0.5718698865938872
7789,0.655595132519786
7790,0.7201964826377139
7791,0.7796809705348922
7792,0.7675541815687049
7793,0.8301438026199975
7794,-0.2104521158227993
7795,0.02968609123512439
7796,0.21717575974068748
7797,0.23696586115259827
7798,0.3874075382939828
7799,0.5840954982554489
7800,0.4997924830356415
7801,0.6395795587069196
7802,0.7444445767623554
7803,0.8355079625240837
7804,0.9245033663670456
7805,-0.22098264645952378
7806,0.028608569325043992
7807,0.21335216332378926
7808,0.1794665744563928
7809,0.2690520032927496
7810,0.46805718341125
7811,0.6147176292533082
7812,0.5613398968141302
7813,0.6418843256053978
7814,0.7409344626745954
7815,0.8756864220961923
7816,-0.2315085086111265
7817,0.005300602255255221
7818,0.19823409894512667
7819,0.10970357022163797
7820,0.1160123611665094
7821,0.29097057992706243
7822,0.6482527654158311
7823,0.7377498389360172
7824,0.7055628375788722
7825,0.8457263191412175
7826,0.9487178221428524
7827,-0.25279278369053104
7828,-0.010323627419283443
7829,0.1799447591878755
7830,0.04522117999484909
7831,0.018100471040951777
7832,0.2238175638456064
7833,0.5514958336013185
7834,0.6880832078418598
7835,0.7753223803398703
7836,0.8631340924563823
7837,0.9499331907033339
7838,-0.2876846724523121
7839,-0.04355977162787547
7840,0.15816872383467423
7841,-0.02934667175507291
7842,-0.0236994048166404
7843,0.19580315137411053
7844,0.4250516483134539
7845,0.6310162198288968
7846,0.7435658934631549
7847,0.7281486460671942
7848,0.9072051323402777
7849,-0.3255071771507173
7850,-0.07314467278423561
7851,0.13430430900523793
7852,-0.09980226696752834
7853,-0.006369604684507424
7854,0.2054707780884854
7855,0.37604029479957846
7856,0.5810581192485532
7857,0.68285063275084
7858,0.7886222685674871
7859,0.9197558274656074
7860,-0.352894929228737
7861,-0.10357602137783764
7862,0.08869928278738122
7863,-0.16570734152597386
7864,0.04861346507876041
7865,0.23575446883740578
7866,0.4643352327669814
7867,0.5784600327984495
7868,0.6864837835942221
7869,0.7842070840109001
7870,0.8956923245249176
7871,-0.372780646964217
7872,-0.13639192532916586
7873,0.04776309599738188
7874,-0.14649955949819995
7875,-0.16140337971643973
7876,0.12834681356790686
7877,0.3124955384410364
7878,0.46147139727968245
7879,0.5849945492333113
7880,0.695429118188924
7881,0.8691944101748504
7882,-0.3932343061904364
7883,-0.20640380198656913
7884,-0.006434838418464567
7885,-0.12798621480036962
7886,-0.050666539248279546
7887,-0.22473924238849793
7888,0.04781925254973593
7889,0.25133244628717455
7890,0.4488355457552047
7891,0.5832171775605194
7892,0.795670847597962
7893,-0.4215003931304355
7894,-0.2623228507663724
7895,-0.05752664891249323
7896,-0.11098211837952685
7897,0.06261971606256339
7898,-0.3455463318522016
7899,-0.03230635039666249
7900,0.18681927901218814
7901,0.24650003970252685
7902,0.7074367177741915
7903,0.5985160837027764
7904,-1.0032219702813683
7905,-0.8260029099431786
7906,-0.5839085309430263
7907,-0.25428909322542725
7908,0.14387806341241863
7909,0.25972605973977514
7910,0.4410884267362444
7911,-0.01193118704999993
7912,0.2719145606568023
7913,0.19677592317752415
7914,0.43977535371086607
7915,-1.0270526111670337
7916,-0.8434494333149642
7917,-0.5627266714584058
7918,-0.145122859934634
7919,0.08541121473454037
7920,0.2586582257524124
7921,0.3885319963435684
7922,0.5099926559603675
7923,0.6159154542001157
7924,0.7082494414183768
7925,0.7956671287810924
7926,-0.27880076226401596
7927,-0.045137655952410705
7928,0.1416672333452907
7929,0.2597559542100074
7930,0.4168724995965929
7931,0.5271051464290715
7932,0.6181902377254348
7933,0.45047357103907093
7934,0.5754752887630088
7935,0.7054021360363619
7936,0.8668438796577874
7937,-0.27790649385021404
7938,-0.04137314058383271
7939,0.15828310580015487
7940,0.22337166741666603
7941,0.4182784843991896
7942,0.5461681076552326
7943,0.19206239130843888
7944,0.3720845322290488
7945,0.5374737532221464
7946,0.6563224910571062
7947,0.8328119470144192
7948,-0.29140315494367985
7949,-0.030642165157048012
7950,0.16187732198713944
7951,0.17405015103468185
7952,0.31277780520493914
7953,0.55506813719491
7954,0.6480436281207954
7955,0.5726371882260699
7956,0.5819225194781394
7957,0.4708091938104072
7958,0.6617067566332104
7959,-0.3009155331578791
7960,-0.04324938577290652
7961,0.15307316295069584
7962,0.11401410459262197
7963,0.20628806803184205
7964,0.38166391991056337
7965,0.5552093758210925
7966,0.6299630556802438
7967,0.7501895147888759
7968,0.695373394415777
7969,0.8125251604613515
7970,-0.31311279004937054
7971,-0.0626287293099233
7972,0.1393510689255529
7973,0.05593357711447765
7974,0.0653337124663923
7975,0.24932326934384383
7976,0.6290131916719853
7977,0.7317495168207117
7978,0.8136410957973769
7979,0.8327315447719316
7980,0.8437684315919775
7981,-0.33546735980901654
7982,-0.07964101266192669
7983,0.11972325944536039
7984,-0.006754628866125517
7985,-0.02502703122252603
7986,0.18815387596195457
7987,0.5843029827285935
7988,0.6969809796839207
7989,0.7962677322960257
7990,0.8336762651686608
7991,0.8203693763030822
7992,-0.37099362734573893
7993,-0.1134337969923376
7994,0.09665983945164965
7995,-0.08615101186900906
7996,-0.0696399496295976
7997,0.1571409580438304
7998,0.47154694019881305
7999,0.6542121130107156
8000,0.7773244227457671
8001,0.869106088638457
8002,0.8794139718284478
8003,-0.4151715615855479
8004,-0.15027131088801135
8005,0.0628443761934885
8006,-0.1716389260007973
8007,-0.025851440906985906
8008,0.1931188061610816
8009,0.36703341244703347
8010,0.6412528238604576
8011,0.7482629898718495
8012,0.832211396020578
8013,0.926522912360842
8014,-0.44096878690162244
8015,-0.18078711723697757
8016,0.016961898151417937
8017,-0.21283305539968664
8018,-0.061787055535058116
8019,0.13653034477375997
8020,0.49670014901275694
8021,0.6165652918898997
8022,0.7276623492683288
8023,0.8212850059082503
8024,0.9055020859897017
8025,-0.4636144502564288
8026,-0.22908405921203404
8027,-0.029505105862107223
8028,-0.19236302824447452
8029,-0.16400112093906763
8030,0.2415903825186801
8031,0.40960165277930494
8032,0.5506248787645107
8033,0.6700911942239788
8034,0.7665466156171837
8035,0.8819231409879115
8036,-0.48910875263993636
8037,-0.2968269672695575
8038,-0.08614110545937614
8039,-0.1704508992969527
8040,-0.04107488965715181
8041,-0.31358262975756734
8042,-0.014053183388461093
8043,0.20018934343773823
8044,0.5924580926363765
8045,0.6905831581843397
8046,0.8308145519466825
8047,-0.9392693946451912
8048,-0.9156596716219568
8049,-0.7366318678803189
8050,-0.3571899243582395
8051,-0.068184205112063
8052,-0.5764995035262744
8053,-0.19289926169844104
8054,0.09348602781291002
8055,0.3082512081976388
8056,0.4895171193191279
8057,0.7281262501240545
8058,-1.0533837784898743
8059,-1.0067480179422976
8060,-0.756334538173987
8061,-0.2547286109076702
8062,0.09023130110686867
8063,0.2628817179759929
8064,-0.6417009522217685
8065,-0.18349946258248892
8066,0.08439504114172977
8067,0.32903957011465335
8068,0.6318653165360404
8124,-0.3507646677144649
8125,-0.12661036244275867
8126,0.08496543891377784
8127,0.3788102417260816
8128,0.5009764123395248
8129,0.5870132081227948
8130,0.6359720128169414
8131,0.7828145639344715
8132,0.7435987229260028
8133,0.7796984346641133
8134,0.8116917930700283
8135,-0.05365071887495462
8136,0.13096036173406914
8137,0.29553354154683553
8138,0.35018392335569193
8139,0.5317981079585421
8140,0.6212636410276419
8141,0.6989771692685345
8142,0.7235310811851334
8143,0.797380799441448
8144,0.8421927072161842
8145,0.9363077048211804
8146,-0.060630696956607805
8147,0.1502118361227791
8148,0.3103819976538934
8149,0.3055413249902035
8150,0.44172982219620005
8151,0.641360528791288
8152,0.5891779359097228
8153,0.6622233767210185
8154,0.737876485076281
8155,0.8264854693030524
8156,0.9306660494717361
8157,-0.06054923164368828
8158,0.14575213885728355
8159,0.3117253960871725
8160,0.25691070822396456
8161,0.3364212726793749
8162,0.5310350636134143
8163,0.6688755339921285
8164,0.6075370458650683
8165,0.5687863510945019
8166,0.6870189098622811
8167,0.8216421238227714
8168,-0.0671671632155513
8169,0.13516546239799704
8170,0.3065110229426982
8171,0.202627522271048
8172,0.20551637671024225
8173,0.3708117371769528
8174,0.6926658998918277
8175,0.7709693346994524
8176,0.5229105554369816
8177,0.7743382572680767
8178,0.9151437810013816
8179,-0.08143707041635587
8180,0.1271474660228716
8181,0.29539582880096193
8182,0.14591667694268393
8183,0.10583856562354688
8184,0.30245775033216205
8185,0.5731035783996413
8186,0.6771964195934442
8187,0.7412862130520167
8188,0.8290482333837498
8189,0.9382526941353576
8190,-0.10758047196406526
8191,0.10407316099205935
8192,0.2803237950801298
8193,0.07988700860739853
8194,0.06984176299393155
8195,0.2765555675199018
8196,0.34577195990983445
8197,0.5910146894084033
8198,0.6678678608034501
8199,0.50263469521183
8200,0.8409888719437802
8201,-0.14495476415393002
8202,0.07240547762381669
8203,0.25556192511562426
8204,0.0017332963860214046
8205,0.06935722514913692
8206,0.2752966951742032
8207,0.4329126474480569
8208,0.6032222352517087
8209,0.6929645165185088
8210,0.7873364769278347
8211,0.9441752161081279
8212,-0.16973172375762344
8213,0.04172895995896744
8214,0.2101663506589443
8215,-0.062274473278777026
8216,0.12778795769037446
8217,0.3027746799998887
8218,0.506082693369055
8219,0.6097083139430677
8220,0.7032253385610024
8221,0.7882893091988582
8222,0.916010459436099
8223,-0.18888972202577656
8224,0.0018712170493596358
8225,0.1633223577450792
8226,-0.046913640154757325
8227,-0.0807429076088094
8228,0.18748241504005847
8229,0.35073238121528605
8230,0.4877821831958967
8231,0.5902922584148964
8232,0.6915750770453267
8233,0.8883726990772471
8234,-0.2178585589650208
8235,-0.077558876576413
8236,0.09961996632996142
8237,-0.035330180103791214
8238,0.03490815778711828
8239,-0.17617789177101736
8240,0.08937627773158785
8241,0.28463713242803623
8242,0.45912880341144324
8243,0.5733360416708969
8244,0.8061420356995387
8245,-0.7609698321398859
8246,-0.13992630318539953
8247,0.042132358448468216
8248,-0.024635818598275877
8249,0.13426262602566802
8250,-0.29717783489244154
8251,0.011722585300123739
8252,0.22102099051431284
8253,0.7029604581796639
8254,0.797125221973661
8255,0.8832290261069544
8256,-0.9807109113925586
8257,-0.7611516000276712
8258,-0.4371575467472416
8259,-0.17387894568965076
8260,0.19292142595902464
8261,0.2407335780013792
8262,0.3843150158650146
8263,0.5335666241118077
8264,0.5922852677151472
8265,0.7061220958796746
8266,0.821626155309625
8267,-0.9082654551422714
8268,-0.7208311805343288
8269,-0.37474155080694915
8270,-0.06911457678677599
8271,0.15292619264653462
8272,0.3148808792587644
8273,0.29737421445676515
8274,0.47244975410123
8275,0.5751311275433404
8276,0.7059105453819937
8277,0.8004048039691323
8278,-1.032738388078834
8279,-0.9830786315357992
8280,-0.5132233821827742
8281,-0.17973973500974985
8282,0.05869678598940467
8283,0.23764326715214382
8284,0.384065927755208
8285,0.5089149664412937
8286,0.6138659860968108
8287,0.7128128512785956
8288,0.8057891045852146
8289,-1.033540125856946
8290,-0.8639608059922672
8291,-0.6911494430649321
8292,-0.31197137636114003
8293,-0.042799504582596654
8294,0.17047050062310803
8295,0.3338337215523901
8296,0.4677550606462848
8297,0.5833057584890748
8298,0.6856142788890555
8299,0.7866718403094767
8472,-0.7793671193614548
8473,-0.6273089750664226
8474,-0.4948668005598863
8475,-0.38623527471234653
8476,-0.32697451024229784
8477,-0.22469288367201787
8478,-0.03054341639742711
8479,0.07824117771621208
8480,0.14166607157630381
8481,0.19529355161917758
8482,0.2866180676525584
8483,-0.5983972044500884
8484,-0.3468727483785211
8485,-0.20150743145395858
8486,-0.0869490545629569
8487,-0.0025791852200573173
8488,0.08117209118628733
8489,0.16228412811404344
8490,0.2332268773685008
8491,0.3086037602078351
8492,0.3769309432721022
8493,0.44128847213976885
8494,-0.5027174994133299
8495,-0.27079738813125165
8496,-0.1318562150516049
8497,0.0025053699517541828
8498,0.10570221034445865
8499,0.20199718744401735
8500,0.2823554732846306
8501,0.35665522397084426
8502,0.4317122359547261
8503,0.48614069796290993
8504,0.5661265082239795
8505,-0.44278126766501746
8506,-0.16490651726035535
8507,-0.04362317425164361
8508,0.09267306264084715
8509,0.21642280588280338
8510,0.30907807739175214
8511,0.391936407128173
8512,0.47014994821902123
8513,0.5449185173854415
8514,0.599660305163148
8515,0.6670510172286225
8516,-0.39904496614517904
8517,-0.14034304968844244
8518,-0.007450018408846154
8519,0.1338207771424234
8520,0.26064961894229866
8521,0.3522717044910394
8522,0.43707202109911114
8523,0.5142157368425186
8524,0.5917988071665709
8525,0.6594781643968107
8526,0.7267834900757736
8527,-0.3565437714010906
8528,-0.12469976994963569
8529,0.02322947439129211
8530,0.17442118480259486
8531,0.3017587936115962
8532,0.3965651510044089
8533,0.4790651355449711
8534,0.5557346471252139
8535,0.6342895096911619
8536,0.702779251379981
8537,0.7701297013465624
8538,-0.36030782493593194
8539,-0.1236048859969496
8540,0.051123271576620305
8541,0.21592204817848365
8542,0.33654762174800856
8543,0.43731966254105226
8544,0.5314319913428602
8545,0.6063985225435167
8546,0.6851514370770102
8547,0.7557527469809115
8548,0.8298933172190509
8549,-0.3369362027717252
8550,-0.10618131598494993
8551,0.07852104796166967
8552,0.23792345895052028
8553,0.3653360246513586
8554,0.46803290330010283
8555,0.560881968163451
8556,0.6446902684893215
8557,0.724991499058973
8558,0.7957489054320079
8559,0.8653164092970402
8560,-0.3187234373558029
8561,-0.09550145434478621
8562,0.08854895896880657
8563,0.2628235011921818
8564,0.38860687033251007
8565,0.4936578128753676
8566,0.5881118705924014
8567,0.6732312758671278
8568,0.7545979716260812
8569,0.8279581333733782
8570,0.8994292173078753
8571,-0.32858554355798875
8572,-0.08959699498526794
8573,0.09938071018208144
8574,0.2702898886788572
8575,0.41014396101685235
8576,0.5203381194944227
8577,0.6156942279575713
8578,0.7027812440078557
8579,0.7858551767328287
8580,0.861936867127191
8581,0.9318595281272325
8582,-0.3446651852426129
8583,-0.0821706883494023
8584,0.10628098033863559
8585,0.2832980363588724
8586,0.42755671390629
8587,0.5392914991713689
8588,0.6398430230777259
8589,0.7282185890752692
8590,0.813728866991076
8591,0.8904210397204521
8592,0.961987307497909
8593,-0.354560685242858
8594,-0.10070551125499375
8595,0.11237155704888493
8596,0.2932429407580429
8597,0.4365613504172946
8598,0.5481056019720675
8599,0.6501111278838029
8600,0.7448966264664026
8601,0.8308227323387049
8602,0.9090503063990334
8603,0.9813937431954146
8604,-0.3853243674484178
8605,-0.10728791833377213
8606,0.11420942519663868
8607,0.29559570768413457
8608,0.4403093475831682
8609,0.5596566367869827
8610,0.6629846406872704
8611,0.7592702261646995
8612,0.846808572682628
8613,0.925221507869512
8614,0.9995403981742805
8615,-0.3921663980249369
8616,-0.10498515088493957
8617,0.10399318314629777
8618,0.28731297363525254
8619,0.43864134785358566
8620,0.560597250823739
8621,0.6697338527877165
8622,0.7684176724995554
8623,0.8563797472414375
8624,0.9375049352149242
8625,1.0133128619629201
8626,-0.4973232250391614
8627,-0.13173317016846278
8628,0.09392105997431294
8629,0.28722316072839293
8630,0.4346424783290874
8631,0.5636787925769156
8632,0.6734635516736778
8633,0.7768109841653363
8634,0.8658818134322356
8635,0.9489237436559559
8636,1.026043001081047
8637,-0.498866284644211
8638,-0.15811014216182626
8639,0.07766111746312168
8640,0.2747422109497412
8641,0.43399346239103387
8642,0.5648529273495172
8643,0.6799221622569908
8644,0.7836641827606804
8645,0.8749261523331742
8646,0.9599878300670158
8647,1.03842894233802
8648,-0.5820652917449228
8649,-0.14227178602132992
8650,0.06880648085968818
8651,0.26902426255624756
8652,0.43817228096726957
8653,0.5681442404886619
8654,0.6857931063060566
8655,0.7911509355366885
8656,0.8823671267713047
8657,0.9688180765521729
8658,1.0507412197067656
8659,-0.5713456293438263
8660,-0.2382027710718477
8661,0.02197864365729238
8662,0.2379110399560697
8663,0.41784181260358766
8664,0.5551065513182034
8665,0.676707962955477
8666,0.7826635741415223
8667,0.877695444360476
8668,0.9657283743781021
8669,1.049650126697078
8861,-0.9711947501247021
8862,-0.6973865248971036
8863,-0.49139220750612767
8864,-0.26919681261029493
8865,-0.1312332658873295
8866,-0.04790086421460868
8867,-0.013271493574948223
8868,-0.0519991783770678
8869,0.00540818303360098
8870,0.05468811342981422
8871,0.18357614147325438
8872,-0.8250281658007823
8873,-0.5189599517595308
8874,-0.34364806935626957
8875,-0.2125592861016343
8876,-0.11245273425540508
8877,-0.010635787443869199
8878,0.08562202301100899
8879,0.16435092259861775
8880,0.24126053787335974
8881,0.3062983907372354
8882,0.36451186903739097
8883,-0.7339743488077363
8884,-0.4464142483657737
8885,-0.2774761964760589
8886,-0.1277974160553342
8887,-0.010711959645103436
8888,0.10196110632114863
8889,0.1969664576485486
8890,0.2777766230219847
8891,0.35336889692286233
8892,0.4172283248866647
8893,0.47640215101542815
8894,-0.5954559023382023
8895,-0.31909293318345244
8896,-0.17572418327819558
8897,-0.023697977615754845
8898,0.10926744528596771
8899,0.22299949225651655
8900,0.31549157514391446
8901,0.3868436385853622
8902,0.47503697424218694
8903,0.5373199336950124
8904,0.5981345353835277
8905,-0.6078709159069123
8906,-0.3008185364420245
8907,-0.13820412843314375
8908,0.021844291059782
8909,0.16628402615466914
8910,0.27759168943690227
8911,0.3773553720120999
8912,0.46246054085801536
8913,0.5411556649142478
8914,0.605658930063922
8915,0.6678545860981443
8916,-0.5754550601464906
8917,-0.29120074997251566
8918,-0.10522235561724394
8919,0.0701318465666379
8920,0.20964826610403678
8921,0.32455785587231534
8922,0.428000339726053
8923,0.5120039745739812
8924,0.5913521200745702
8925,0.6561978404244736
8926,0.7180163303720687
8927,-0.5910658414545334
8928,-0.2877313702793671
8929,-0.07437032836663235
8930,0.10882512328023024
8931,0.2511665387736968
8932,0.3736421695379212
8933,0.4829611535320715
8934,0.5707465045986478
8935,0.6510180290959479
8936,0.7181662728283699
8937,0.7827670639697135
8938,-0.5454894356740284
8939,-0.26679012935836866
8940,-0.049639483509239274
8941,0.13822104588040035
8942,0.28421260882771904
8943,0.4083500740756182
8944,0.5152729427150038
8945,0.6065993059208689
8946,0.6873466560581373
8947,0.756321698276316
8948,0.8216352854304153
8949,-0.5772853606358067
8950,-0.26782447636016415
8951,-0.045864202105251745
8952,0.15143491006213722
8953,0.3099528443688677
8954,0.4425548671528974
8955,0.5484429770477189
8956,0.645982353650795
8957,0.7285886903254845
8958,0.8000867440375262
8959,0.866898484682408
8960,-0.5830555885927786
8961,-0.25855694989321965
8962,-0.034165187649038725
8963,0.16630419893214443
8964,0.33176080235952515
8965,0.46400043377141076
8966,0.5811151778637151
8967,0.6738999210483257
8968,0.7569435839639133
8969,0.8317712636885927
8970,0.9012820686475805
8971,-0.5855671009295346
8972,-0.2801247909273341
8973,-0.029338845305592748
8974,0.17804585094458927
8975,0.34303387587166956
8976,0.47693938352234233
8977,0.5937946876096003
8978,0.6945946476437225
8979,0.7813112324008276
8980,0.8572454953014336
8981,0.9256247980899058
8982,-0.6361264321376748
8983,-0.29951652272815754
8984,-0.03472891376171461
8985,0.1759258440922361
8986,0.345880349681039
8987,0.4883492282356986
8988,0.6068569101364856
8989,0.7099415998352118
8990,0.8014380538262841
8991,0.8760963289216156
8992,0.9468969279951215
8993,-0.734879031343127
8994,-0.319780933048054
8995,-0.057344234021862256
8996,0.16142703366278244
8997,0.3346577640002497
8998,0.4835135398348156
8999,0.607305239475738
9000,0.7156237783326018
9001,0.8072039203267136
9002,0.8875538811634988
9003,0.9616310797911115
9004,-0.771335587817696
9005,-0.36208537484038705
9006,-0.08293933229803557
9007,0.14452800364653134
9008,0.3293078438713346
9009,0.48288350995862894
9010,0.6117191896339508
9011,0.7239553118978478
9012,0.817917575782015
9013,0.9029566986571135
9014,0.9777257891425827
9015,-0.8578406557852419
9016,-0.42720939761403487
9017,-0.12787530309282893
9018,0.11434506270925685
9019,0.3192522898633474
9020,0.4756641794367462
9021,0.6109853289976823
9022,0.7248483443244006
9023,0.8220433423824619
9024,0.9094760850589575
9025,0.9885934051704807
9026,-0.42194647161716936
9027,-0.16094516103559411
9028,0.09370731592646668
9029,0.29667003182604845
9030,0.4623647399164381
9031,0.6037830142706696
9032,0.722250840738088
9033,0.8236898317058011
9034,0.9125853069406544
9035,0.9924212481189951
9036,-0.9921471559719949
9037,-0.39486683643368814
9038,-0.07036919583517229
9039,0.24885160510958856
9040,0.4282841200123524
9041,0.5742169560340784
9042,0.698878464302712
9043,0.8056031500953803
9044,0.9016407752554852
9045,0.9845150528820373
9046,-1.1689810249946044
9047,-0.46294206628474166
9048,-0.08968102890283952
9049,0.2289518009549538
9050,0.4135273169943465
9051,0.5657663854849054
9052,0.6937542231808715
9053,0.8045952628690402
9054,0.9013535632469519
9055,0.9869316760215903
9372,-0.5385570475796778
9373,-0.4827154494761978
9374,-0.35949655859297924
9375,-0.25775743984446975
9376,-0.24068037453104332
9377,-0.14834402311479422
9378,-0.04495915828455804
9379,0.02902649671060581
9380,0.10223769704204415
9381,0.16519087272211647
9382,0.2666610215188533
9383,-0.5385570475796778
9384,-0.4827154494761978
9385,-0.35949655859297924
9386,-0.25775743984446975
9387,-0.24068037453104332
9388,-0.14834402311479422
9389,-0.04495915828455804
9390,0.02902649671060581
9391,0.10223769704204415
9392,0.16519087272211647
9393,0.2666610215188533
9394,-0.5262791568941424
9395,-0.29623023009215543
9396,-0.16145054857865168
9397,-0.054833470339001406
9398,0.023449656691013093
9399,0.1033749799716003
9400,0.18369722579705824
9401,0.2541281652812414
9402,0.3274167324977989
9403,0.3929233041546082
9404,0.45718813292972016
9405,-0.45046768558349304
9406,-0.23605879096410085
9407,-0.10635333326840177
9408,0.016109186724980323
9409,0.10942803964607478
9410,0.19931318093061548
9411,0.278987219507035
9412,0.3520403930111844
9413,0.42508263457214135
9414,0.4904330602022341
9415,0.5562676401694339
9416,-0.30746400262492246
9417,-0.09447877983026085
9418,-0.003856337488386735
9419,0.11554346301450877
9420,0.22012142707246368
9421,0.3103288957585326
9422,0.3865933930439537
9423,0.46441232405266253
9424,0.5351501752385864
9425,0.5985344599885326
9426,0.6655684648807036
9427,-0.37440038775855744
9428,-0.10994368325705892
9429,0.008967950439753208
9430,0.14234632063721941
9431,0.27473282276897903
9432,0.3633011117998147
9433,0.4472502136387895
9434,0.5162863865203423
9435,0.5903459946744927
9436,0.6553809595176807
9437,0.7231279247436885
9438,-0.28236561627799206
9439,-0.06793551146884766
9440,0.05868491529314393
9441,0.19637221977085464
9442,0.3165342459650744
9443,0.40544713090486095
9444,0.48965970166746176
9445,0.5658210605070761
9446,0.6426398974891999
9447,0.7077095935132579
9448,0.7744526380463553
9449,-0.27403260335897706
9450,-0.07045544271723145
9451,0.08718594477065328
9452,0.24692851546863734
9453,0.3555581405342083
9454,0.45014418546141155
9455,0.5483501329547926
9456,0.6258057227428966
9457,0.6942238937721369
9458,0.7612935077839899
9459,0.8297128719977037
9460,-0.2953857295817257
9461,-0.06259997277242144
9462,0.11561621113611509
9463,0.2702445808859443
9464,0.3916125258134403
9465,0.49229417864713465
9466,0.581187336401796
9467,0.6695139433279086
9468,0.7482654353256653
9469,0.8162171178896039
9470,0.8859002612045949
9471,-0.23981642303149417
9472,-0.0395438823086087
9473,0.13356968078711726
9474,0.2999441337214966
9475,0.4202836933536571
9476,0.5215038740924542
9477,0.614401689163745
9478,0.6993267304684997
9479,0.7789527162009179
9480,0.8495515213035675
9481,0.9204259622584029
9482,-0.25550951823076296
9483,-0.03510413302443824
9484,0.14245321765468308
9485,0.30636684465247577
9486,0.4410839697739053
9487,0.5460254553658898
9488,0.6411113346332229
9489,0.7284076196063328
9490,0.8096514445056459
9491,0.8827481897824122
9492,0.9525069032539444
9493,-0.266963321254548
9494,-0.026793844738280698
9495,0.15286307104926847
9496,0.3225947644769216
9497,0.4590567303913975
9498,0.5659735562034461
9499,0.6666704027470504
9500,0.7583727185175199
9501,0.839787775602416
9502,0.912302626277683
9503,0.9846311552487778
9504,-0.26775252768361557
9505,-0.04158001362224448
9506,0.16025716637841578
9507,0.33396793247666856
9508,0.46776934718424357
9509,0.5775818321042712
9510,0.6786845091133661
9511,0.7713645234559402
9512,0.8561018479553109
9513,0.9316030173007606
9514,1.0030824105335114
9515,-0.30314861361720447
9516,-0.049018065923024795
9517,0.1620367564113612
9518,0.33599796082208777
9519,0.4737598643080665
9520,0.5883969828517188
9521,0.6904099499244013
9522,0.7871547600666696
9523,0.8738148162329502
9524,0.9493941596373082
9525,1.0228543188848203
9526,-0.3284658771779042
9527,-0.04957529808441771
9528,0.15072939641934993
9529,0.327336732543943
9530,0.47019292419660896
9531,0.5881281990278544
9532,0.6959761539929118
9533,0.7963278130054076
9534,0.8824289315048623
9535,0.9609060698597353
9536,1.0357474787588374
9537,-0.36246964663026193
9538,-0.0537973015083372
9539,0.14338690678948443
9540,0.3333044600601519
9541,0.4710785570204845
9542,0.5986437358304735
9543,0.7089368150700927
9544,0.811737443573728
9545,0.8972058321779982
9546,0.9810744513906354
9547,1.0563943192571832
9548,-0.43931578055418397
9549,-0.1211891573474014
9550,0.12039194844493309
9551,0.30683242205946293
9552,0.4640971474501868
9553,0.5886399639101463
9554,0.7032078170665008
9555,0.8073937238240702
9556,0.8976954664169406
9557,0.9795322034006231
9558,1.0576060519834614
9559,-0.49105944422341985
9560,-0.10915831298154086
9561,0.11156350000743273
9562,0.305258517469263
9563,0.46872528329026963
9564,0.5920690098353685
9565,0.7100295494637633
9566,0.8142841676929414
9567,0.904403652225273
9568,0.9874749896532737
9569,1.0684315086675311
9570,-0.7372022700213536
9571,-0.6306859977351451
9572,-0.48853571028416043
9573,-0.3835185360394643
9574,-0.3071729828658626
9575,-0.20844287086518984
9576,-0.08800982139431063
9577,0.01870850734469412
9578,0.08679093361198782
9579,0.14855986512284527
9580,0.245780594691214
9581,-0.6523285767405774
9582,-0.3822300782362704
9583,-0.22613167734435854
9584,-0.10148792545549165
9585,-0.009195937921282732
9586,0.08082705944522532
9587,0.16359243931369472
9588,0.23436202999184222
9589,0.30821876534025067
9590,0.3755434874877702
9591,0.44027542320860846
9592,-0.5622668668103147
9593,-0.31047380745811437
9594,-0.1604468520369466
9595,-0.01734892843124966
9596,0.09250639804923039
9597,0.19420623269442128
9598,0.27617221957216576
9599,0.34999339557067144
9600,0.4234583644472526
9601,0.49048808100887076
9602,0.5570644431397496
9603,-0.527555363834387
9604,-0.21692167237266727
9605,-0.07990975476037912
9606,0.06477727145906809
9607,0.1962420020320677
9608,0.2925444144702922
9609,0.37815567619114265
9610,0.455404553393562
9611,0.528920157206164
9612,0.5954279429628682
9613,0.6633011850833923
9614,-0.44668683390632136
9615,-0.1772618248571499
9616,-0.031378401998969935
9617,0.12328396889633902
9618,0.2482114856058821
9619,0.34951351121907714
9620,0.43001824395132315
9621,0.5057523834603938
9622,0.5821300125670038
9623,0.6486393020164042
9624,0.715849461339912
9625,-0.42335563795866804
9626,-0.17232032547584183
9627,-0.0020496525865842663
9628,0.1636290688641841
9629,0.28886175279877274
9630,0.3892114732054196
9631,0.480897943796479
9632,0.5564506454938747
9633,0.6327525163955836
9634,0.7008325145395049
9635,0.7689780173223945
9636,-0.435502734813516
9637,-0.16879038249588155
9638,0.023586154393442332
9639,0.19409528440055035
9640,0.3218944969724731
9641,0.4279328344622283
9642,0.5236316211637895
9643,0.6027994758901193
9644,0.6802831261056493
9645,0.7497265707452203
9646,0.8195286757904908
9647,-0.3891315065605726
9648,-0.14590886892176544
9649,0.050700718754015495
9650,0.22322570814552523
9651,0.3548520609517146
9652,0.46224815048405155
9653,0.5554303244035504
9654,0.6379456368222781
9655,0.7158302546715462
9656,0.786955953983996
9657,0.8573036287957909
9658,-0.43569161085754293
9659,-0.15005676310239094
9660,0.05118092194721102
9661,0.23710264658200841
9662,0.3788274001420655
9663,0.494601147396981
9664,0.5883650763724378
9665,0.6743602649866604
9666,0.7532652074882015
9667,0.8266562210069784
9668,0.8986068472854376
9669,-0.4048272315877276
9670,-0.13240637900277694
9671,0.06960625963114267
9672,0.2506379564469591
9673,0.4002937028797152
9674,0.5130854974375874
9675,0.6120304324965694
9676,0.698908598593789
9677,0.779713645885831
9678,0.8563642832986461
9679,0.9261459217648927
9680,-0.43862445926545435
9681,-0.1522128050874896
9682,0.07409027374651347
9683,0.2619360648216654
9684,0.40879623308736757
9685,0.5253292669653273
9686,0.6262789326368696
9687,0.718113082221317
9688,0.8015682322408036
9689,0.8784801761365757
9690,0.9507855492911421
9691,-0.4623323707290353
9692,-0.15826559149125805
9693,0.07622957166055216
9694,0.2653191927484033
9695,0.41530546873593766
9696,0.5377650043095883
9697,0.6406628366275083
9698,0.7329662934489333
9699,0.8179645023037468
9700,0.8956740240100541
9701,0.9697755259988156
9702,-0.46977144220964806
9703,-0.15959032489558964
9704,0.0656590675877248
9705,0.25801664390371615
9706,0.41499970594280766
9707,0.5402871753042567
9708,0.6490684201743387
9709,0.7452949690984291
9710,0.831695463544523
9711,0.9122126298514169
9712,0.9880279332561236
9713,-0.5822933862768128
9714,-0.18872566467361815
9715,0.05274075431218153
9716,0.2558075824214434
9717,0.4092393693515526
9718,0.5417842626863567
9719,0.6515651720457882
9720,0.7529518122293107
9721,0.8406900294998304
9722,0.9235535775265223
9723,1.0006422431302633
9724,-0.5974998588346697
9725,-0.22846941307484067
9726,0.03080748107122802
9727,0.23789448790119996
9728,0.40617720618709463
9729,0.5404006821764125
9730,0.6562008380224035
9731,0.7585179018224856
9732,0.8492012215060334
9733,0.9343744735373795
9734,1.013059443298004
9735,-0.6712964238650284
9736,-0.2607153200016714
9737,0.002229371984267009
9738,0.22063317811446026
9739,0.40317671038951375
9740,0.5391514748841467
9741,0.6587421166573885
9742,0.76220723399897
9743,0.8544237967468499
9744,0.9415407108837003
9745,1.0240472219526036
9746,-0.6561586352316507
9747,-0.24868082160688196
9748,-0.018268214856831527
9749,0.20553263027262128
9750,0.38670977207317836
9751,0.5295028192356499
9752,0.6536339881940624
9753,0.7607753760684253
9754,0.8568886276531237
9755,0.9457567518566975
9756,1.0293111855270507
9757,-0.08335218479512205
9758,0.16933310828628806
9759,0.35791358936788287
9760,0.5085373495780067
9761,0.6352322465547838
9762,0.7463023893167334
9763,0.8460069247924146
9764,0.9386719215192728
9765,1.0231132792885649
10032,-0.45824234268254527
10033,-0.32711209984248235
10034,-0.27276776765812916
10035,-0.2266576259167616
10036,-0.19910708122595236
10037,-0.15674893543390375
10038,-0.06116350757144828
10039,0.024603232534601047
10040,0.09614326209307551
10041,0.15659153434518905
10042,0.26511654849987776
10043,-0.42622019745176964
10044,-0.2266778591898014
10045,-0.10589375342065224
10046,-0.013365254430019319
10047,0.05134377940481458
10048,0.1220579859003594
10049,0.1982464795997387
10050,0.2646141920472238
10051,0.33281111304664485
10052,0.3945992153965938
10053,0.4621589279320505
10054,-0.36618992720960286
10055,-0.18847908497685115
10056,-0.06199999250473895
10057,0.031888831814731206
10058,0.1061757211827726
10059,0.18317204749553456
10060,0.2588655634704574
10061,0.3267850311713414
10062,0.39472762743194956
10063,0.4718154579209686
10064,0.5406359538493468
10065,-0.3178693837669805
10066,-0.13078342283183927
10067,-0.01785750374088388
10068,0.09994638793943272
10069,0.18848180436598028
10070,0.2748150024625453
10071,0.34972457449801164
10072,0.4199722114147314
10073,0.48754455605910474
10074,0.5489719129046244
10075,0.6190376800495182
10076,-0.23128673766257765
10077,-0.023513004256187214
10078,0.06695996198449053
10079,0.18315443303350723
10080,0.28684546176358483
10081,0.3690482048964876
10082,0.44463666119019685
10083,0.5183174465417066
10084,0.5849188981855893
10085,0.6451971089950139
10086,0.7163204106108031
10087,-0.20377657642160538
10088,-0.003028819581803649
10089,0.10483853406251234
10090,0.22842439695899686
10091,0.3388999090387489
10092,0.4191091732156811
10093,0.497833892332717
10094,0.5700056712432929
10095,0.6399439743002788
10096,0.700869831153407
10097,0.7717014810706982
10098,-0.16365922495443538
10099,0.010788275583906964
10100,0.14131919959625697
10101,0.2805252805167606
10102,0.3850748307879075
10103,0.4690286892875939
10104,0.5522202129795659
10105,0.6237166940781494
10106,0.6940502526873376
10107,0.7562945576263086
10108,0.8276925744027143
10109,-0.17316022835555975
10110,0.015638119837215886
10111,0.17073804166035603
10112,0.31636583582859756
10113,0.4224835723267749
10114,0.5120943037830212
10115,0.5994557931792788
10116,0.6743662554993094
10117,0.7457556074396782
10118,0.80948554838707
10119,0.8825906876615995
10120,-0.12343643005966651
10121,0.04079332336631533
10122,0.19974567362164394
10123,0.3471139656014133
10124,0.4562944222047747
10125,0.5465139766105293
10126,0.6307585366630476
10127,0.7087016008685796
10128,0.7804697419786438
10129,0.845825978307724
10130,0.9193169038828747
10131,-0.1679672111014446
10132,0.039342212700570284
10133,0.20243865795767582
10134,0.36227647238798855
10135,0.48099404259958534
10136,0.5787904246588493
10137,0.6628696674625626
10138,0.7440081379393378
10139,0.8167553792451904
10140,0.8843164719682207
10141,0.9591479399010886
10142,-0.13032479888445034
10143,0.06053760477028039
10144,0.22350002899850926
10145,0.3769199366783391
10146,0.5004114640032356
10147,0.5954247417109424
10148,0.6836636371626923
10149,0.7649738438584813
10150,0.8396311611194615
10151,0.9101992123939492
10152,0.9825669615614677
10153,-0.16088162159070937
10154,0.04528177245068446
10155,0.23143233618539533
10156,0.3908650385967243
10157,0.5118578242609434
10158,0.607994622049637
10159,0.6975799132060284
10160,0.7836489031350221
10161,0.8607583447772119
10162,0.9315139143746486
10163,1.0061314520788656
10164,-0.17912035803835888
10165,0.04413349860704577
10166,0.23768674065331383
10167,0.3970385342686219
10168,0.5196811474092958
10169,0.6206308819010112
10170,0.711441577802083
10171,0.7988936759020973
10172,0.8776320947049724
10173,0.9489797362227662
10174,1.0252873170387427
10175,-0.19628165281414675
10176,0.04631351995095792
10177,0.22951693827013858
10178,0.3912104998989755
10179,0.5185249199709263
10180,0.621935008235002
10181,0.718029026465408
10182,0.8082593227117376
10183,0.8876259890108901
10184,0.9610434633480831
10185,1.0395137990881944
10186,-0.29427414643420924
10187,0.024391337917560457
10188,0.22298894871310346
10189,0.39310294411996793
10190,0.5152937740772615
10191,0.6245080627899483
10192,0.720627160571274
10193,0.8150603337183461
10194,0.8951979552951789
10195,0.9709633891676329
10196,1.0496647815553808
10450,-0.23666277198469296
10451,-0.08515630592387932
10452,-0.0024593160658056
10453,0.06404970850251182
10454,0.11551376305088484
10455,0.17975148846680783
10456,0.2502539428129551
10457,0.3100197787814468
10458,0.3694090351736762
10459,0.4267372116571837
10460,0.49693432057684483
10461,-0.2012365314412485
10462,-0.04750509476243922
10463,0.03213938191543217
10464,0.10861303311751033
10465,0.16944133190080493
10466,0.2397876552631624
10467,0.30975173540213474
10468,0.3709905793395465
10469,0.43010126637745694
10470,0.48729471801496926
10471,0.5585140785979023
10472,-0.14175406834788992
10473,-6.356246785216291e-06
10474,0.0757665774114005
10475,0.1646016870631324
10476,0.23703352691544294
10477,0.3149319199278685
10478,0.38416891503776496
10479,0.44721812502433234
10480,0.5059482928015638
10481,0.5629371490576921
10482,0.6354312675683224
10483,-0.042360767573404984
10484,0.11288204997470266
10485,0.1590379615190374
10486,0.24206143136126804
10487,0.3229905709450489
10488,0.39689353205776134
10489,0.46455118779535853
10490,0.5308021626611772
10491,0.5876949518376913
10492,0.643001566919958
10493,0.7162869566202542
10494,-0.06790654459025722
10495,0.1134727988006641
10496,0.18338478070224143
10497,0.2762269287039462
10498,0.3701576331938148
10499,0.4410992073618907
10500,0.5141302423643516
10501,0.5789917579166051
10502,0.6391854789069821
10503,0.6956047847230609
10504,0.7691052971646445
10505,-0.008909513679813491
10506,0.1401452451892313
10507,0.21966202571391227
10508,0.3185222864745112
10509,0.40898204663006477
10510,0.48065593510585536
10511,0.5543999253907769
10512,0.6178498423644182
10513,0.6792927985002993
10514,0.7358600018891724
10515,0.808937017908979
10516,-0.0003595556661197541
10517,0.14012557201996703
10518,0.24460021537128215
10519,0.3612924042653701
10520,0.4459304744589754
10521,0.522500610203618
10522,0.6020697809378216
10523,0.6652887538746076
10524,0.7254065047999557
10525,0.783507032745229
10526,0.8583272101032787
10527,-0.012772248234893396
10528,0.14771793392242918
10529,0.2685972794343181
10530,0.3834818989690658
10531,0.4726207276191843
10532,0.5525537377432206
10533,0.6376613649232193
10534,0.6999376539179056
10535,0.7612700828220439
10536,0.8198515997001787
10537,0.8958800840371065
10538,0.04075282971413188
10539,0.17336028404359885
10540,0.295206328325541
10541,0.4099291830847722
10542,0.5015104192999273
10543,0.58073019712051
10544,0.6574965709163557
10545,0.726058329035781
10546,0.7867204486254046
10547,0.8463873073707476
10548,0.9226809749480772
10549,0.0350287152913126
10550,0.18027748676494484
10551,0.30303813552172876
10552,0.4315766865298234
10553,0.5230252719255825
10554,0.6045682232895377
10555,0.6828822156841255
10556,0.751867174451328
10557,0.8135529059290121
10558,0.8745387943917488
10559,0.9527219658467236
10560,0.04008930462403529
10561,0.19205854187095753
10562,0.3166147333467223
10563,0.44044492626188614
10564,0.5431513901792151
10565,0.6268737412316655
10566,0.7043995940998568
10567,0.7720570269011795
10568,0.8342656974893431
10569,0.8988218349717697
10570,0.9736054896308143
10571,0.02768473002179564
10572,0.2033466893496453
10573,0.3303189193333006
10574,0.45488307129334593
10575,0.5619436781562742
10576,0.6454096941110733
10577,0.7261906518100403
10578,0.7948549953560387
10579,0.8590966566997223
10580,0.9207671555833928
10581,0.9969434573203867
10582,0.02022995896351723
10583,0.19112105532056636
10584,0.3424379391674579
10585,0.4716290724633151
10586,0.573038610691365
10587,0.6559716096087124
10588,0.7365498191736786
10589,0.8106564213807873
10590,0.8742235726361319
10591,0.9383704183570827
10592,1.0170024822863653
10593,-0.7818980456997908
10594,-0.5379285320225557
10595,-0.3875244711658338
10596,-0.3689225266209889
10597,-0.3149153406635422
10598,-0.23275981900354012
10599,-0.13433200292109687
10600,-0.01944190410591276
10601,0.05406753740600999
10602,0.12936985182597618
10603,0.22552841114414368
10604,-0.7316280693701755
10605,-0.4420236691658205
10606,-0.2751746082803943
10607,-0.14447317018408692
10608,-0.046662854774742274
10609,0.04975908759932203
10610,0.13838169531381173
10611,0.21163645669399078
10612,0.2850537103948787
10613,0.349677583448352
10614,0.4105255945070009
10615,-0.6516479254568535
10616,-0.3705287334210636
10617,-0.2170380546486598
10618,-0.07034956249808397
10619,0.04253982590890673
10620,0.14896935608057368
10621,0.23642004218133092
10622,0.31181557208000976
10623,0.38416155490098247
10624,0.4478350403086878
10625,0.5096190366972481
10626,-0.6000678543894958
10627,-0.27237918045923304
10628,-0.12579941704854344
10629,0.0247043722273754
10630,0.15852195558733193
10631,0.2702265024149325
10632,0.3615794080943212
10633,0.4409233632336861
10634,0.5127754147859516
10635,0.575042903448125
10636,0.6262033952789788
10637,-0.5156713533161658
10638,-0.23190455484185732
10639,-0.07466680866556571
10640,0.0806433152171881
10641,0.21785407171325266
10642,0.32087794139265263
10643,0.4129982310803575
10644,0.48631641799471725
10645,0.5618716997480283
10646,0.6314824021079706
10647,0.6957185377938705
10648,-0.5014583845001849
10649,-0.23121432660860206
10650,-0.04729168560429928
10651,0.1264031636884673
10652,0.25798739954915084
10653,0.3660256482364366
10654,0.4633442112867945
10655,0.5413984841660757
10656,0.6170270572333603
10657,0.6819979421838847
10658,0.7465298568163302
10659,-0.5168560461800912
10660,-0.227340437741508
10661,-0.021881224928534865
10662,0.15575043620202964
10663,0.29086133049754176
10664,0.40827846005609125
10665,0.5064793007305244
10666,0.5880662170066489
10667,0.664731949966047
10668,0.7314576558903402
10669,0.7982850546344729
10670,-0.4706308795099233
10671,-0.2053933449259416
10672,0.0039852723408583535
10673,0.18496000452899314
10674,0.32385262581875607
10675,0.43930581610058006
10676,0.5383984601206393
10677,0.6234901861462089
10678,0.7006041631536257
10679,0.7690538768475047
10680,0.8364000004477253
10681,-0.5092060766241645
10682,-0.20768968461308676
10683,0.0064401750012159364
10684,0.19892655548445526
10685,0.349301160967051
10686,0.4734713255739442
10687,0.5736413655075434
10688,0.6621893915713336
10689,0.7399159607894777
10690,0.810372424440201
10691,0.8794537718090857
10692,-0.4995526848162588
10693,-0.19389258541155094
10694,0.02160138418319288
10695,0.2140138001320271
10696,0.37087155008169437
10697,0.4939113947035947
10698,0.5992579107621593
10699,0.6886349262305643
10700,0.7682300644690648
10701,0.8423631491739573
10702,0.9096032981511678
10703,-0.5147992960242042
10704,-0.21494877954700883
10705,0.02645708160387203
10706,0.22511977908107597
10707,0.3811175096179058
10708,0.504898268203207
10709,0.6136641193663533
10710,0.7078542594928005
10711,0.7905501246369847
10712,0.8653567450514195
10713,0.9354991311832878
10714,-0.5545710570870215
10715,-0.22829849107622255
10716,0.0251146440307371
10717,0.22670588523345606
10718,0.3866023444318032
10719,0.5185400004393661
10720,0.6278698703960344
10721,0.723855141131483
10722,0.8087419032775652
10723,0.8843861306392186
10724,0.9566795488663508
10725,-0.612441459689497
10726,-0.23988346753513876
10727,0.007231773591687224
10728,0.21461165233380744
10729,0.37979007749189386
10730,0.5166306621014314
10731,0.6318797761008986
10732,0.731653426686404
10733,0.8184327483075086
10734,0.8980018997513968
10735,0.9723352620912159
10736,-0.6472939013957139
10737,-0.25472325672505314
10738,-0.006676461363135711
10739,0.21172814733723688
10740,0.37879977281234356
10741,0.5229765077031319
10742,0.642038678518029
10743,0.746172920502057
10744,0.8346113129663536
10745,0.917852632087637
10746,0.9923820184603186
10747,-0.7528354409412797
10748,-0.29605047065427625
10749,-0.03120223740352826
10750,0.1887587728574457
10751,0.3728773752027529
10752,0.51526997441009
10753,0.6383476884104224
10754,0.7437328172174016
10755,0.8348154781327553
10756,0.9189001489995665
10757,0.9966632284268884
10758,-0.7646181677569727
10759,-0.36756196180036615
10760,-0.084149116561585
10761,0.15525232778274062
10762,0.3518090390866232
10763,0.5029965570941547
10764,0.6319081818689534
10765,0.7399386723308756
10766,0.8347994929201795
10767,0.9216524438196146
10768,1.0034345918869936
10769,-0.7511555730046308
10770,-0.43393642926524223
10771,-0.14015835068040614
10772,0.1211328385279457
10773,0.32204110994403845
10774,0.4817060045440009
10775,0.6158360146185217
10776,0.7296082583325768
10777,0.8300967107348499
10778,0.9205637788351654
10779,1.0030664211818932
10780,-0.8889340575592918
10781,-0.332881126777385
10782,-0.014326948721425176
10783,0.2981107247152869
10784,0.46513908357364675
10785,0.604235248989828
10786,0.7213720098473991
10787,0.8233184876704757
10788,0.9179615122640782
10789,1.002410668563575
11916,0.8961257646718637
11917,0.9878248725903844
11918,1.0444531082995194
11919,0.9234985308242987
11920,1.0575321855293223
11921,1.1740454106954676
11922,0.9125581718950712
11923,1.0498135510261566
11924,1.1688816120209715
11925,0.9182432515487491
11926,1.06118693945956
11927,1.1841602652498362
11928,0.8680199379312437
11929,1.02132074223982
11930,1.1737945575617388
