id,log_k
0,1.2252295017242432
1,1.1605969667434692
2,1.0997225046157837
3,1.0238564014434814
4,0.9345991015434265
5,0.8444571495056152
6,0.7386859655380249
7,0.6150277853012085
8,0.47488468885421753
9,0.3156057298183441
10,0.12888947129249573
11,-0.10189332813024521
12,0.8968289494514465
13,0.8281842470169067
14,0.75709468126297
15,0.6762703061103821
16,0.5771838426589966
17,0.4771748185157776
18,0.35574302077293396
19,0.22289255261421204
20,0.06774649769067764
21,-0.10335507243871689
22,-0.3202590346336365
404,-0.38495430068442277
405,-0.3762844012869015
406,-0.3862890909508383
407,-0.4202368192723363
408,-0.4793702854608345
409,-0.5656131187395225
410,-0.6914904447311396
411,-0.8839559804461298
412,-1.1339673995241175
413,-1.1328678131103516
414,-1.3242418766021729
415,-1.414771318435669
416,-1.4560062885284424
417,-1.4618781805038452
418,0.6461328412346194
419,0.6977741034584188
420,0.7289128364313383
421,0.7495201714042199
422,0.760161664732443
423,0.7571550547561521
424,0.7407202546589228
425,0.7015069672001564
426,0.6396146812201207
427,0.5301008052840985
428,0.3984485409591823
429,0.2644453075464182
430,0.12906143905396042
431,0.005551648326218128
432,0.043930937848493334
433,0.07944665083656205
434,0.08056447603684325
435,0.05779486308593207
436,0.015820898722347376
437,-0.06260501675937125
438,-0.18635914192038094
439,-0.40406793010166664
440,-0.2155008763074875
441,-0.2854038178920746
442,-0.34309545159339905
443,-0.3723528981208801
444,-0.41580209136009216
445,-0.5009270906448364
446,0.49015265703201294
447,0.8477542127206774
448,0.8965669960786544
449,0.9290766916704272
450,0.9489232109206631
451,0.9517078101667178
452,0.9301421411782391
453,0.8736399987649917
454,0.7833362823934535
455,0.6545792009450598
456,0.5036120715113797
457,0.38681993210999094
458,0.2753885278625478
459,0.16038083716101256
460,-0.09468374401330948
461,-0.045389603823423386
462,-0.022838830947875977
463,-0.018131112679839134
464,-0.02555079385638237
465,-0.0402645580470562
466,-0.0633666068315506
467,-0.09318070113658905
468,-0.12884488701820374
469,-0.1716620922088623
470,-0.22189798951148987
471,-0.27777010202407837
472,-0.3389698565006256
473,-0.39588913321495056
474,-0.4504169523715973
475,-0.5047659277915955
476,0.5881957879546476
477,0.23765174634379369
478,0.640843396379941
479,0.570875568874988
480,0.6755479598580865
481,0.6333411984048158
482,0.47181074673310075
483,0.4026112143417498
484,0.500038430755805
485,0.3662886822188953
486,0.020824103194581778
487,-0.590508825374413
488,-1.3520446670494681
489,0.31644843312470405
490,0.31197355357882534
491,0.2595825639728738
492,-0.23287853598594666
493,-0.18563151359558105
494,-0.16659101843833923
495,-0.16658863425254822
496,-0.179874986410141
497,-0.19812388718128204
498,-0.22220763564109802
499,-0.24965596199035645
500,-0.28172022104263306
501,-0.3147340416908264
502,-0.3535188138484955
503,-0.39351993799209595
504,-0.4356776177883148
505,-0.4770747721195221
506,-0.5317649245262146
507,-0.6083970665931702
508,0.6830464601516724
509,0.5649601447004786
510,0.3920841631633118
511,0.5414085515295795
512,0.5617983958955531
513,0.44683759627902053
514,0.2639241036735834
515,0.3172575412768781
516,0.40729838835937954
517,0.2825046201919966
518,-0.027504808684335413
519,-0.6389481575669326
520,-1.396537391705071
521,0.31458072079280525
522,0.25026828122156547
523,0.19707052496329022
524,-0.3179885745048523
525,-0.12782120891008913
526,-0.11750685165117558
527,-0.13079187484271437
528,-0.17043295857525953
529,-0.24230105484462539
530,-0.3565162059793383
531,-0.5556996240697964
532,-0.37184157967567444
533,-0.4914962649345398
534,-0.5762625336647034
535,-0.6010212898254395
536,-0.6174527406692505
537,-0.6551679372787476
538,0.6855325229219489
539,0.7632644291854164
540,0.7945126147893551
541,0.8147422662014914
542,0.8241185962092992
543,0.8180829828434859
544,0.7953333507258482
545,0.7432469676130997
546,0.6571522385605056
547,0.5451791221125837
548,0.4195488178951038
549,0.3120082279076676
550,0.213967968178978
551,0.10166138614393415
552,-0.46609950065612793
553,0.04473884781478321
554,0.06697742784635974
555,0.08199242507057897
556,0.07004071189796401
557,0.04145474817252198
558,-0.006974678515756283
559,-0.08956834526856827
560,-0.20285858482906372
561,-0.35604823088831583
562,-0.6216425059579347
563,-0.2431296855211258
564,-0.28755664825439453
565,-0.3232504427433014
566,-0.3633808195590973
567,-0.3923189043998718
568,0.4105331301689148
569,0.7710232755817155
570,0.8294924885409818
571,0.8882570902651623
572,0.9217789428838509
573,0.9421545050704447
574,0.9531358505425956
575,0.94767175952739
576,0.9241678999931576
577,0.8800227787103874
578,0.8062770488204373
579,0.7269136006992084
580,0.6437815949333168
581,0.5637188810345684
582,0.4241734607973359
583,0.21961900905231113
584,-0.25421963763653294
585,-0.23609591685478504
586,-0.24461798066850332
587,-0.27693731954214196
588,-0.32671211546340906
589,-0.4118302400603846
590,-0.538300746255141
591,-0.7341390016509035
592,-0.6660854816436768
593,-0.842812716960907
594,-0.9658991098403931
595,-1.0008503198623657
596,-0.9956566095352173
597,0.670195373298107
598,0.7323796277865143
599,0.7622956106324699
600,0.7818360248283946
601,0.7924308262434007
602,0.7900923545291563
603,0.7752287496920494
604,0.7327701378614753
605,0.6588167834500394
606,0.5558625128565164
607,0.4230705211239255
608,0.2949082345841825
609,0.17214335590683433
610,0.05822992622058396
611,-0.5970168113708496
612,-0.5798121690750122
613,-0.5798876285552979
614,-0.5967078804969788
615,-0.6264782547950745
616,-0.6667150259017944
617,-0.7160760164260864
618,-0.7742317318916321
619,-0.840837836265564
620,-0.9218137860298157
621,-1.0139496326446533
622,-1.0835288763046265
623,-1.1377347707748413
624,-1.1697485446929932
625,-1.2124099731445312
626,-1.2744042873382568
627,0.4962808054734986
628,0.427658760087704
629,0.44773225037056275
630,0.4823490963174451
631,0.5186914293322682
632,0.42178959945581057
633,0.30002082879839687
634,0.26977454233568643
635,0.3647945987353703
636,0.2772947364238689
637,-0.09325814482044326
638,-0.38038640623330283
639,-0.8520973257072406
640,0.25506229559856297
641,0.1670288885813983
642,0.09120812399953249
841,0.7313402918226717
842,0.8037127694402141
843,0.8727344110571694
844,0.9394569392085911
845,1.0046866356409514
846,1.0619908202481252
847,1.0892265981335032
848,1.1003142073216168
849,1.097431098805528
850,1.0844175277163712
851,1.060483174810189
852,1.028400566852163
853,0.9866520824321693
854,0.9310918701343287
855,0.5909882198795706
856,0.6729043896531828
857,0.7575927897112267
858,0.8324667707876325
859,0.9105451211218074
860,0.9745077969329258
861,1.0094205464429944
862,1.0263806177756991
863,1.0267830714254225
864,1.0162577793153877
865,0.9952477910436334
866,0.9654088105059373
867,0.9246429793421787
868,0.8695607653027639
869,0.42315595924104493
870,0.5183646979772714
871,0.6192267204121211
872,0.7091446992060377
873,0.8018357320721334
874,0.8762804100814836
875,0.9194365590990461
876,0.941186807557824
877,0.9464354556331442
878,0.9393458219369281
879,0.9217002491302546
880,0.8933458771351752
881,0.856189313327167
882,0.8015770583295222
883,0.22383448187196034
884,0.33623257784551913
885,0.4533588955279304
886,0.5636386548684132
887,0.6756360188091262
888,0.7642679560043666
889,0.8141967531417291
890,0.8451467293954298
891,0.8555266776234807
892,0.8532268172343658
893,0.8375589305844039
894,0.8129634242185022
895,0.7781737179736504
896,0.7258460291910449
897,-0.012482158040867442
898,0.11970112701359921
899,0.25703966094978165
900,0.3932122962310486
901,0.5244104012612496
902,0.6330142069422459
903,0.6962502888620168
904,0.7350908752761987
905,0.7515011496743325
906,0.7545101751445797
907,0.743549806266814
908,0.7221578292073686
909,0.6898362846736165
910,0.6390717669280515
911,-0.3079347877287104
912,-0.1474818909498696
913,0.023219891507621077
914,0.18881303694873994
915,0.3408352001762554
916,0.47482873851163365
917,0.5520338557490584
918,0.6044055899761294
919,0.6292293873450081
920,0.637405779700807
921,0.6332837838115544
922,0.6170959589615908
923,0.5863212118992309
924,0.5397341282763135
925,-0.6834616392691837
926,-0.4825760704266061
927,-0.2736578099456054
928,-0.06695678516282179
929,0.1198673536102316
930,0.2794998746481393
931,0.38113602178700234
932,0.44660197619445713
933,0.48363705653768657
934,0.5004174088088102
935,0.5017039303170002
936,0.491368900065532
937,0.4653286219537114
938,0.42192562289504976
939,-1.1693354911461613
940,-0.9131890909676725
941,-0.6520758122954629
942,-0.3891674076623375
943,-0.15493462817701842
944,0.04146009815338753
945,0.1658775755766715
946,0.25173522551085803
947,0.30375825300532633
948,0.33263744597402317
949,0.34342619253906126
950,0.3391504829705467
951,0.3194111991392832
952,0.28212507355525407
953,-1.7968620680842347
954,-1.47177155505591
955,-1.1286546067994916
956,-0.799065672857212
957,-0.5011724075722619
958,-0.2666936601961717
959,-0.10302064199130137
960,0.014090019882917762
961,0.08357046639480997
962,0.12535729881524554
963,0.14910041707465718
964,0.15577903504421853
965,0.14011182786842435
966,0.10965117873959113
967,-1.0813125371932983
968,-1.0711954832077026
969,-1.7374886037810635
970,-1.318678783852331
971,-0.9342644371678376
972,-0.6492392769561541
973,-0.42344996109576577
974,-0.28322173819166835
975,-0.18714151329574422
976,-0.1292246064729485
977,-0.09225278258705855
978,-0.07515766296191378
979,-0.07457981883553907
980,-0.10377215865058842
981,-1.4373136758804321
982,-1.4324028491973877
983,-1.3918005228042603
984,-1.3024924993515015
985,-1.1157859563827515
986,-1.1078401713992396
987,-0.9648946420468851
988,-0.6895907184901582
989,-0.5555306118097072
990,-0.4541809759622025
991,-0.4057104819565107
992,-0.3743087942357939
993,-0.34988570031139754
994,-0.3589731530884481
995,-1.878170371055603
996,-1.8796827793121338
997,-1.8431193828582764
998,-1.7504465579986572
999,-1.5465145111083984
1000,-1.7311640921866132
1001,-1.3993668071748318
1002,-1.153311772313593
1003,-0.9876256181898331
1004,-0.8699712931033339
1005,-0.7891254681953406
1006,-0.7332018026562009
1007,-0.7056564782741631
1008,-0.7009913413810074
1009,-2.0
1010,-2.0
1011,-2.0
1012,-1.7791515588760376
1013,-1.531691074371338
1014,-1.8285977949787104
1015,-1.6081508640376463
1016,-1.446772038897966
1017,-1.3277637485879463
1018,-1.2417673016833677
1019,-1.190918557550048
1020,-1.1641437087518036
1041,0.5712358355522156
1042,0.7979812840821928
1043,0.8653053265617686
1044,0.9298757467511224
1045,1.0010287844858476
1046,1.066012882149483
1047,1.1014948093176145
1048,1.1131836816739502
1049,1.1081458844528442
1050,1.0921737310020996
1051,1.0665914636899538
1052,1.0325297028009954
1053,0.9857779254491974
1054,0.924517694359087
1055,0.4821670651435852
1056,0.6634372077251528
1057,0.7456839957179376
1058,0.8197818102882064
1059,0.9040510571417358
1060,0.9759900253427782
1061,1.0197724118801266
1062,1.0374354262935834
1063,1.035732615031137
1064,1.0224578907070168
1065,0.9998278018630684
1066,0.9679102028377935
1067,0.9222376402108882
1068,0.8616795600698142
1069,0.38211509585380554
1070,0.507063249568805
1071,0.6053340484872762
1072,0.6952248129738795
1073,0.7958186053396472
1074,0.8764523048912181
1075,0.9302484643837357
1076,0.9526620353772428
1077,0.9558758065836488
1078,0.9463247413937685
1079,0.9266170632050517
1080,0.8967373902160916
1081,0.8542352874368502
1082,0.7936860195915902
1083,0.2701287567615509
1084,0.3238629003196015
1085,0.4387528041916164
1086,0.5488760004036192
1087,0.6717393394802227
1088,0.7664704484728291
1089,0.8277048616818103
1090,0.8592517460552989
1091,0.8680392377391051
1092,0.8629370686241886
1093,0.8455134905669028
1094,0.8190823239048133
1095,0.779028070819111
1096,0.7198431076818956
1097,0.14393290877342224
1098,0.1072770360947789
1099,0.2425599072504141
1100,0.37775894123067244
1101,0.5237168700979722
1102,0.6395522602747561
1103,0.7144373490354864
1104,0.7538450496530171
1105,0.7690511362873623
1106,0.7692971771556183
1107,0.7561718836911706
1108,0.7328195213503534
1109,0.6950211439242286
1110,0.6383953199993414
1111,0.002176618669182062
1112,-0.15945498103189643
1113,0.00881099272003327
1114,0.17397022163849904
1115,0.3443501025519131
1116,0.4872520358624484
1117,0.5760320452994013
1118,0.6290701222323787
1119,0.652837816675176
1120,0.6586927757240589
1121,0.652187393451646
1122,0.6331437767562829
1123,0.597488068892662
1124,0.5442918306311298
1125,-0.16173842549324036
1126,-0.49514829934786997
1127,-0.2876488183467004
1128,-0.0821723665471809
1129,0.1268204027186225
1130,0.29998576807317284
1131,0.4112550205530469
1132,0.47775022845515613
1133,0.5144107640851725
1134,0.5286905578693335
1135,0.5277032320598494
1136,0.5142801556531843
1137,0.483040827491064
1138,0.43310833994693165
1139,-0.34930285811424255
1140,-0.9294283791588449
1141,-0.6690061494384489
1142,-0.40881878453055726
1143,-0.14680924652903155
1144,0.06725230467451954
1145,0.20166771836259795
1146,0.2889515457701746
1147,0.3417002200057518
1148,0.3684535281440907
1149,0.37630956887495925
1150,0.3690164563087295
1151,0.34395940494140387
1152,0.3006745872285077
1153,-0.5684431791305542
1154,-1.4934770939189692
1155,-1.1536781374295877
1156,-0.8258812234598184
1157,-0.4937502516831105
1158,-0.22549101159067608
1159,-0.061604320926957834
1160,0.05703525616705349
1161,0.12835886297543236
1162,0.16876148499024374
1163,0.18964528364946587
1164,0.1918411926592995
1165,0.17154722034256487
1166,0.13594249972589692
1167,-0.8250215649604797
1168,-0.8510831594467163
1169,-0.8526633977890015
1170,-1.353006164582705
1171,-0.92599546625744
1172,-0.592896168274873
1173,-0.37454413159912614
1174,-0.23270722735179866
1175,-0.13386192600627234
1176,-0.07678544072255417
1177,-0.04358197022907953
1178,-0.029665194323386795
1179,-0.036302637721505146
1180,-0.07071391373941588
1181,-1.1731171607971191
1182,-1.1812524795532227
1183,-1.1383609771728516
1184,-0.976711094379425
1185,-1.0595807300354638
1186,-0.898948456486769
1187,-0.6215443391162663
1188,-0.481212166580123
1189,-0.38458466481121656
1190,-0.34055509269016165
1191,-0.31100967131813334
1192,-0.2946389510323323
1193,-0.3072802617526307
1194,-1.5686290264129639
1195,-1.584821105003357
1196,-1.5457851886749268
1197,-1.3740594387054443
1198,-1.1243839263916016
1199,-1.3008115428204412
1200,-1.0502584472508572
1201,-0.8780994908329482
1202,-0.7628544260997693
1203,-0.6878496151425413
1204,-0.6387470851359283
1205,-0.6183972743555769
1206,-0.6169731859951866
1207,-2.0
1208,-2.0
1209,-2.0
1210,-1.873758316040039
1211,-1.5926470756530762
1212,-1.3584554195404053
1213,-1.703896589122909
1214,-1.473919936317707
1215,-1.3139468004065706
1216,-1.201721813282109
1217,-1.1231301893938805
1218,-1.0787353583624935
1219,-1.0522119439866342
1239,0.7626323557268101
1240,0.825072404914262
1241,0.881670449829337
1242,0.9418067983252209
1243,1.006105678693531
1244,1.0664807296441172
1245,1.1081848175068885
1246,1.1236390510579082
1247,1.120298376434693
1248,1.1066286138528683
1249,1.0831985650421099
1250,1.054181219161085
1251,1.0129601639548231
1252,0.9410215004375897
1253,0.619388010261122
1254,0.6916062841350424
1255,0.7632782021553187
1256,0.8318295544827313
1257,0.9086929166952359
1258,0.9751704416365476
1259,1.0242039492557546
1260,1.0455954906290712
1261,1.0455938760645789
1262,1.034470852281355
1263,1.014222630180289
1264,0.9879630850592303
1265,0.9479924506161199
1266,0.8767561124161796
1267,0.4556784040687495
1268,0.5405461912256353
1269,0.627708140415574
1270,0.7120151820518048
1271,0.8039037309344981
1272,0.8788955281023485
1273,0.9353407406013403
1274,0.9609503145576365
1275,0.9658753236576465
1276,0.9581470654957981
1277,0.9418224024613366
1278,0.9161642648534443
1279,0.8808199585707637
1280,0.8102967235116669
1281,0.2635668633223867
1282,0.3639961923470486
1283,0.4666580439271354
1284,0.5721720540471019
1285,0.6853291839498706
1286,0.772582916162573
1287,0.8351904690009145
1288,0.8699334240566234
1289,0.8797429711829898
1290,0.877248357084847
1291,0.8621618129339434
1292,0.8402489903627398
1293,0.8073449005643462
1294,0.7399845190785304
1295,0.03557716570447447
1296,0.15444867981194968
1297,0.2767434586988431
1298,0.40867637059179457
1299,0.5439109294806971
1300,0.6512519982242138
1301,0.7271630777965646
1302,0.769330255810001
1303,0.7847491140735867
1304,0.7871603517417873
1305,0.7763087972474723
1306,0.7569531880650332
1307,0.7267905369726251
1308,0.6616477964654334
1309,-0.2491735292919945
1310,-0.10268574435416494
1311,0.05231551541238682
1312,0.21471899326813376
1313,0.3732805720745397
1314,0.5068872165179321
1315,0.5959889072825992
1316,0.6516139848900225
1317,0.6752063820731196
1318,0.6818085263189239
1319,0.6770285754164569
1320,0.6633026560072192
1321,0.6338212062757944
1322,0.5742039002352513
1323,-0.6116850043538749
1324,-0.4251187297094549
1325,-0.2326810892451343
1326,-0.028202649374783714
1327,0.16733715672416394
1328,0.3299163988734313
1329,0.44095248619713157
1330,0.5096177732968646
1331,0.5449466338252826
1332,0.5599554755117074
1333,0.5596329556499459
1334,0.5512909859213495
1335,0.5265315429239541
1336,0.47064552745391275
1337,-1.0826649767600223
1338,-0.8417869918502483
1339,-0.5998229707177963
1340,-0.33988241810053066
1341,-0.09503851491399287
1342,0.10634472237473902
1343,0.2409279644294573
1344,0.33076797975872124
1345,0.3812391472626783
1346,0.408056439212952
1347,0.4168302550681988
1348,0.41282616723827426
1349,0.39420887959598594
1350,0.3443885301222527
1351,-1.6929806028319105
1352,-1.3845909378072891
1353,-1.0658311825549884
1354,-0.741792942899234
1355,-0.4323349481693245
1356,-0.17984236129775683
1357,-0.015590662357546525
1358,0.10823393321532504
1359,0.17756444945392974
1360,0.2174784471616772
1361,0.23784748325116456
1362,0.2448523485111156
1363,0.2279756227976436
1364,0.18526564145740962
1365,-0.6642484664916992
1366,-0.6770697236061096
1367,-0.6752535700798035
1368,-1.2489874037081168
1369,-0.8516030867835668
1370,-0.5377325831024118
1371,-0.31979409878561793
1372,-0.1711603601129532
1373,-0.07335996362921879
1374,-0.016675346128249224
1375,0.01686018043814072
1376,0.03011825667438997
1377,0.030640487209838307
1378,-0.010980306960484298
1379,-0.9565990567207336
1380,-0.9750515818595886
1381,-0.9806692004203796
1382,-0.9468921422958374
1383,-0.8233541250228882
1384,-0.9826257976413726
1385,-0.8182528486648555
1386,-0.5430781727008903
1387,-0.4085032684582389
1388,-0.3044221069183504
1389,-0.2605076027711545
1390,-0.23847403793700234
1391,-0.21347890294857935
1392,-0.23173072441353848
1393,-1.3131599426269531
1394,-1.3382900953292847
1395,-1.3531453609466553
1396,-1.3268531560897827
1397,-1.199841022491455
1398,-1.010577917098999
1399,-1.198485089559069
1400,-0.9442457216182298
1401,-0.7771582821612342
1402,-0.6591900453417704
1403,-0.5836821710680861
1404,-0.5329005551321716
1405,-0.50564150334849
1406,-0.5081376662382641
1407,-1.7910168170928955
1408,-1.8176511526107788
1409,-1.801358938217163
1410,-1.6703990697860718
1411,-1.4608352184295654
1412,-1.267765998840332
1413,-1.5937195538054256
1414,-1.3714282773293656
1415,-1.2086437830514452
1416,-1.0939438665625905
1417,-1.0120239553976176
1418,-0.9577968127598269
1419,-0.9296856159821625
1442,0.7608694434165955
1443,0.8446540223792874
1444,0.888522295223835
1445,0.9371396419906475
1446,0.9933316864712771
1447,1.0501986927139029
1448,1.1018934691210194
1449,1.1257715138030422
1450,1.1268509633748987
1451,1.1160716442322056
1452,1.094611026245778
1453,1.0680810813001487
1454,1.03156944066433
1455,0.9634003717760496
1456,0.6785692572593689
1457,0.711212734378595
1458,0.7694904305827536
1459,0.8269893198279947
1460,0.8951524825062341
1461,0.9586723408978377
1462,1.0168270321151032
1463,1.0469113852319216
1464,1.0519335300513097
1465,1.0437073901874154
1466,1.0255329533522786
1467,1.0016039862967667
1468,0.9665496784754137
1469,0.8993579790649966
1470,0.5864197015762329
1471,0.5621036107227173
1472,0.6351751244875623
1473,0.7075691479713027
1474,0.7913601256309798
1475,0.8634839693664378
1476,0.9284065135263975
1477,0.9630681693835632
1478,0.9732323291796168
1479,0.968535062775354
1480,0.9545521408528121
1481,0.9316435757411086
1482,0.8997957965067234
1483,0.8345162313348643
1484,0.4836532473564148
1485,0.3864560120306194
1486,0.4751957241378562
1487,0.5671416799731996
1488,0.6724646894347907
1489,0.7580858155258253
1490,0.8292462914196453
1491,0.8727199114332667
1492,0.8883995844472781
1493,0.889128671620599
1494,0.8765816879162129
1495,0.8566432435178108
1496,0.8273669210240416
1497,0.7654946756450188
1498,0.3683214485645294
1499,0.17675983024568637
1500,0.2854669118880995
1501,0.40218035572270855
1502,0.5297755628336548
1503,0.6357986596701337
1504,0.7212560546997626
1505,0.7728188652194905
1506,0.7944970730724256
1507,0.7998915302037835
1508,0.790871573914375
1509,0.773300860972113
1510,0.7467445871688376
1511,0.6875323978424612
1512,0.23936708271503448
1513,-0.08039883352569427
1514,0.06084352173434065
1515,0.2076873120424178
1516,0.359590098487014
1517,0.4906909626609665
1518,0.5922511627711247
1519,0.65696192083745
1520,0.6871797173935097
1521,0.6960005853184292
1522,0.6924732219263803
1523,0.6796854113414732
1524,0.6546339764606874
1525,0.6000427967462507
1526,0.09104354679584503
1527,-0.4022416373702874
1528,-0.22272083901220646
1529,-0.03451145983300749
1530,0.15572904437803486
1531,0.3164472182452506
1532,0.4415621851461212
1533,0.5212343022956093
1534,0.5621405727235418
1535,0.5787025062059521
1536,0.5793993247299946
1537,0.5710970982452088
1538,0.5502073195162216
1539,0.4995371119804215
1540,-0.0776439681649208
1541,-0.8194623807780814
1542,-0.5880590989027611
1543,-0.34541226821904314
1544,-0.10475326912285082
1545,0.09586733114439244
1546,0.2492391151280035
1547,0.3511269193053009
1548,0.4074702315703381
1549,0.4348975739549486
1550,0.4441135015572857
1551,0.44008021832537747
1552,0.42403381280718144
1553,0.37865681338234497
1554,-0.2733316421508789
1555,-1.36622801594256
1556,-1.0551091622175475
1557,-0.7470572265892994
1558,-0.44238893666130263
1559,-0.1889428597357452
1560,-0.001458023253428975
1561,0.13810582245896003
1562,0.21565813843124618
1563,0.2561875599684236
1564,0.2759598996128746
1565,0.28174590482226575
1566,0.268762547319864
1567,0.22776794853391258
1568,-0.5005401968955994
1569,-0.48976626992225647
1570,-0.480396032333374
1571,-1.2565545305471022
1572,-0.8645496191424225
1573,-0.5454370653576673
1574,-0.3020973365187516
1575,-0.1285315615573276
1576,-0.023262511231993493
1577,0.03491537978428058
1578,0.0678727805069925
1579,0.0802249203465589
1580,0.08025161857227307
1581,0.04430021008807805
1582,-0.7766838073730469
1583,-0.7690969109535217
1584,-0.765658974647522
1585,-0.743587851524353
1586,-0.6584775447845459
1587,-0.9837597574098826
1588,-0.7599624465030639
1589,-0.5015049929351401
1590,-0.3424460759954383
1591,-0.23944294541638755
1592,-0.1912543076673625
1593,-0.1703952130440476
1594,-0.15119301696355592
1595,-0.16238224430586112
1596,-1.111797571182251
1597,-1.1078543663024902
1598,-1.1118676662445068
1599,-1.0976353883743286
1600,-1.0132486820220947
1601,-0.8737924695014954
1602,-1.145008251407485
1603,-0.8693828811438613
1604,-0.690962913557108
1605,-0.5728815022391845
1606,-0.49484340358520307
1607,-0.4450852003401554
1608,-0.4151295006331277
1609,-0.41201543376700955
1610,-1.5271427631378174
1611,-1.5273659229278564
1612,-1.5410102605819702
1613,-1.5374336242675781
1614,-1.4548652172088623
1615,-1.302833080291748
1616,-1.1361496448516846
1617,-1.0010623931884766
1618,-1.2838314147437246
1619,-1.1210924155246855
1620,-1.0034229063115656
1621,-0.9219965033110049
1622,-0.8636953371198222
1623,-0.8271643363665075
1646,0.8159375359328385
1647,0.8700136481667645
1648,0.902937760657989
1649,0.9452098294836532
1650,0.9985916580980649
1651,1.0575361334740871
1652,1.1116165059279715
1653,1.132420002336373
1654,1.131403020984405
1655,1.1178521279059361
1656,1.0932497866289035
1657,1.0597794308718202
1658,1.0151950704111088
1659,0.9567016363143921
1660,0.674540861642095
1661,0.7385411331760204
1662,0.786088160611818
1663,0.837481622466717
1664,0.9047332400173146
1665,0.9697112578006285
1666,1.03075341654008
1667,1.0574946361127937
1668,1.0601071556277506
1669,1.0495806941234314
1670,1.0281407393088944
1671,0.9969887387660024
1672,0.9531475316315996
1673,0.8893462419509888
1674,0.5129410813389512
1675,0.5905087149462267
1676,0.6537140402043156
1677,0.7206747178072894
1678,0.805994525198321
1679,0.8803113467026554
1680,0.9477472619087455
1681,0.979166737738877
1682,0.9872087717550303
1683,0.980521916851565
1684,0.9623817143240311
1685,0.9321386469786872
1686,0.8916936691963732
1687,0.8141173124313354
1688,0.3199453933012813
1689,0.4160393342503227
1690,0.4962160064537444
1691,0.583253258751932
1692,0.6911640770531028
1693,0.7808505715800212
1694,0.8540640185215205
1695,0.8946311122201555
1696,0.9078255709226957
1697,0.9054191802000486
1698,0.888245982723721
1699,0.8614500606743574
1700,0.8234799558012091
1701,0.7304544448852539
1702,0.09114039639529647
1703,0.20883412547340274
1704,0.30966064101084045
1705,0.42213830342412373
1706,0.5509890290679935
1707,0.6633807996679018
1708,0.7508266830116161
1709,0.7984816622274471
1710,0.8162962296951621
1711,0.8173821340530236
1712,0.8033468721554605
1713,0.7791234825255485
1714,0.7439637973687948
1715,0.6368544697761536
1716,-0.19054865108085417
1717,-0.043059872583388864
1718,0.09033784715645793
1719,0.23332290418848228
1720,0.3852852176003067
1721,0.5244035459001188
1722,0.6269469498643585
1723,0.6867080138091074
1724,0.7107583072523416
1725,0.7151158768543691
1726,0.7061829567771596
1727,0.6864669342464352
1728,0.652415049670219
1729,0.5325642228126526
1730,-0.5467959950860999
1731,-0.35631210168201893
1732,-0.18480897661719958
1733,0.0012502499243363108
1734,0.1915083992001963
1735,0.35968247405087717
1736,0.48665257564390235
1737,0.5582337949241016
1738,0.5920196666025586
1739,0.6032722821712698
1740,0.5978424638939125
1741,0.5823364457742195
1742,0.5517557560629458
1743,0.41308537125587463
1744,-1.0179484252552713
1745,-0.7664961601510927
1746,-0.5424834684845816
1747,-0.2991230531974208
1748,-0.05811375176909461
1749,0.15062937302807813
1750,0.30630270724312986
1751,0.4001794668386919
1752,0.4475522694788844
1753,0.4692194762404194
1754,0.4710748066720971
1755,0.458954058761187
1756,0.4320920450788558
1757,0.27781984210014343
1758,-1.6393368149411534
1759,-1.3114694721606404
1760,-1.005895817495988
1761,-0.6936017171930555
1762,-0.3855581029532573
1763,-0.12074795446602432
1764,0.07303350678736878
1765,0.2024139356192183
1766,0.26722222462205025
1767,0.30079073093204706
1768,0.3133532574679361
1769,0.31017242132907696
1770,0.2841740418926966
1771,0.12172456085681915
1772,-0.374342679977417
1773,-0.3354571759700775
1774,-0.31441250443458557
1775,-1.1957232045486412
1776,-0.7952830545786336
1777,-0.4614734664531668
1778,-0.20354847944440035
1779,-0.049190616812375854
1780,0.04122591298689998
1781,0.09007041702405971
1782,0.11464256149618374
1783,0.11982251070193373
1784,0.1091907621524838
1785,-0.058411501348018646
1786,-0.6390962600708008
1787,-0.6008747816085815
1788,-0.5838563442230225
1789,-0.5588940978050232
1790,-0.4797284007072449
1791,-0.8764080783898622
1792,-0.6712064734802508
1793,-0.3820185599689476
1794,-0.2570254676954291
1795,-0.16531700300275098
1796,-0.13042381375466028
1797,-0.11255860367751991
1798,-0.09907110935959429
1799,-0.2757551074028015
1800,-0.9594085812568665
1801,-0.9218462109565735
1802,-0.9100086092948914
1803,-0.8906068801879883
1804,-0.8089272379875183
1805,-0.6822100877761841
1806,-0.9815716147474614
1807,-0.7286729911200325
1808,-0.5778023285103313
1809,-0.4715833065978543
1810,-0.40457730727349017
1811,-0.35892039091289596
1812,-0.34029753428819
1813,-0.5371779203414917
1814,-1.3549362421035767
1815,-1.3179748058319092
1816,-1.313030481338501
1817,-1.3014119863510132
1818,-1.2173242568969727
1819,-1.0755611658096313
1820,-0.9296911954879761
1821,-1.339801368693905
1822,-1.1394208828259211
1823,-0.990842886575279
1824,-0.8860104474191732
1825,-0.8075946664335683
1826,-0.7613087971748707
1827,-0.8576515913009644
1853,0.8489363789558411
1854,0.8761481242289529
1855,0.9129016865509472
1856,0.9582305845822696
1857,1.0223905588954403
1858,1.0894504744664508
1859,1.1381248945254177
1860,1.158756472550408
1861,1.1565449393067364
1862,1.1404621849367422
1863,1.1135565713389122
1864,1.0757974990633117
1865,1.0217066091572027
1866,0.8568000793457031
1867,0.7719277143478394
1868,0.7401864695648488
1869,0.7927727982423689
1870,0.8486078039693076
1871,0.9300399056328662
1872,1.0038122263248672
1873,1.059598577441218
1874,1.0865353160683586
1875,1.088579056156764
1876,1.075782973471331
1877,1.051834291041306
1878,1.015908556527562
1879,0.9623181662781359
1880,0.790503978729248
1881,0.6858367919921875
1882,0.5871469182479584
1883,0.6582930275020844
1884,0.7308410918153023
1885,0.8349113531886311
1886,0.9203073867290594
1887,0.9820051374367563
1888,1.0141626052125352
1889,1.0220469397079315
1890,1.012702452910907
1891,0.9906397985437374
1892,0.9557757868211652
1893,0.9042688403502168
1894,0.71653813123703
1895,0.589993417263031
1896,0.40958788787411565
1897,0.5019029469478571
1898,0.5952367511983052
1899,0.7241188464910799
1900,0.8286751019205225
1901,0.8953613308003124
1902,0.9362894715550746
1903,0.9490250246699051
1904,0.941954521677314
1905,0.92042019606442
1906,0.8882085762832035
1907,0.8390264652533148
1908,0.6343782544136047
1909,0.4826394021511078
1910,0.20245357252176924
1911,0.31891700702830517
1912,0.4384466659319163
1913,0.5886943311113176
1914,0.7176983818440015
1915,0.7979145461420523
1916,0.8453435706450765
1917,0.8616743095622219
1918,0.8570095860274752
1919,0.8379892511423994
1920,0.8082510193976594
1921,0.7613617439940668
1922,0.5425825119018555
1923,0.36286506056785583
1924,-0.045846313277221856
1925,0.10587160647853919
1926,0.25612725502898437
1927,0.4295568288681811
1928,0.5846681467102522
1929,0.6794161570997546
1930,0.738647117478651
1931,0.7606881146605879
1932,0.759433655224701
1933,0.7452250047818383
1934,0.7184356706144315
1935,0.6729187740047629
1936,0.44045543670654297
1937,0.2254384458065033
1938,-0.3534350068851164
1939,-0.1612979728170439
1940,0.030046776609886125
1941,0.24201778840234
1942,0.42166196855349847
1943,0.542088766700364
1944,0.6146348196591064
1945,0.6482143238879535
1946,0.6537578499076051
1947,0.6429308680794716
1948,0.6192980453677763
1949,0.575361726564655
1950,0.3236522674560547
1951,0.06958160549402237
1952,-0.7677587054627661
1953,-0.5196846716104103
1954,-0.27284346746995175
1955,-0.007242315370082575
1956,0.2192643075028396
1957,0.3611297300152163
1958,0.456600332246595
1959,0.5060476049625763
1960,0.5226354822142371
1961,0.5181985833490077
1962,0.4976693698084679
1963,0.45659882688663134
1964,0.19167029857635498
1965,-0.1106402650475502
1966,-1.3322957822056631
1967,-0.9953622935945041
1968,-0.6766327095790459
1969,-0.3362130148863385
1970,-0.048025784675826966
1971,0.12904988236715464
1972,0.25771085091977386
1973,0.3244474756947212
1974,0.35267777719329874
1975,0.3590091612296865
1976,0.3458297378348616
1977,0.30768544220949096
1978,0.039699483662843704
1979,-0.3191121518611908
1980,-0.25135695934295654
1981,-0.21540232002735138
1982,-1.1853409995704558
1983,-0.7408614271530052
1984,-0.40893488688938395
1985,-0.1418367103295275
1986,0.010741116307270704
1987,0.10166506207061549
1988,0.1441400908570982
1989,0.16138890042683202
1990,0.15994166116371678
1991,0.134804853066197
1992,-0.1352309286594391
1993,-0.5713611245155334
1994,-0.5011577606201172
1995,-0.4676055908203125
1996,-0.44330793619155884
1997,-0.3704252243041992
1998,-0.7761360649602655
1999,-0.5923339687457797
2000,-0.3093840017643261
2001,-0.17808075822435177
2002,-0.097457483787736
2003,-0.06960147797643201
2004,-0.05441149359806846
2005,-0.05464168602760777
2006,-0.34565773606300354
2007,-0.8758308291435242
2008,-0.802415668964386
2009,-0.7719743847846985
2010,-0.7516034841537476
2011,-0.6746875047683716
2012,-1.2493341250211962
2013,-0.872827101089144
2014,-0.6235616123144518
2015,-0.46721848897840457
2016,-0.3674203072251272
2017,-0.30646952423507956
2018,-0.2679879131521956
2019,-0.25940826101277537
2020,-0.5978409051895142
2021,-1.25070059299469
2022,-1.1729505062103271
2023,-1.146677851676941
2024,-1.1318695545196533
2025,-1.0504592657089233
2026,-0.9254951477050781
2027,-0.8215924501419067
2028,-1.1984774006691723
2029,-0.9917111481007836
2030,-0.8505289755659902
2031,-0.7525807010057015
2032,-0.6806140505626057
2033,-0.641626077548459
2034,-0.905617356300354
2061,0.8678619143935187
2062,0.9284334908849097
2063,0.9655991919147418
2064,1.0098674112905588
2065,1.0737503056719149
2066,1.1470152823319286
2067,1.209445317259743
2068,1.2370595049179758
2069,1.236514795470986
2070,1.219734145706918
2071,1.1912839180199404
2072,1.1534243443906107
2073,1.1000443967036764
2074,0.7939039468765259
2075,0.7197641444952961
2076,0.7884520146615314
2077,0.8401098684170221
2078,0.894206826625054
2079,0.9738461326763485
2080,1.0541284583610042
2081,1.1240474756994494
2082,1.1585965433211287
2083,1.1626414246795407
2084,1.1494799373052689
2085,1.1244249458667444
2086,1.0889855562268438
2087,1.0364771451070323
2088,0.7287051677703857
2089,0.5559815402280541
2090,0.63664003807136
2091,0.7067647026136014
2092,0.7787752133651776
2093,0.8797151831631649
2094,0.9694767716750158
2095,1.0456221219721253
2096,1.0858589126630938
2097,1.0965530970029607
2098,1.0876004799989163
2099,1.0651856951375591
2100,1.03002264152091
2101,0.9797619554945873
2102,0.6560379266738892
2103,0.36410167410153677
2104,0.46126603255858173
2105,0.5521611745645094
2106,0.6467171808090676
2107,0.7738226694421875
2108,0.8795478882399206
2109,0.9603257127279105
2110,1.010456220423487
2111,1.027220257406881
2112,1.0222412468314768
2113,1.0001073573911996
2114,0.9671020230829783
2115,0.9180359535350308
2116,0.5754129886627197
2117,0.14381521431838745
2118,0.26044350445104003
2119,0.3741085959731543
2120,0.49429215804656035
2121,0.6435408421418621
2122,0.7733788237650281
2123,0.8676582648383107
2124,0.9255302639719893
2125,0.9471493411762826
2126,0.9448790601376924
2127,0.9246041170739403
2128,0.8925852478005395
2129,0.8442628604369038
2130,0.48544758558273315
2131,-0.11784827310665369
2132,0.025473522372626928
2133,0.17136211892180717
2134,0.31934482845667855
2135,0.4896308405277785
2136,0.6468282579113092
2137,0.7567375717911167
2138,0.8287234173394048
2139,0.8574473364044275
2140,0.8580767661888196
2141,0.8416403879458338
2142,0.8119037889553691
2143,0.7623367312649494
2144,0.3855002522468567
2145,-0.45170489693614446
2146,-0.2689483623618482
2147,-0.08625405316144841
2148,0.10056746411835871
2149,0.30666724828415726
2150,0.4936497314369076
2151,0.629461258797666
2152,0.7160637705410199
2153,0.7570972536015732
2154,0.7655044722554865
2155,0.7523029967411752
2156,0.7255456271619052
2157,0.6778642409314626
2158,0.2713761031627655
2159,-0.9139661158268677
2160,-0.6739629859605827
2161,-0.43645316608306484
2162,-0.19205753553325988
2163,0.06817629728145375
2164,0.2995333200746604
2165,0.4637778336000633
2166,0.5717343148033215
2167,0.6270318896833027
2168,0.6467415786318718
2169,0.6410934853350256
2170,0.6184599848403676
2171,0.5760809695279552
2172,0.14266164600849152
2173,-1.535228149587804
2174,-1.2241161034989632
2175,-0.8992032227319879
2176,-0.5796952685924075
2177,-0.24327718198732573
2178,0.049579228276005416
2179,0.2478323244459311
2180,0.3865251101991613
2181,0.4562572115860633
2182,0.48710967471759836
2183,0.49292825523896633
2184,0.48095013394015584
2185,0.44360270419980063
2186,-0.005229830741882324
2187,-0.25471392273902893
2188,-0.1726677417755127
2189,-0.12789130210876465
2190,-1.0745885904059662
2191,-0.6359139987661984
2192,-0.26982071520978435
2193,-0.01352654713660717
2194,0.14588383648081588
2195,0.23822586743844854
2196,0.28305575828479385
2197,0.30092205491413815
2198,0.29968087835836105
2199,0.2801249971389851
2200,-0.1750415861606598
2201,-0.48628631234169006
2202,-0.4008421003818512
2203,-0.35712018609046936
2204,-0.32699722051620483
2205,-0.267016738653183
2206,-0.6641256209330926
2207,-0.459636370840913
2208,-0.1700495205710657
2209,-0.04176714206659482
2210,0.04556374952000203
2211,0.0742623980131194
2212,0.08658219310128668
2213,0.09235646148371512
2214,-0.3787074685096741
2215,-0.764390766620636
2216,-0.6746043562889099
2217,-0.6322284936904907
2218,-0.6043381690979004
2219,-0.5406813025474548
2220,-0.4602978825569153
2221,-0.73438581892428
2222,-0.4728452439067754
2223,-0.31547755553529644
2224,-0.21112204580449068
2225,-0.14994206381092545
2226,-0.1116244999666205
2227,-0.10065144410975602
2228,-0.621912956237793
2229,-1.1046514511108398
2230,-1.0091681480407715
2231,-0.9685662984848022
2232,-0.9437402486801147
2233,-0.8755924105644226
2234,-0.7833585739135742
2235,-0.7227016091346741
2236,-1.0504242785341344
2237,-0.8374040394549589
2238,-0.6884129498873603
2239,-0.5894085088248087
2240,-0.518400515645981
2241,-0.4779681898999977
2242,-0.9174270629882812
2270,-0.27001699805259705
2271,-0.07703642547130585
2272,0.08885335922241211
2273,0.23006999492645264
2274,0.35333380103111267
2275,0.458352655172348
2276,0.554489016532898
2277,0.6412026286125183
2278,0.5144708962093423
2279,0.519370833040889
2280,0.6572880359552546
2281,0.006108644652919992
2282,0.15531138330971708
2283,0.314048195556765
2284,0.3759152200828796
2285,0.5305395589379787
2286,0.6011732503471012
2287,0.6596740692159531
2288,0.6416752779202387
2289,0.7272709876897169
2290,0.8070062352808975
2291,0.8875802522017133
2292,0.006456297246552889
2293,0.1750388773201641
2294,0.3359475459321322
2295,0.3376278932314843
2296,0.4658395799793954
2297,0.6218716108626519
2298,0.49265137649913604
2299,0.6004559102850588
2300,0.7122637774264171
2301,0.7743684313218149
2302,0.884452740049052
2303,0.006940142273442362
2304,0.1828256055004835
2305,0.34336867156361417
2306,0.28937977832260064
2307,0.353542550786725
2308,0.5134551798295386
2309,0.6327807215255667
2310,0.5763678205441878
2311,0.5921906284423271
2312,0.7131526044283896
2313,0.8545985113377208
2314,0.011351010524064342
2315,0.1745348884598861
2316,0.3430113362802376
2317,0.23875811279204803
2318,0.22708061481928726
2319,0.36504669860369937
2320,0.6581636128173787
2321,0.7314703890895194
2322,0.5534858237805529
2323,0.7538807010236327
2324,0.8928326618486183
2325,0.0032485902910473485
2326,0.17480690973642765
2327,0.33847788507573806
2328,0.1873782984239996
2329,0.12369829678917665
2330,0.29304937880405596
2331,0.5525660125644699
2332,0.6570733757068052
2333,0.7303512829911698
2334,0.794834079492094
2335,0.8996835843359834
2336,-0.012433387160963982
2337,0.15978131117378885
2338,0.3296400888826523
2339,0.12495999404154307
2340,0.09174883494634342
2341,0.27293001362261526
2342,0.3662708386802075
2343,0.5868462908187827
2344,0.6710880930262466
2345,0.5778367204849608
2346,0.8420223077986703
2347,-0.044942925727481486
2348,0.13377551350091493
2349,0.31171153490720327
2350,0.045599139398136534
2351,0.10854734735688015
2352,0.2888449370755586
2353,0.4248762701034858
2354,0.5992897362922278
2355,0.6859000073413766
2356,0.764921464422395
2357,0.8995996254924403
2358,-0.06754234429250405
2359,0.10563094226968622
2360,0.26461671695225125
2361,-0.011076985694965957
2362,0.131931294723812
2363,0.2882600349040154
2364,0.5202940591798833
2365,0.6071219589533874
2366,0.6855390286035327
2367,0.7632316216279532
2368,0.8732045618032735
2369,-0.09094438276223682
2370,0.0595124641427236
2371,0.21432516414617578
2372,0.0009014774777953982
2373,-0.03919238610394188
2374,0.24074347591504286
2375,0.3834890188115301
2376,0.48546079966202704
2377,0.5790481009371247
2378,0.6771743778693381
2379,0.8410958606421668
2380,-0.12972103908781918
2381,-0.02797072392854172
2382,0.14180680730392792
2383,0.004949764948842805
2384,0.06294946458427511
2385,-0.20097804304037037
2386,0.05369015482861486
2387,0.23297501910567192
2388,0.46409672874700675
2389,0.5702419557478173
2390,0.7675558044010506
2391,-0.3212987780570984
2392,-0.0881507396697998
2393,0.10367612540721893
2394,-0.22174067790508722
2395,-0.035184646598875546
2396,-0.9808950536103653
2397,-0.5117012835494164
2398,-0.22753485512885008
2399,0.007756021017289644
2400,0.19342353840659762
2401,0.593686668903088
2402,-0.3882914185523987
2403,-0.15205740928649902
2404,0.04384150356054306
2405,-0.14978140527542394
2406,0.2097412777755925
2407,0.3310792593459065
2408,-1.329102345659856
2409,-0.6708766453897977
2410,-0.37552140250957955
2411,-0.10377486857094473
2412,0.4320690663680095
2413,-0.45883840322494507
2414,-0.21825098991394043
2415,-0.018940066918730736
2416,-0.06259458036215454
2417,0.1320375428537851
2418,0.2705292833866011
2419,0.37988748005654277
2420,0.4842761309319313
2421,0.5818413313592384
2422,0.6743404090071974
2423,0.7674252857621751
2424,-0.5282424688339233
2425,-0.2846464514732361
2426,-0.5417281936799013
2427,-0.20357179828823008
2428,0.019988514361267112
2429,0.17966755287303135
2430,0.31428648791633285
2431,0.4348445290985427
2432,0.5401936329792363
2433,0.642513250513802
2434,0.740349402158097
2435,-0.5769203901290894
2436,-0.33109816908836365
2437,-0.7236702102351698
2438,-0.3385479605359425
2439,-0.09067828519940313
2440,0.10403118553494678
2441,0.25526461588779975
2442,0.38762675077074327
2443,0.5099361030589841
2444,0.6180152744301427
2445,0.7239793881402186
2446,-0.09941123674126928
2447,0.06731196672411927
2448,0.21799283464047983
2449,0.33090335542828553
2450,0.44858337224909783
2451,0.530172203105074
2452,0.6004039441489458
2453,0.16306284937290655
2454,0.3125060633913408
2455,0.4345268705605173
2456,0.7218048801422252
2457,-0.09174547750809803
2458,0.07887821424250285
2459,0.2476960980674034
2460,0.2901369808094222
2461,0.4740257106913612
2462,0.5601766430146828
2463,0.5650051569877372
2464,0.4924363884737186
2465,0.6619728968803428
2466,0.7123072216351778
2467,0.7871454208049089
2468,-0.09983425040947685
2469,0.09966613431703678
2470,0.25876197999752165
2471,0.24763209530330554
2472,0.37200618698934673
2473,0.5794823793354462
2474,0.5847701562402308
2475,0.6754090388480691
2476,0.7531153410061948
2477,0.8225104771619269
2478,0.8989882394365282
2479,-0.09696336234094755
2480,0.09254245276364625
2481,0.2594030261511997
2482,0.19989206650397406
2483,0.2683460968687923
2484,0.43632829917423394
2485,0.5887270031729075
2486,0.5848416892527655
2487,0.6608761411972578
2488,0.7579433894263474
2489,0.8681366981720584
2490,-0.10215660840740615
2491,0.08590842717724984
2492,0.2558191886586219
2493,0.14935505490953366
2494,0.13310100076923648
2495,0.29838017766142494
2496,0.6428493055898179
2497,0.721808281807713
2498,0.5782664369887304
2499,0.752884371575651
2500,0.8912449585407217
2501,-0.11222837462883783
2502,0.08022107610939408
2503,0.24692165628528318
2504,0.0966985447069037
2505,0.05154869439652393
2506,0.24171965860639172
2507,0.5338497185811932
2508,0.6402963044846308
2509,0.7149899222667941
2510,0.7905106480604916
2511,0.889706212114963
2512,-0.136942089401778
2513,0.059044198515726065
2514,0.2350593701846782
2515,0.028566224626999592
2516,0.016521604108695048
2517,0.21610604104417044
2518,0.35848150758944547
2519,0.5707744816193518
2520,0.6432714264157113
2521,0.5599600361646988
2522,0.8233169825113926
2523,-0.1692038846860905
2524,0.031811396022493665
2525,0.21131256737031576
2526,-0.04815921749682606
2527,0.036290072595230316
2528,0.22757156771054954
2529,0.37926160028515493
2530,0.5683180460772483
2531,0.6548174451564401
2532,0.7391341485621673
2533,0.8819592131525813
2534,-0.190242355145408
2535,0.003650218689233653
2536,0.16876427169616895
2537,-0.10453373154933499
2538,0.05755361282296259
2539,0.23169172976019733
2540,0.46213103170056136
2541,0.5627598253056968
2542,0.6533425099734764
2543,0.7370256389598027
2544,0.8520902180905242
2545,-0.2097018854253272
2546,-0.03945789534796851
2547,0.11978465443105063
2548,-0.09089738383180684
2549,-0.1299399417011633
2550,0.15584462703439672
2551,0.3041343505734295
2552,0.4385566302773022
2553,0.5433904400074052
2554,0.6362071622842167
2555,0.8178100084941861
2556,-0.11701603377730974
2557,0.05899192546238641
2558,-0.0829866907875706
2559,-0.02482230782771483
2560,-0.23611649915524568
2561,0.02325770697381291
2562,0.2125276739125801
2563,0.39019854428564876
2564,0.5096185038888736
2565,0.7360399257691921
2566,0.5403282741445516
2567,0.7394695945945091
2568,-0.2665291726589203
2569,-0.18829035238164282
2570,-0.008384186751720313
2571,-0.07640465066316904
2572,0.07765454681025741
2573,-0.36528101026825377
2574,-0.06358773165252496
2575,0.14399012763489544
2576,0.6582893631493363
2577,0.7098333297315735
2578,0.7781732397716905
2579,-0.32565122842788696
2580,-0.08394341170787811
2581,0.11591701209545135
2582,-0.23009617448616904
2583,0.13897875800398374
2584,0.20080351715295985
2585,0.35290851627029785
2586,0.5000217514393988
2587,0.580435454508588
2588,0.6776224114924374
2589,0.7710982089388867
2590,-0.3809867799282074
2591,-0.13557854294776917
2592,0.06604337692260742
2593,-0.13938415218781536
2594,0.09035412497777577
2595,0.2460452636666468
2596,0.09265661802536518
2597,0.32575177229019736
2598,0.43319675571664285
2599,0.6044884218962049
2600,0.7239171992350184
2601,-0.4355669915676117
2602,-1.0643958312099193
2603,-0.5867094362527494
2604,-0.24783470810448777
2605,-0.010277592345697306
2606,0.16414711926416772
2607,0.3084921374229528
2608,0.4352688964411657
2609,0.5433957307241482
2610,0.6448875418958244
2611,0.7380961944264979
2612,-0.4876810610294342
2613,-0.23861317336559296
2614,-0.7817184532272147
2615,-0.39072413423783825
2616,-0.11958950151012943
2617,0.09260460864647539
2618,0.25387601340867444
2619,0.39182195581750984
2620,0.5130037939944037
2621,0.619612570703611
2622,0.721443143370433
2623,-0.22816428542137146
2624,-0.01333925686776638
2625,0.16332891583442688
2626,0.31542328000068665
2627,0.4462527334690094
2628,0.5610710978507996
2629,0.6653499603271484
2630,0.7542392611503601
2631,0.8284955024719238
2632,0.8989754915237427
2633,0.9668353199958801
2634,-0.22410268835132124
2635,-0.022955007996861954
2636,0.14815087562791449
2637,0.23110040629682688
2638,0.39241672901691926
2639,0.4845620844851645
2640,0.5607070848301874
2641,0.3847126818768929
2642,0.4907270409920888
2643,0.5836686142805335
2644,0.7522185035920013
2645,-0.22568254888245037
2646,-0.00899164032491162
2647,0.16567505335358432
2648,0.1855931602235925
2649,0.3464840583966523
2650,0.5054867410980486
2651,0.28421939724928613
2652,0.4097007313738154
2653,0.4962568304028756
2654,0.6073323172414107
2655,0.7624572063116157
2656,-0.23397481863779618
2657,-0.002307517732279468
2658,0.16749146893535494
2659,0.13225984757893305
2660,0.23146051145203436
2661,0.4390877282414478
2662,0.5600506536638427
2663,0.4365528814728371
2664,0.2551964876006666
2665,0.4030992659421282
2666,0.6216126442800999
2667,0.15839349592712182
2668,0.0691724873963357
2669,0.09287313164341865
2670,0.25801139634780834
2671,0.5371793926465686
2672,0.6240287814785286
2673,0.29098879987349957
2674,0.5906834838267612
2675,0.7767960580243136
2676,0.6698954536496445
2677,0.8017585854459778
2678,0.6826669717472165
2679,0.8061544852312756
2680,-0.03104485066320145
2681,0.14441834389212327
2682,0.007711454995519895
2683,-0.032632403583365666
2684,0.16439991894585604
2685,0.4000308166798664
2686,0.5224986054852154
2687,0.6053422706058555
2688,0.6813356468556345
2689,0.808292679933708
2690,0.7357172397040319
2691,0.8264554555875063
2692,0.13748510453561844
2693,0.16661603946219294
2694,0.43434335221794684
2695,0.5460361772823412
2696,0.3633338241505437
2697,0.7160485861114733
2698,0.13358305506550516
2699,0.226802699401445
2700,0.47191314189871825
2701,0.5827587477471853
2702,0.47771937244202956
2703,0.7401452245192714
2704,-0.09604852941037734
2705,0.09750194576984113
2706,-0.14878178464418668
2707,-0.06253268250384084
2708,0.14068950800699168
2709,0.3016049629040887
2710,0.4887560701566993
2711,0.5842905327761339
2712,0.6684409934048933
2713,0.823947656109449
2714,0.7054068625159212
2715,0.8331991724216239
2716,-0.35627503869697486
2717,-0.12827879408983128
2718,0.049531452394777145
2719,-0.21044416609043892
2720,-0.0265779718188921
2721,0.1580367927219723
2722,0.3854969651966857
2723,0.4945408076640475
2724,0.5927449597304064
2725,0.6815847043010221
2726,0.8010996992339947
2727,-0.3774215033515911
2728,-0.17087834777302646
2729,0.003746894649125837
2730,-0.19281256986722822
2731,-0.21196312261355887
2732,0.08536940756088313
2733,0.2521761611264518
2734,0.3837333925084494
2735,0.49421783399163643
2736,0.5969495392973543
2737,0.7764379471866462
2738,-0.4031737938491171
2739,-0.24209394954950614
2740,-0.05335111278768678
2741,-0.1781700103739131
2742,-0.09814942179051456
2743,-0.30550830170775023
2744,-0.03755590742095083
2745,0.15943066411731635
2746,0.36031818381681524
2747,0.4735129179028432
2748,0.6969097682200445
2749,-0.37783998250961304
2750,-0.12177767604589462
2751,0.0880046859383583
2752,-0.39239155605290477
2753,-0.19071750063832182
2754,-1.2003987174692987
2755,-0.6876533496367131
2756,-0.3485539416213811
2757,0.4863438990559914
2758,0.3693886663636538
2759,0.5619765370042951
2760,-0.41943877935409546
2761,-0.16187028586864471
2762,0.04906716197729111
2763,-0.29903661802243114
2764,0.08744384689894104
2765,0.24009355293484394
2766,-1.267361600697578
2767,-0.7964738106931113
2768,-0.44606137340881113
2769,-0.10631172861822291
2770,0.34540913999886547
2771,-0.9086099011351929
2772,-0.4877094240484885
2773,-0.20908484825490264
2774,0.00775924427179342
2775,0.17714074549606262
2776,0.3074942867848538
2777,0.4225486231667909
2778,0.5255957992685791
2779,0.6163884689823786
2780,0.7063239062661131
2781,0.6134921217000088
2782,0.7049389879101661
2783,-0.517859160900116
2784,-0.2589889168739319
2785,-0.6809402648260647
2786,-0.3383353015228508
2787,-0.09690933354824288
2788,0.0899057882021083
2789,0.24113082422222812
2790,0.37006519375514557
2791,0.4792924425481708
2792,0.5797828871410227
2793,0.6734632034928011
2794,-0.5929936170578003
2795,-0.3319012522697449
2796,-0.8447878229203156
2797,-0.4639751796297802
2798,-0.19735340706880733
2799,0.021057122640322543
2800,0.18681482823362053
2801,0.32441716917901187
2802,0.4434716608583826
2803,0.5474912930050724
2804,0.6492489113388686
2993,-0.4046192765235901
2994,-0.16893847286701202
2995,0.024392008781433105
2996,0.19045141339302063
2997,0.33302658796310425
2998,0.4580955505371094
2999,0.566347062587738
3000,0.6628179550170898
3001,0.7484170794487
3002,0.7176960686447932
3003,0.7648743957252222
3004,0.36536071615997406
3005,0.4651101139008711
3006,0.5477768604286907
3007,0.43354766060784455
3008,0.5297599535093398
3009,0.6152796304887441
3010,0.7580781145407601
3011,0.5534100132245363
3012,0.5569395105817702
3013,0.6419362650147208
3014,0.719684674397006
3015,0.7868298473422398
3016,0.4819565305512007
3017,0.26024178693087185
3018,0.41076331740375516
3019,0.49540479523638004
3020,0.588197728212338
3021,0.754378148720326
3022,0.48307591347895323
3023,0.34829573974576017
3024,0.46921065679305607
3025,0.5686708265121322
3026,0.6548486501515698
3027,0.7705527050058839
3028,0.11468833198780029
3029,0.09032980397118476
3030,0.19810579716493795
3031,0.41384355774248205
3032,0.5399135713599021
3033,0.41443037283423984
3034,0.21912265198715913
3035,0.36672058341090735
3036,0.5908181767224157
3037,0.43937857474648945
3038,0.5317013763523353
3039,0.6610524432355053
3040,0.017651248993237043
3041,0.042012444108283004
3042,0.2172584195259285
3043,0.5206715026225324
3044,0.611303406788976
3045,0.3315517707286192
3046,0.6006181130646975
3047,0.7719190706751867
3048,0.6277291707946956
3049,0.49106695479313756
3050,0.6794856630875348
3051,0.7959101894273064
3052,0.08217251558478122
3053,-0.045021393965371165
3054,-0.07548435593017025
3055,0.1299137619614716
3056,0.39622063100595245
3057,0.5181402685381679
3058,0.6034465727448809
3059,0.6882513963266124
3060,0.7986009351177153
3061,0.6530142934979128
3062,0.7281022044799986
3063,0.8119921082387598
3064,-0.1178913401915491
3065,0.10068228586721972
3066,0.20245428127186083
3067,0.4467157986158661
3068,0.5454548179924219
3069,0.4086342501155107
3070,0.7205633552078015
3071,0.27837065276051215
3072,0.4955750620474695
3073,0.5942721277456939
3074,0.5256617059745584
3075,0.7447406842221644
3076,0.2666902317679364
3077,0.4325807844731035
3078,0.5301617471963795
3079,0.6269736061483782
3080,0.8012368285155129
3081,-0.113502146152579
3082,0.10208508831596391
3083,0.2719034400607425
3084,0.45660372171957997
3085,0.5598759595480283
3086,0.6540887026036817
3087,0.8065812560146084
3088,-0.266472949086216
3089,-0.036218475235270456
3090,0.1484794659972503
3091,0.3344705297767704
3092,0.4533038780962628
3093,0.5591526849862174
3094,0.6506561568409
3095,0.7758115176439614
3096,0.4750137098991559
3097,0.5784904003965987
3098,0.6699847505482648
3099,0.7836474376032512
3100,0.1775377397531999
3101,0.32955832498478144
3102,0.4679210482690979
3103,0.5748269827152679
3104,0.756203278731412
3105,-0.26640309697517217
3106,0.011420085443194727
3107,0.19821388944042737
3108,0.3432443447198901
3109,0.46305493400324543
3110,0.5769446371075981
3111,0.7602324740744842
3112,-0.4943151314838712
3113,-0.3071561113575309
3114,-0.1055283399764868
3115,-0.22831241799375257
3116,-0.15329908457287575
3117,-0.3187574214793959
3118,-0.044406192025918084
3119,0.15736523130552682
3120,0.31204849417370245
3121,0.46351731261665213
3122,0.6790266613733337
3123,-0.5219686964196937
3124,-0.3627813470130122
3125,-0.15728160515005785
3126,-0.21133425861075245
3127,-0.042099404261134565
3128,-0.439424594698947
3129,-0.12453800531737735
3130,0.09377592963576781
3131,0.5887105014870431
3132,0.6716588340334437
3133,0.7602336816684834
3134,0.03284934777042359
3135,0.07797163677884056
3136,0.2523980231533429
3137,0.4344068908520773
3138,0.5156902315280023
3139,0.6144997353443077
3140,0.7071213406655562
3141,0.35327223344906833
3142,-0.08057644457356772
3143,0.22353999033881378
3144,0.3731123558647195
3145,0.7254697197644766
3146,-0.01316651435366352
3147,0.15926064007467297
3148,0.15810255641455884
3149,0.35178389451112746
3150,0.44249629005064384
3151,0.598826024049518
3152,0.6741810903101444
3153,0.29170230586321405
3154,0.4103389296439885
3155,0.5155955692462982
3156,0.608592320485612
3157,0.6984505319057734
3158,-0.7169415574677334
3159,-0.3716347894660039
3160,-0.12328052619415561
3161,0.06871526700522199
3162,0.22156036422599035
3163,0.35417708518988406
3164,0.4655225787896621
3165,0.5671088603186869
3166,0.6591576889205316
3167,0.46175770027109336
3168,0.5645145267033406
3169,0.6583683014273883
3170,-0.6146318316459656
3171,-0.8969539679739099
3172,-0.5118920177303385
3173,-0.2411901413165342
3174,-0.015904772199413816
3175,0.15369263289766671
3176,0.2967417287987884
3177,0.41990724233745086
3178,0.52495737784497
3179,0.6257515294350017
3180,0.5212254446658006
3181,0.6240344013594198
3182,-0.37876969619681816
3183,-0.14536126079014167
3184,0.04122311209945918
3185,0.16222989039637678
3186,0.31524141662876837
3187,0.4226152265439871
3188,0.5128131757951535
3189,0.21079811679617183
3190,0.3828630000602851
3191,0.4777408997761231
3192,0.7001446497658343
3193,-0.37794782808514915
3194,-0.14179083116607122
3195,0.056985073502066524
3196,0.12900538792213392
3197,0.3329289553460176
3198,0.4424788539472294
3199,0.44724985110459997
3200,0.5754339210620283
3201,0.5887763692483567
3202,0.5543440433657523
3203,0.669112934646019
3204,-0.3915963778580272
3205,-0.13115322935303148
3206,0.061842837985194896
3207,0.0797464472714137
3208,0.2325608020418683
3209,0.452941503923038
3210,0.42772872302153847
3211,0.546712075776126
3212,0.6635187951803952
3213,0.7464516279850696
3214,0.8240213141830536
3215,-0.4008978473639384
3216,-0.1403349205934321
3217,0.05515733452116672
3218,0.02759065705977741
3219,0.1222185906319812
3220,0.3271039166540872
3221,0.4834764475024153
3222,0.4626510535934527
3223,0.5178219036711593
3224,0.6458100311167764
3225,0.7760137822088746
3226,-0.41158432033740666
3227,-0.16252270184813272
3228,0.041071056506635666
3229,-0.03750871514407536
3230,-0.01594310408763444
3231,0.16714154729077904
3232,0.5112241020101513
3233,0.6085203198315446
3234,0.4664906812720754
3235,0.6851156548953508
3236,0.807884793235268
3237,-0.4354309464356787
3238,-0.17839235156628366
3239,0.02104877735820955
3240,-0.1008635561432834
3241,-0.12076738915333343
3242,0.09300504964800652
3243,0.40997933994930824
3244,0.5258173530464765
3245,0.6327140210648847
3246,0.7212529072431406
3247,0.8148266919608835
3248,-0.4695613882873785
3249,-0.21230005314264716
3250,-0.0017753640867089887
3251,-0.17778170903184476
3252,-0.16377419325819276
3253,0.06287831616616715
3254,0.24570543739395329
3255,0.474614087967817
3256,0.5825814836366916
3257,0.5641256391612587
3258,0.7633074008413856
3259,-0.5132788107520796
3260,-0.24777214278236992
3261,-0.03328081335673479
3262,-0.2629222394088905
3263,-0.1394660091031828
3264,0.08011387260263511
3265,0.2539041358804468
3266,0.4723838903751181
3267,0.5774826030390889
3268,0.6792839148394194
3269,0.8056344340828461
3270,-0.539898299918371
3271,-0.27879978842568115
3272,-0.07882102188506035
3273,-0.3157180796399194
3274,-0.13163062328569158
3275,0.06764072965153858
3276,0.3542184233871755
3277,0.47659742156532764
3278,0.5842664160878474
3279,0.6822920284958359
3280,0.7849881384252342
3281,-0.5624094020550012
3282,-0.3255983995221574
3283,-0.12611126761500502
3284,-0.29381057165394303
3285,-0.2805227710991005
3286,0.08102264266549097
3287,0.25660851445627875
3288,0.3973934157184305
3289,0.5222528213116089
3290,0.618766508277102
3291,0.7662159004264673
3292,-0.5875810795430259
3293,-0.39420614797473114
3294,-0.1814294400448549
3295,-0.27261380119449413
3296,-0.1510983073798099
3297,-0.3981730662026428
3298,-0.10150093421977824
3299,0.11310192189476614
3300,0.4218985731106032
3301,0.535522914681909
3302,0.7083816485577562
3303,-1.0643174648284912
3304,-0.7434014678001404
3305,-0.48211240768432617
3306,-0.4650397966008778
3307,-0.197949913233059
3308,-0.8845244945285904
3309,-0.44411274062795564
3310,-0.16305047580071286
3311,0.0587814455230507
3312,0.23850378952136195
3313,0.5679110652669739
3314,-1.1172537803649902
3315,-0.7974146604537964
3316,-0.5357357263565063
3317,-0.36173671460900175
3318,-0.004909745975443566
3319,0.17008314870711327
3320,-1.009266610386163
3321,-0.4894617375268242
3322,-0.20070091738584273
3323,0.04228546210185305
3324,0.4593578477206648
3325,-1.148984670639038
3326,-1.0803943591701144
3327,-0.6282412957531877
3328,-0.3197942018401281
3329,-0.08378235128761607
3330,0.10329501929861655
3331,0.250992530446848
3332,0.37767764027976236
3333,0.48945059339048363
3334,0.5873787040470946
3335,0.6750651783664725
3336,-1.1925081014633179
3337,-0.8830898404121399
3338,-0.8619586180843211
3339,-0.4892432767312903
3340,-0.2224883383228075
3341,-0.007470008866201163
3342,0.16190491027268125
3343,0.3030587999887606
3344,0.4236028627928245
3345,0.5293784605831047
3346,0.6246722029765891
3347,-1.2545629739761353
3348,-0.9464523196220398
3349,-1.0559797962594852
3350,-0.6478158179214475
3351,-0.3446646553848514
3352,-0.09582677037091183
3353,0.08812020618317172
3354,0.23842262392627764
3355,0.3708735846708379
3356,0.48100346835045316
3357,0.5836794454952428
3358,-0.014691686257719994
3359,0.1791035383939743
3360,0.3399032950401306
3361,0.2805018555707238
3362,0.4049286410238846
3363,0.4914046905824762
3364,0.5682469937050705
3365,0.11920531612976817
3366,0.27982934981687785
3367,0.4120072551011142
3368,0.7000099603872503
3369,-0.15399158342527036
3370,0.030271863149985118
3371,0.19777122366819436
3372,0.2486139750599522
3373,0.43357690734018006
3374,0.525028283497337
3375,0.5345210774591237
3376,0.5388911152380793
3377,0.5669939551675873
3378,0.6079674358634621
3379,0.7152361495618752
3380,-0.16040060824442143
3381,0.049496465541375434
3382,0.21076311486603488
3383,0.20404368102789544
3384,0.33586815882785176
3385,0.5432027327182433
3386,0.5423737255357806
3387,0.6207609355881334
3388,0.7475088243294692
3389,0.8055813020900783
3390,0.8800886817028517
3391,-0.16076846798051725
3392,0.04541939606395515
3393,0.21146721891524953
3394,0.15395822952804367
3395,0.22773350143951787
3396,0.4009436011119283
3397,0.5542453301733999
3398,0.5591617588146784
3399,0.673179285698257
3400,0.7812566246743684
3401,0.8828626946904583
3402,-0.16693780895247817
3403,0.035163799798757084
3404,0.2060274966009109
3405,0.1000987803427197
3406,0.09522858896784933
3407,0.26299006787311835
3408,0.6116128949064371
3409,0.6929038132048269
3410,0.6129582489131109
3411,0.7803705184747096
3412,0.884139500615673
3413,-0.18189611867876987
3414,0.025780472334175242
3415,0.19371040650714932
3416,0.040617298350995035
3417,0.0008275011369849039
3418,0.19792923684911162
3419,0.5340436246943661
3420,0.639369632599583
3421,0.7191241268570743
3422,0.7980646665925906
3423,0.880217279657185
3424,-0.2103946084267082
3425,0.002308934851792399
3426,0.1795683348463048
3427,-0.02508481162490761
3428,-0.03723089120242615
3429,0.1702669495868396
3430,0.3672316981054512
3431,0.5525691075116956
3432,0.6463651157304928
3433,0.5948763526538762
3434,0.8344644688787681
3435,-0.2459558005051452
3436,-0.03023966571041703
3437,0.15364712941806982
3438,-0.10830736524074369
3439,-0.01381481289364081
3440,0.18816248733994706
3441,0.3419791866620019
3442,0.558017139924549
3443,0.6473042527046149
3444,0.7282128757221635
3445,0.8632888676611613
3446,-0.2702563378330397
3447,-0.06014456449150807
3448,0.10621885178202468
3449,-0.16002388408688095
3450,-0.010279795833487926
3451,0.1727512916947762
3452,0.44225009977288204
3453,0.5472611134495573
3454,0.6410304824993351
3455,0.7284444063375479
3456,0.83520431107142
3457,-0.29047198029321764
3458,-0.1063657851504376
3459,0.057301691451260045
3460,-0.14571906738292634
3461,-0.16860367853950536
3462,0.1558846087099185
3463,0.30542790832640443
3464,0.43317432806331874
3465,0.5478596438079996
3466,0.6413422338181967
3467,0.8017316188088868
3468,-0.3216253197702278
3469,-0.18369836442446658
3470,-0.00857951634605858
3471,-0.1338739473155578
3472,-0.053091666768232515
3473,-0.2965727132346197
3474,-0.025788357653360544
3475,0.16878166006957132
3476,0.4249478526684839
3477,0.5385257580976155
3478,0.7302026709472818
3479,-0.24823956191539764
3480,-0.00577125558629632
3481,0.19377465546131134
3482,-0.34905299934704037
3483,-0.1443600964384737
3484,-1.081744441566983
3485,-0.5896142603363042
3486,-0.2938678335463621
3487,-0.04946488751563319
3488,0.14385474328982592
3489,0.5488171347379094
3490,-0.2908594608306885
3491,-0.04684319347143173
3492,0.15282979607582092
3493,-0.2591869035327014
3494,0.11688570487382076
3495,0.2634202733119988
3496,-1.3317281625110742
3497,-0.7483632121001309
3498,-0.4164868994758898
3499,-0.14375532897738896
3500,0.3902371456660543
3501,-0.3288404941558838
3502,-0.8569756709892848
3503,-0.4444486585320331
3504,-0.17155317713838836
3505,0.03958847568721581
3506,0.2034126343469827
3507,0.33081306845739
3508,0.44406220169542365
3509,0.5447078105718665
3510,0.6355064000298518
3511,0.7253006675163332
3512,-0.3657782971858978
3513,-0.12021045386791229
3514,-0.6443782728709315
3515,-0.3013415508137312
3516,-0.059026969114063604
3517,0.1247957526732951
3518,0.2745231325840198
3519,0.3996750778555396
3520,0.5070499476952661
3521,0.6055259646062436
3522,0.6998881238676014
3523,-0.42289304733276367
3524,-0.1741519272327423
3525,-0.8186191725482937
3526,-0.4315718974456134
3527,-0.1616244863568972
3528,0.05749531294422498
3529,0.22290595660185442
3530,0.3582915924727478
3531,0.47654440464828635
3532,0.5793328285817193
3533,0.6821418575904739
5594,-0.3073961743346123
5595,-0.06453423550604595
5596,0.13591143405503933
5597,0.2992579176886012
5598,0.42997680138839567
5599,0.5450375340438486
5600,0.6365343187515822
5601,0.7206754741117811
5602,0.7916686574474335
5603,0.8610866975677048
5604,0.9224032341088995
5605,-0.2949967321609219
5606,-0.03646398489363957
5607,0.17138064574336667
5608,0.3437575344755153
5609,0.48397236857401793
5610,0.5972394178902725
5611,0.6974538595118109
5612,0.7801411861107259
5613,0.8553966353540816
5614,0.9219445977076965
5615,0.9854819348426798
5616,-0.3104224180596364
5617,-0.029583841537712208
5618,0.1915474612337491
5619,0.3695323419554524
5620,0.513796617375224
5621,0.6318309594695769
5622,0.7329661613182465
5623,0.8184370491223891
5624,0.8969095374495268
5625,0.969070727261587
5626,1.0327267453827251
5627,-0.33992542939269654
5628,-0.04275950694906122
5629,0.18988694150776897
5630,0.37626791432018997
5631,0.5275425141889805
5632,0.6515991825713704
5633,0.7561718836911706
5634,0.8455134942921931
5635,0.9266170576171162
5636,0.9998277981377781
5637,1.067236151152446
5638,-0.38335989533103
5639,-0.07505137668365763
5640,0.16986489687766781
5641,0.36900235041940666
5642,0.5287453526555349
5643,0.6585762955526124
5644,0.7688844746688087
5645,0.8625923271240932
5646,0.9462492890192442
5647,1.0223627296107183
5648,1.0929392846628398
5649,-0.47957405842884504
5650,-0.13189324414691694
5651,0.12824255811724528
5652,0.3432373189408
5653,0.5143630522464891
5654,0.6526581330772779
5655,0.7690388984745962
5656,0.868041721686839
5657,0.955776962525076
5658,1.0357577821543855
5659,1.108381395725111
5660,-0.6224696774787543
5661,-0.23037069605391547
5662,0.05872879298765847
5663,0.2902283908724816
5664,0.4768935999716128
5665,0.6296881046284311
5666,0.7537276396867634
5667,0.8591746685245573
5668,0.9523202496862347
5669,1.037424305687853
5670,1.113222217331162
5671,-0.8937787700893285
5672,-0.373748255267625
5673,-0.059412964988574776
5674,0.20216946615382808
5675,0.4107798028427446
5676,0.575643914745927
5677,0.7146796377177023
5678,0.8274571050017135
5679,0.9297323996268021
5680,1.0196197048922944
5681,1.1011825200711365
5682,-1.0554297770431826
5683,-0.5895535842528848
5684,-0.2227646330951077
5685,0.06579033810160546
5686,0.2988000564102631
5687,0.4874964073122048
5688,0.637782312040004
5689,0.7658222775410485
5690,0.8765927696256554
5691,0.973207655492737
5692,1.0631328547169148
5693,-0.976364016532898
5694,-0.9221348659883064
5695,-0.4932522606868539
5696,-0.14641848280688952
5697,0.12400254097772695
5698,0.345893396098292
5699,0.5228249366336282
5700,0.6709808854794641
5701,0.7959760160843546
5702,0.9041859498380169
5703,1.0011425679514272
5704,-1.1375601291656494
5705,-1.3528137769487703
5706,-0.8226927610200466
5707,-0.41112546338469846
5708,-0.08207662777178742
5709,0.17866531367809832
5710,0.3803597719715141
5711,0.5489272789450637
5712,0.6952662253928271
5713,0.819133785377843
5714,0.929906011525216
5715,-0.3599217758625707
5716,-0.10467439976767612
5717,0.10690286719298608
5718,0.2803915904781472
5719,0.4194822795167895
5720,0.5378275618343158
5721,0.6337454110825096
5722,0.7196868980554184
5723,0.7944003822929366
5724,0.8629882372813933
5725,0.9222002810821298
5726,-0.3501833760238876
5727,-0.07646623375551106
5728,0.13792461278153453
5729,0.31736506437111023
5730,0.46132098153884316
5731,0.581443600733912
5732,0.6824766324062711
5733,0.7712095187062533
5734,0.8509223844370108
5735,0.9169807880221362
5736,0.9765717463018324
5737,-0.3742500901925798
5738,-0.07498729979682497
5739,0.15557783469011938
5740,0.33835280752047525
5741,0.49053425869292944
5742,0.6157032724139209
5743,0.7196324529752267
5744,0.809685099992967
5745,0.8901158879111574
5746,0.9601793950903248
5747,1.0224069563952645
5748,-0.40466570611320707
5749,-0.09190489466675783
5750,0.14939304227118572
5751,0.3434163464781503
5752,0.5015628012086482
5753,0.6323075058989374
5754,0.7418347157347307
5755,0.8357150890908887
5756,0.9191000590705503
5757,0.9921702152599179
5758,1.056659200281569
5759,-0.45453923072785185
5760,-0.13011405448374325
5761,0.12493556770622441
5762,0.33278455018930675
5763,0.5003603269848333
5764,0.6373842476306395
5765,0.7541250810137237
5766,0.852693494194563
5767,0.9385339774569179
5768,1.015288351684008
5769,1.0825349316419812
5770,-0.5557158953060308
5771,-0.18807569103429872
5772,0.08388156277081033
5773,0.3042031289156727
5774,0.48375278815305744
5775,0.6293951909680445
5776,0.7516654665888374
5777,0.8555310040794917
5778,0.9460281202823367
5779,1.0264699241360304
5780,1.0965088182503457
5781,-0.6895732420001425
5782,-0.2844259332669291
5783,0.013518024372361066
5784,0.25080074230758254
5785,0.44742236934051893
5786,0.6048155158109613
5787,0.7352864262060894
5788,0.8454201750835663
5789,0.9415564675511532
5790,1.0264950910011055
5791,1.1002263269821415
5792,-0.9723514250456815
5793,-0.428258429579943
5794,-0.10821996571779346
5795,0.16465028735893855
5796,0.38060169357698714
5797,0.5520065679860936
5798,0.6971069519315833
5799,0.8139717730226974
5800,0.9198394364857616
5801,1.0097320917022121
5802,1.0896089765094326
5803,-1.106485788276483
5804,-0.6529769541880406
5805,-0.2526000254913316
5806,0.042804964038138424
5807,0.27770208149042686
5808,0.47307028920774036
5809,0.6320496429034698
5810,0.7645467500685599
5811,0.8764458644502362
5812,0.9750402316270795
5813,1.0627544980586063
5814,-1.126449465751648
5815,-0.951425511783754
5816,-0.5166438050275601
5817,-0.1647895681389549
5818,0.11098132050853489
5819,0.33542103305932724
5820,0.5214585120990111
5821,0.6728622561607365
5822,0.8009156752272657
5823,0.9097181046784378
5824,1.0045131685076016
5825,-1.3111212253570557
5826,-1.348449214478624
5827,-0.8193709999470666
5828,-0.4027227317456401
5829,-0.07899743828050335
5830,0.17972937682518117
5831,0.38635674251110996
5832,0.5587103760215706
5833,0.7057431807124106
5834,0.8302136446252796
5835,0.9374159390096101
5836,-0.16432470238902397
5837,0.04171950347891035
5838,0.2252894350687803
5839,0.37471372461825836
5840,0.4965202059707685
5841,0.5982610512276125
5842,0.6825001561469837
5843,0.7618566279062211
5844,0.830697467456922
5845,0.8955144612794713
5846,0.9595355996395261
5847,-0.14934028862132287
5848,0.08010483105952153
5849,0.2674380586752089
5850,0.4232978805517261
5851,0.5485420017645873
5852,0.6535552633359751
5853,0.7456698112264801
5854,0.826184652282284
5855,0.8975211279428972
5856,0.9651369299178179
5857,1.0301332089220976
5858,-0.16947654532071033
5859,0.08093502761300873
5860,0.2820183066043372
5861,0.4399042542630348
5862,0.5705622395803506
5863,0.6800736987409344
5864,0.7738222820308907
5865,0.856048813267912
5866,0.9316353566958362
5867,1.0015956439789933
5868,1.0680719716278093
5869,-0.19150855878619805
5870,0.06898373972864413
5871,0.27658583266372117
5872,0.44420853998089516
5873,0.5793145896867207
5874,0.692511004475922
5875,0.7906913654535201
5876,0.8760058200492189
5877,0.9542997384431974
5878,1.0252163980881035
5879,1.0947628506606795
5880,-0.23784946233687077
5881,0.03573538260887604
5882,0.25604098757390886
5883,0.4352798276201471
5884,0.578647119212705
5885,0.6959759596954782
5886,0.7998787033467669
5887,0.88913361398177
5888,0.9685615489792287
5889,1.043940619826131
5890,1.1163664863243254
5891,-0.34599727223655674
5892,-0.02255696055805656
5893,0.21615619050168078
5894,0.4052800029987843
5895,0.5611774175097572
5896,0.6869338309266297
5897,0.7943268318705936
5898,0.8880729152547495
5899,0.9729213339077925
5900,1.0518891276896434
5901,1.1269369962889377
5902,-0.5078705434965094
5903,-0.13174738489634996
5904,0.1354071239076367
5905,0.35044030497930573
5906,0.5197677256381741
5907,0.6549595755973856
5908,0.7712664945733888
5909,0.8709099415820742
5910,0.9617490994799962
5911,1.0458101397424984
5912,1.1256455295636774
5913,-0.760283764026128
5914,-0.30890199382230343
5915,-0.00643822522116802
5916,0.24895290926324415
5917,0.43705247227208976
5918,0.5920705879841778
5919,0.7192358920352409
5920,0.8275890149993248
5921,0.9268832329726779
5922,1.0155094707648515
5923,1.1002521060013413
5924,-0.9883734158876452
5925,-0.549156439293877
5926,-0.19193974322816165
5927,0.0913420608650042
5928,0.3145360252092584
5929,0.4877236514478575
5930,0.6323168810733208
5931,0.757067831684732
5932,0.8625831916510697
5933,0.956381939781372
5934,1.0480748815184595
5935,-0.6610915660858154
5936,-0.8728416378937576
5937,-0.44880160653722967
5938,-0.10749598147454356
5939,0.1517181804145412
5940,0.35634214055478464
5941,0.5270044946262131
5942,0.6712091780680056
5943,0.7878137445760516
5944,0.8935902831509063
5945,0.9920333067888262
5946,-0.7452729344367981
5947,-1.2678943620381025
5948,-0.7559616386018666
5949,-0.3552793025729027
5950,-0.04435507823717039
5951,0.20334162295087982
5952,0.39596003302414406
5953,0.5632922531484517
5954,0.7036963231942771
5955,0.8245765069910562
5956,0.9350534477358587
5957,-0.3779922127723694
5958,-0.18019215762615204
5959,-0.00549161434173584
5960,0.14183583855628967
5961,0.26990053057670593
5962,0.38068249821662903
5963,0.48260194063186646
5964,0.571931779384613
5965,0.6545186042785645
5966,0.7210497856140137
5967,0.7855981588363647
5968,0.09290411059531489
5969,0.2782028869431219
5970,0.4426245248431661
5971,0.5745099608868784
5972,0.6756015659627629
5973,0.7594523521080068
5974,0.8407523217492573
5975,0.9139106849200298
5976,0.9749360779554996
5977,1.0329522217034643
5978,1.094101626972519
5979,0.08697901290818633
5980,0.29927489257900697
5981,0.479609141497644
5982,0.6166990648837798
5983,0.7253109969940131
5984,0.8100634604049626
5985,0.8904488630927786
5986,0.9644616635073663
5987,1.02690524176491
5988,1.0863957459462272
5989,1.1503309630078524
5990,0.07456226559056967
5991,0.30098312377904257
5992,0.4928487768365588
5993,0.6411463396153365
5994,0.7516089560193531
5995,0.8405674517165123
5996,0.9238055127422198
5997,0.9997081205691274
5998,1.0636188088347114
5999,1.1217676000841317
6000,1.1897538888010142
6001,0.045733358621959985
6002,0.2833120497433044
6003,0.4870662706478764
6004,0.646746841638604
6005,0.7651990560969897
6006,0.8577989509697167
6007,0.9443303838904813
6008,1.021443244787563
6009,1.0857981085779937
6010,1.1480494934317012
6011,1.2178216738422312
6012,-0.03934897928584291
6013,0.23877616385950853
6014,0.4561724337247538
6015,0.6271803212033636
6016,0.7576373776928771
6017,0.8574774603431996
6018,0.9474123404699379
6019,1.0272582120372322
6020,1.096160634084079
6021,1.1622803111577191
6022,1.2354386571246805
6023,-0.17345634722331216
6024,0.14548504723067013
6025,0.3840673226651278
6026,0.5722789024187974
6027,0.7168651766882617
6028,0.8296307089345543
6029,0.92554994325483
6030,1.0114066548167004
6031,1.0864381634574547
6032,1.159339249278165
6033,1.2374120885830746
6034,-0.45770948410310774
6035,-0.009717107435767869
6036,0.24913757178722928
6037,0.4655667338835767
6038,0.6301835714083943
6039,0.757954930660317
6040,0.8690860423847373
6041,0.9635370165132119
6042,1.0468233798763378
6043,1.1254837472734511
6044,1.2114597561485172
6045,-0.6614664121721823
6046,-0.2667707590612034
6047,0.05301112677635195
6048,0.30320127930697016
6049,0.4956445390779567
6050,0.647757058314959
6051,0.7773611684323377
6052,0.8814270893692242
6053,0.971798840390541
6054,1.0578120401339026
6055,1.1493041185367487
6056,-0.2655812203884125
6057,-0.6267603494088975
6058,-0.2384387614061947
6059,0.07283700053135256
6060,0.30743258656719535
6061,0.4927478784136083
6062,0.6456926585077073
6063,0.777604184605079
6064,0.8833469632282419
6065,0.9757639273118208
6066,1.0771194343540946
6067,-0.32649508118629456
6068,-1.0590625252623362
6069,-0.5738569392379943
6070,-0.18663662438214917
6071,0.10561438951345548
6072,0.32085706595212654
6073,0.4990827112006546
6074,0.6501473970634807
6075,0.7829346138676193
6076,0.8971818271355504
6077,1.0121572076311858
6078,-0.3568269610404968
6079,-0.1275322437286377
6080,-0.8948672926359289
6081,-0.4351806918481962
6082,-0.08455673653547924
6083,0.17345862736210818
6084,0.376364546676875
6085,0.555567408725457
6086,0.709128992415401
6087,0.8422438315571438
6088,0.9673896382893324
6392,-0.3500947952270508
6393,-0.13611097633838654
6394,0.03947937488555908
6395,0.19218170642852783
6396,0.3249892592430115
6397,0.44565075635910034
6398,0.548617959022522
6399,0.641344428062439
6400,0.7273141741752625
6401,0.8021974563598633
6402,0.8664968609809875
6403,-0.054194509073751895
6404,0.13723769228820037
6405,0.3091827116968008
6406,0.4602035177391647
6407,0.5766329118503664
6408,0.6778529667987867
6409,0.767204287438685
6410,0.8457307663369398
6411,0.9101841233830417
6412,0.970658616161946
6413,1.0307312771175294
6414,-0.05519383371006126
6415,0.16023320503232646
6416,0.34691566434300547
6417,0.49905751234506973
6418,0.6212309188111725
6419,0.7209347460218545
6420,0.8101515313356834
6421,0.8927727190480994
6422,0.9610261209839286
6423,1.0210001096733303
6424,1.083816049512944
6425,-0.06933062909850485
6426,0.16134513876953227
6427,0.35899414029558585
6428,0.5186224991133026
6429,0.6436144447978572
6430,0.7458024435182954
6431,0.8402589334777458
6432,0.9225290241277568
6433,0.9940682365546414
6434,1.0563000394433746
6435,1.1179931867933561
6436,-0.09710374967082869
6437,0.14422807033955098
6438,0.35262422932588966
6439,0.5226179960451809
6440,0.654088027040922
6441,0.7600317676537789
6442,0.8577338016898455
6443,0.9430065198359988
6444,1.0143039410228993
6445,1.0783934411008365
6446,1.143773821450781
6447,-0.17488314936593086
6448,0.10200338978968748
6449,0.32513868604646357
6450,0.5058018987659956
6451,0.6479641751107663
6452,0.7605454610366948
6453,0.8614383930964771
6454,0.9490040944676957
6455,1.0222378397590464
6456,1.0893103491505185
6457,1.157689838998135
6458,-0.3087808278540781
6459,0.012430134409444626
6460,0.25719039280958444
6461,0.4557452554831132
6462,0.6143611256353253
6463,0.7376626646734631
6464,0.8443467693900946
6465,0.9359082211985057
6466,1.0132721836234106
6467,1.0859540425077587
6468,1.1583976160058826
6469,-0.591070024292415
6470,-0.14406126869916847
6471,0.13033586622311108
6472,0.361449443472047
6473,0.5406429489059356
6474,0.6767529726663116
6475,0.795295322467823
6476,0.8926057525164436
6477,0.9799111943755607
6478,1.0568440013901184
6479,1.135529573678817
6480,-0.7789559452000097
6481,-0.4067762291086534
6482,-0.04700598940594547
6483,0.21739089511435894
6484,0.42211726511379416
6485,0.5845770653373574
6486,0.7169726809293322
6487,0.8274951181434298
6488,0.9157897589438572
6489,1.0002849227419697
6490,1.0858438273696063
6491,-0.36839380860328674
6492,-0.7324499178874472
6493,-0.33050773770048514
6494,-0.006037199811450816
6495,0.24210321220317868
6496,0.4287203178271154
6497,0.5856866921827915
6498,0.7218980655774712
6499,0.8315267658130522
6500,0.9275750952040164
6501,1.0199583276587003
6502,-0.44190946221351624
6503,-1.1659432984126792
6504,-0.6657646212119686
6505,-0.2625080956348582
6506,0.03517095709890071
6507,0.2610391095879258
6508,0.4376297990723615
6509,0.5949637202578594
6510,0.7291611207899482
6511,0.8467967049710268
6512,0.9562916930311572
6513,-0.46682316064834595
6514,-0.21449418365955353
6515,-0.9864509045110363
6516,-0.5112681467547521
6517,-0.15541167308089787
6518,0.10986240896217722
6519,0.3213399219983549
6520,0.5032993778056394
6521,0.6573515881496436
6522,0.7916587169513475
6523,0.9126389253659715
6524,-0.2837717533111572
6525,-0.06513772159814835
6526,0.11121144145727158
6527,0.2682378888130188
6528,0.4017464518547058
6529,0.5219988822937012
6530,0.6191242337226868
6531,0.7158266305923462
6532,0.7973995208740234
6533,0.8730891942977905
6534,0.935651957988739
6535,-0.10051023468208842
6536,0.10477805043100892
6537,0.2802536625870504
6538,0.42816037026242953
6539,0.5451408956135897
6540,0.6443484105117061
6541,0.7352647578166925
6542,0.8098505174310611
6543,0.8790656876755357
6544,0.938851662516046
6545,0.9992964272633127
6546,-0.11080491672661569
6547,0.11929873539872689
6548,0.3084743725988247
6549,0.456745881900517
6550,0.5789945093826122
6551,0.6793332827936978
6552,0.7728519776641022
6553,0.8545065748485307
6554,0.9226802146501646
6555,0.9864187688019606
6556,1.0479048911829483
6557,-0.1297940270001975
6558,0.11502985526782131
6559,0.31342562834427445
6560,0.4704561108222441
6561,0.5964035037328056
6562,0.7037965485520437
6563,0.8007280923556064
6564,0.8841452660794278
6565,0.9562003696182937
6566,1.0217991726545548
6567,1.0854714549821916
6568,-0.1644874834463752
6569,0.09043952598116789
6570,0.30156915838738024
6571,0.46935102932689776
6572,0.6030299960017802
6573,0.7144795326136497
6574,0.8156941050550929
6575,0.9032042301647458
6576,0.9774709327935616
6577,1.0451793571757868
6578,1.112077795137897
6579,-0.25359827657558043
6580,0.04367098376957951
6581,0.26952044305346223
6582,0.4504851672549852
6583,0.5931995185923074
6584,0.7115326495436125
6585,0.8168546011512423
6586,0.9079964320732189
6587,0.986437174797076
6588,1.0584741600543108
6589,1.1291368730487528
6590,-0.3821019680712896
6591,-0.04668239335989405
6592,0.2051165189238387
6593,0.40386937678754964
6594,0.5610152920522963
6595,0.6888659879791599
6596,0.8012703182668974
6597,0.8966294496615912
6598,0.9808113921928132
6599,1.0585671648161035
6600,1.1328209989605318
6601,-0.6707306893429155
6602,-0.20162295999850488
6603,0.07397948466238782
6604,0.30817150663422177
6605,0.49019595217100764
6606,0.631012960225871
6607,0.7550262142677999
6608,0.8580173850581237
6609,0.9521579271525109
6610,1.03497842216577
6611,1.1156819195582024
6612,-0.8793200788141167
6613,-0.46565718251239085
6614,-0.1226326174132032
6615,0.15297925433574983
6616,0.363230320510156
6617,0.5275783063098791
6618,0.6675110349654909
6619,0.7855880523871464
6620,0.885800249917005
6621,0.9745024231816835
6622,1.0662369975432027
6623,-0.4823487401008606
6624,-0.8039892084877849
6625,-0.39362522062160377
6626,-0.060613367584869265
6627,0.18930182503099371
6628,0.3851188527927091
6629,0.5537419911965004
6630,0.6928806550683386
6631,0.8094649183250288
6632,0.9093159082990491
6633,1.0026811486307294
6634,-0.560491681098938
6635,-1.2104235438851114
6636,-0.7070585962179511
6637,-0.31076486674730364
6638,-0.0061584401651959275
6639,0.23212492536889048
6640,0.4202196209550028
6641,0.5830470659527817
6642,0.7209381853876339
6643,0.8397976388144643
6644,0.9480290594209616
6645,-0.5845076441764832
6646,-0.31525731086730957
6647,-1.0158554643371775
6648,-0.5511242583215531
6649,-0.1902002958600108
6650,0.08447681761975465
6651,0.306409069119067
6652,0.49560038889490987
6653,0.6520609300063
6654,0.7856606636456893
6655,0.9044094153717467
6656,-0.23217662664325567
6657,-0.010260358256379165
6658,0.1869302896511235
6659,0.34870317982212795
6660,0.4772574409859902
6661,0.5818772700454022
6662,0.6738599834747523
6663,0.7524284290995015
6664,0.827592915499191
6665,0.8969872490258937
6666,0.9660489123127171
6667,-0.21266316310231015
6668,0.030642714045233166
6669,0.22834700276573314
6670,0.39598300359175054
6671,0.5297066272295812
6672,0.6389801103199294
6673,0.7339346706796162
6674,0.8176512202233621
6675,0.8948110380113132
6676,0.964383430993817
6677,1.0341810261425635
6678,-0.23871297818383208
6679,0.029654703411289368
6680,0.24439128337271937
6681,0.4131532141405802
6682,0.552507714788246
6683,0.6663261192376613
6684,0.7619145124184343
6685,0.8477209700918784
6686,0.926980725762496
6687,1.0001931248122575
6688,1.0702089616807018
6689,-0.26134244467252743
6690,0.01685635152903775
6691,0.2369489917061688
6692,0.41652136146279917
6693,0.5599003169999036
6694,0.6783428136266494
6695,0.7790632169050937
6696,0.8671894276702573
6697,0.9479471273196751
6698,1.0223610196158521
6699,1.094474961598761
6700,-0.30468876838454684
6701,-0.01793385185224733
6702,0.2157370701615765
6703,0.40509692466136515
6704,0.5580939840554435
6705,0.680865349315477
6706,0.7872444450162717
6707,0.8784734358979231
6708,0.9609784170662112
6709,1.0394136031675667
6710,1.1135149071913515
6711,-0.41184290432032067
6712,-0.07734930204628163
6713,0.1744779928081356
6714,0.3786535197886846
6715,0.5405149361261701
6716,0.6710757869277815
6717,0.7818783246546219
6718,0.8776981999099382
6719,0.9648694761419033
6720,1.0462265711410947
6721,1.1222724653174372
6722,-0.5548039342999898
6723,-0.1768751723037788
6724,0.10450333010295632
6725,0.324996987915801
6726,0.5035820088170228
6727,0.644415357036537
6728,0.7625843231061655
6729,0.8631192224194266
6730,0.9556944583200573
6731,1.0401623482370637
6732,1.1194880854122453
6733,-0.821275271301837
6734,-0.32964142229843085
6735,-0.025075805438184107
6736,0.23413209928635179
6737,0.4315382364023259
6738,0.5844887060970008
6739,0.7167780538265032
6740,0.8241105247004019
6741,0.9229897781586165
6742,1.0119087787285772
6743,1.0966035487863228
6744,-0.9923301882626292
6745,-0.5472805689250071
6746,-0.18986966732561583
6747,0.09557819761446495
6748,0.3183452531233194
6749,0.4943699320158494
6750,0.6372979295684179
6751,0.7593586247810034
6752,0.864792516936608
6753,0.9597892421097215
6754,1.050525993653284
6755,-0.826677143573761
6756,-0.8608080271159446
6757,-0.43869042406185266
6758,-0.10219742672526999
6759,0.15726962106030168
6760,0.3622605682017476
6761,0.5326596282405494
6762,0.6711524606777756
6763,0.7904395614324523
6764,0.894115347920558
6765,0.9918258159724042
6839,-0.2707856297492981
6840,-0.07491064071655273
6841,0.0844951868057251
6842,0.22875912487506866
6843,0.347234308719635
6844,0.5691588355748434
6845,0.6298855685691189
6846,0.6242482996688092
6847,0.48610630410271155
6848,0.3962735304927326
6849,0.5833366324230889
6850,0.006426917475280514
6851,0.1563131759211574
6852,0.317103575985439
6853,0.3753459446073719
6854,0.5329318655284124
6855,0.603198436978916
6856,0.6609711665351103
6857,0.6890057194015781
6858,0.7720806269584943
6859,0.7782962628025264
6860,0.8131109332954383
6861,0.005995977653604434
6862,0.17529449310737308
6863,0.3365554942006588
6864,0.3339767325679147
6865,0.4593535837861394
6866,0.6225544601435508
6867,0.516787731775205
6868,0.6244445361858162
6869,0.7281610832224277
6870,0.8082199329682398
6871,0.8980031632175622
6872,0.007335563690326952
6873,0.18224469161174017
6874,0.34335993134718806
6875,0.2868705788269341
6876,0.34721852523942176
6877,0.5012339088892406
6878,0.6259363824495109
6879,0.5966746916779101
6880,0.6707814641726051
6881,0.7647105839200474
6882,0.8913062215095763
6883,0.01090896510594419
6884,0.17480075702336878
6885,0.3429289681170419
6886,0.23547068876502406
6887,0.21651586089856076
6888,0.35577149053345036
6889,0.6685328592245593
6890,0.741374390455457
6891,0.6430473023829681
6892,0.7758346369954277
6893,0.9047418128515425
6894,0.0028416483277262095
6895,0.1741676376096624
6896,0.3380172470457756
6897,0.18303111260690988
6898,0.12104504544139097
6899,0.29136831158680154
6900,0.5772827497475793
6901,0.6637567118441374
6902,0.760057736462832
6903,0.8211571341115855
6904,0.9165085109116999
6905,-0.013419860296076891
6906,0.15901928439589302
6907,0.32950390060313395
6908,0.12169465850635389
6909,0.09000894577693205
6910,0.2714883971273506
6911,0.4254278843423892
6912,0.6229424181986201
6913,0.6981062811600827
6914,0.6440668581383623
6915,0.8683099964670021
6916,-0.045808078648684525
6917,0.1336867712814479
6918,0.3083644917807931
6919,0.04235526768780429
6920,0.11935233518958208
6921,0.2914757255897187
6922,0.4286219181058061
6923,0.6207735350688979
6924,0.6922456584992838
6925,0.7719599251462765
6926,0.9037062160517066
6927,-0.06793665883227695
6928,0.10482272817426624
6929,0.26329235341681156
6930,-0.010131595019361062
6931,0.1206022200319169
6932,0.27910132431149637
6933,0.5316288205798265
6934,0.6179108252056703
6935,0.6957453502440942
6936,0.7680196618543813
6937,0.875823637020754
6938,-0.09117123669632599
6939,0.05859073187599889
6940,0.2133050407303226
6941,0.0008179990561433814
6942,-0.03788142802107908
6943,0.253181047611204
6944,0.3952873123417452
6945,0.5003064837761687
6946,0.5934496211188086
6947,0.6848000645588834
6948,0.8433129570970592
6949,-0.13028039105729894
6950,-0.029160804375611582
6951,0.14041970393736924
6952,0.004941213550867685
6953,0.06406562524547951
6954,-0.20417039290756178
6955,0.04774465130490868
6956,0.22928225413807019
6957,0.4749249659095215
6958,0.5764916846070874
6959,0.7733482201857683
6960,-0.3199319839477539
6961,-0.0878729373216629
6962,0.10372352600097656
6963,-0.22017993805106895
6964,-0.0278716095618039
6965,-0.9590456130431602
6966,-0.48888219822857826
6967,-0.21824956883782637
6968,0.059933735410433786
6969,0.20906578931074504
6970,0.6060517161073518
6971,-0.3906013071537018
6972,-0.15438131988048553
6973,0.042523883283138275
6974,-0.14920558341316348
6975,0.20733854531859894
6976,0.32768108412818553
6977,-1.2324325028308918
6978,-0.649789677874658
6979,-0.3227531094904061
6980,-0.05218517447492599
6981,0.450684752519725
6982,-0.4598070979118347
6983,-0.7272772187478229
6984,-0.3221016027525585
6985,-0.06049237430093091
6986,0.12981401828122102
6987,0.26705566411338116
6988,0.3768503603135026
6989,0.48234111780382927
6990,0.5809323537280844
6991,0.6726729525624208
6992,0.7665882398269972
6993,-0.5287870168685913
6994,-0.2859256863594055
6995,-0.5446286733245898
6996,-0.20620650065099466
6997,0.01747739889032679
6998,0.17765463870985737
6999,0.311082377178035
7000,0.43269593874585793
7001,0.5388534770755482
7002,0.6416346984822991
7003,0.7396494928455194
7004,-0.5780171155929565
7005,-0.3329806923866272
7006,-0.727916219241029
7007,-0.3457229321160882
7008,-0.0957504316221992
7009,0.10134568406561345
7010,0.2520193530414986
7011,0.38548041016501133
7012,0.507008762210286
7013,0.6165816233361046
7014,0.7231387290226382
7015,-0.09881601313413868
7016,0.06822929802763364
7017,0.22040213190169772
7018,0.32346665594293955
7019,0.4525475422697177
7020,0.5359422849711779
7021,0.6082881551694926
7022,0.3306717220390547
7023,0.479938918060154
7024,0.5910364899060208
7025,0.7951380596684714
7026,-0.09097437879989934
7027,0.08002800754268038
7028,0.249822215425013
7029,0.2846170008795039
7030,0.4533461385577956
7031,0.5664657186360285
7032,0.22651435302601908
7033,0.3943212892090806
7034,0.5292427835675925
7035,0.6242153333249142
7036,0.8063743529402682
7037,-0.09990340230261302
7038,0.1011720560520101
7039,0.2598466857730844
7040,0.2411849700253533
7041,0.3548650785128869
7042,0.5689051524201881
7043,0.6478142498408496
7044,0.43786067277460394
7045,0.3810327318123832
7046,0.3971810045689109
7047,0.6310876507060984
7048,-0.09630654489437995
7049,0.09068980780852437
7050,0.2591041403132096
7051,0.19050412425215885
7052,0.2462887170895862
7053,0.38936271818842905
7054,0.5648670411058255
7055,0.6624007951646338
7056,0.4713314409262499
7057,0.5694598220707505
7058,0.797070713182746
7059,-0.10232114720505925
7060,0.08603520226515665
7061,0.25546992568553983
7062,0.13820339321386868
7063,0.10740478511647705
7064,0.27185165456615534
7065,0.6743669807110892
7066,0.670484690720289
7067,0.6835701644489645
7068,0.69887513669742
7069,0.8382746154956338
7070,-0.11254404941532936
7071,0.07888846152683585
7072,0.24536209300911796
7073,0.08624002502682798
7074,0.04477907159125477
7075,0.2368976274833521
7076,0.6329691191784689
7077,0.7179072505762178
7078,0.7948030753534944
7079,0.8069071619397379
7080,0.8477279739308453
7081,-0.1386082200484111
7082,0.05777912551900216
7083,0.23423415411666537
7084,0.02152673515860498
7085,0.007651194562593111
7086,0.20978290646757405
7087,0.5016011202802322
7088,0.6682772665611398
7089,0.7534794324332936
7090,0.8122829982773743
7091,0.9223523807567752
7092,-0.1704059098980465
7093,0.029720708911034288
7094,0.20524574120390837
7095,-0.06003275015084353
7096,0.05523988254773829
7097,0.24587423314693554
7098,0.39417237288566864
7099,0.6455279117396037
7100,0.7191756572155035
7101,0.8004803097750393
7102,0.9026306116410026
7103,-0.19142868667500035
7104,0.002221761250064125
7105,0.16387551502000275
7106,-0.10144056260025253
7107,0.025373843831993925
7108,0.20508190432663487
7109,0.5020621165157317
7110,0.6039302502049828
7111,0.6915899832507085
7112,0.7781788210444953
7113,0.8725825995431142
7114,-0.21200340457903188
7115,-0.042461183304746075
7116,0.11591491485576158
7117,-0.09021839818318977
7118,-0.11168022687640022
7119,0.21520067138088148
7120,0.36660720119105317
7121,0.4872175974371568
7122,0.5977493891243432
7123,0.6925696047371093
7124,0.833160880432146
7125,-0.24255392623603622
7126,-0.11756232036019787
7127,0.053408494494801645
7128,-0.08239958907421335
7129,-0.013366407176431727
7130,-0.2573322578382808
7131,0.00724018469769136
7132,0.1971792016189569
7133,0.4589901986044709
7134,0.5706512062025154
7135,0.7565788858082334
7136,-0.26829418540000916
7137,-0.031577110290527344
7138,0.1657581776380539
7139,-0.3028604923685887
7140,-0.11231246821685925
7141,-1.0398606606857628
7142,-0.5487256504594488
7143,-0.24936679895223435
7144,0.01026700383023943
7145,0.2135375037462491
7146,0.5928151920242644
7147,-0.3275327682495117
7148,-0.0873468890786171
7149,0.11085133254528046
7150,-0.22139778924468279
7151,0.15516334931703887
7152,0.29311078288501025
7153,-1.3160888140809217
7154,-0.6494287826182481
7155,-0.33588962134883454
7156,-0.06292568176154059
7157,0.44397147016292693
7158,-0.38148489594459534
7159,-0.13863644003868103
7160,0.06307072937488556
7161,-0.1310445766275139
7162,0.08490397887131249
7163,0.237634957645501
7164,0.3609400848341215
7165,0.4733168247224303
7166,0.5769087522176684
7167,0.668267355234765
7168,0.7566190334535011
7169,-0.4369715750217438
7170,-0.19127702713012695
7171,-0.6031819828909046
7172,-0.2587690024722034
7173,-0.019384434605624334
7174,0.1576115090972005
7175,0.303068421803613
7176,0.42915621789158814
7177,0.53817098805543
7178,0.6396617959978578
7179,0.73441995261309
7180,-0.49054908752441406
7181,-0.24093618988990784
7182,-0.7884922835947487
7183,-0.396018134742362
7184,-0.12965173720068118
7185,0.08630981083481991
7186,0.24700257794917516
7187,0.3851042483876831
7188,0.5073808956883141
7189,0.6144851621920552
7190,0.7182903652175087
7246,-0.21772480010986328
7247,-0.0015514374244958162
7248,0.17468848824501038
7249,0.3284379541873932
7250,0.46327558159828186
7251,0.5802184343338013
7252,0.6798936128616333
7253,0.7710403203964233
7254,0.850136399269104
7255,0.7065645091406804
7256,0.68694654970097
7257,-0.22353228618873183
7258,-0.02224029321991708
7259,0.15110481036275014
7260,0.2265087557971825
7261,0.3957541184246487
7262,0.4897475833836583
7263,0.5663666213366692
7264,0.5067726527276134
7265,0.6079118322428639
7266,0.6999903503384546
7267,0.7997748988459514
7268,-0.22663039636643262
7269,-0.006756732124982151
7270,0.16630095148675472
7271,0.1792046824068656
7272,0.3299300435257726
7273,0.5083500683943701
7274,0.38424824353608716
7275,0.4949306000438025
7276,0.5981593871249495
7277,0.6897211100318723
7278,0.8090770410484436
7279,-0.23338624741910047
7280,-0.004382736943739002
7281,0.16627355070242567
7282,0.12339684091494388
7283,0.20509113074516286
7284,0.4004764215003775
7285,0.5384439175129125
7286,0.47294295627126626
7287,0.4498786505157586
7288,0.6260119128200411
7289,0.7640682822260785
7290,-0.23930361337112122
7291,-0.022358969363193537
7292,0.1568587871652709
7293,0.06041165921143575
7294,0.06675524139486066
7295,0.2311893097483953
7296,0.5585654268941839
7297,0.6454692721836135
7298,0.47753545769082356
7299,0.6870221282548584
7300,0.8311742063946429
7301,-0.2577670418466111
7302,-0.03380818955076359
7303,0.14341324437248465
7304,0.0002710660504105511
7305,-0.037015785464199286
7306,0.1609248144821825
7307,0.46158576285684405
7308,0.5719323863980852
7309,0.6526428115081131
7310,0.7391738502454839
7311,0.8406869654097473
7312,-0.2865637375391318
7313,-0.06031244582872941
7314,0.12357151515286013
7315,-0.06975562049760078
7316,-0.07675694441431585
7317,0.13311972915075515
7318,0.2821466170221084
7319,0.5002689889101279
7320,0.600685775127836
7321,0.5013637558305993
7322,0.7787165508358312
7323,-0.33161055339925394
7324,-0.09694608209394212
7325,0.09446480704020485
7326,-0.15518858433021754
7327,-0.05582550810378159
7328,0.15223606585910976
7329,0.3074707573972325
7330,0.5088117802987384
7331,0.6097629289292523
7332,0.701811445420967
7333,0.8341184026778476
7334,-0.3563345478525767
7335,-0.12928226226286732
7336,0.04694496926475343
7337,-0.20825724528986894
7338,-0.040845760876684734
7339,0.14148674753892299
7340,0.4041568031050604
7341,0.5205278024062568
7342,0.6126095125674031
7343,0.7052184586955088
7344,0.8123018257375991
7345,-0.37801018397535535
7346,-0.17214558035808142
7347,0.0013387355101724396
7348,-0.191457285313679
7349,-0.2061698042701275
7350,0.11782851908490213
7351,0.2781782915947012
7352,0.413865990165331
7353,0.5244410022343522
7354,0.6263183999283153
7355,0.7837279158133319
7356,-0.4049644307731729
7357,-0.24382324194023564
7358,-0.05813730634095088
7359,-0.1767868135873064
7360,-0.09472126085324045
7361,-0.31685620873298387
7362,-0.04661875932748746
7363,0.1540952320229313
7364,0.39740085032760236
7365,0.5113854259631336
7366,0.7117314111676665
7367,-0.3793209195137024
7368,-0.1233816146850586
7369,0.08618345111608505
7370,-0.3884609227642122
7371,-0.1748282332502915
7372,-1.0790966758589162
7373,-0.6231457358408494
7374,-0.3092304180301839
7375,-0.07430554221403537
7376,0.13149070458277962
7377,0.5318111372208116
7378,-0.4203795790672302
7379,-0.16184911131858826
7380,0.04830961301922798
7381,-0.29109725667922054
7382,0.08372072326002344
7383,0.23638654821320298
7384,-1.3058293849664933
7385,-0.6834089043904644
7386,-0.39338924020882876
7387,-0.12521190401353027
7388,0.3885450926067598
7389,-0.4623199999332428
7390,-0.9122477788290131
7391,-0.48895288377328683
7392,-0.21045411868349817
7393,0.006117386758263468
7394,0.17135620856846834
7395,0.30533791240595926
7396,0.4190615634555883
7397,0.521445736030423
7398,0.6134014865742456
7399,0.7034622553988888
7400,-0.5182844400405884
7401,-0.2610246539115906
7402,-0.6811298350323565
7403,-0.34230135305947756
7404,-0.09850687166394798
7405,0.08812278984924758
7406,0.2391621935607744
7407,0.36781460583571796
7408,0.47622278673394
7409,0.5773065393637318
7410,0.6708643281723002
7411,-0.5979472398757935
7412,-0.3368300497531891
7413,-0.850411709984453
7414,-0.46886217728634594
7415,-0.20079581096228605
7416,0.0157043210848212
7417,0.1834034374349844
7418,0.32213238111648534
7419,0.44133324531246276
7420,0.5443693438336588
7421,0.6465989021004238
7475,-0.5107607841491699
7476,-0.31222835183143616
7477,-0.1460716724395752
7478,0.002773857209831476
7479,0.1331510990858078
7480,0.23844966292381287
7481,0.34106409549713135
7482,0.4264753460884094
7483,0.5065266489982605
7484,0.5749143362045288
7485,0.6398342847824097
7486,-0.42448097467422485
7487,-0.22384288907051086
7488,-0.0559709295630455
7489,0.5047274850289901
7490,0.5910532335684473
7491,0.6448854937030604
7492,0.6929583960033336
7493,0.23048760603762863
7494,0.36081687300372356
7495,0.4609971342294138
7496,0.7527049656631082
7497,0.1794908197837765
7498,0.30586739026169146
7499,0.44961452519054174
7500,0.47891480590794655
7501,0.6245165852371115
7502,0.6784409315944481
7503,0.7233426772924234
7504,0.7403308987275073
7505,0.756356987194583
7506,0.7156366111891426
7507,0.812936671048816
7508,0.180013984581747
7509,0.3352881061028443
7510,0.47432993627257614
7511,0.4387766323892088
7512,0.5326906180429376
7513,0.7040942369839202
7514,0.6948701833214588
7515,0.7619871471532746
7516,0.8180344653293565
7517,0.8663337368103966
7518,0.9186094988831315
7519,0.1890077658683434
7520,0.3352930340393514
7521,0.4811813395633532
7522,0.3948392678446881
7523,0.4249447078760915
7524,0.5560072792250328
7525,0.6739235014883914
7526,0.6695973449823847
7527,0.7700525511666292
7528,0.8568399570216596
7529,0.9486824032160475
7530,0.18859361138730707
7531,0.3338638216385449
7532,0.48281022726464945
7533,0.34680866747815003
7534,0.29390750163348756
7535,0.4193607256140266
7536,0.7443174206026113
7537,0.7913014765731383
7538,0.714645254457224
7539,0.8386115697985552
7540,0.932165686773692
7541,0.18157529810361334
7542,0.33138836230946506
7543,0.4763945636145549
7544,0.29299633164107297
7545,0.2132932442939102
7546,0.3664337890844125
7547,0.6924304998220273
7548,0.7739472092813681
7549,0.8220230632192773
7550,0.8723725808230601
7551,0.9509668172497694
7552,0.15258000632577273
7553,0.3101397199407659
7554,0.4687852422495002
7555,0.2162111002562319
7556,0.17596555311005357
7557,0.3423173315787458
7558,0.6690101476262983
7559,0.7624574889591405
7560,0.8210104222488952
7561,0.8564931128689774
7562,0.9528918459508686
7563,0.12296745619718075
7564,0.28371322595217685
7565,0.4304298419174334
7566,0.12832876219869366
7567,0.27016335127288515
7568,0.40959260780123985
7569,0.5151045337367341
7570,0.7618481681742406
7571,0.7999181345736096
7572,0.856873434246584
7573,0.9436247186389755
7574,0.0971305944389701
7575,0.24648059346438916
7576,0.3778435700741126
7577,0.11833864524360349
7578,0.07164019196085686
7579,0.2550722906488538
7580,0.703545304154122
7581,0.7538764276602701
7582,0.7808371217471051
7583,0.74563768421511
7584,0.8483259387253903
7585,0.05350442849355286
7586,0.14893976931488673
7587,0.29754345053627995
7588,0.12107516154671955
7589,0.13944933499587903
7590,-0.08635770036630819
7591,0.13978310458287224
7592,0.2977388133037969
7593,0.4335075915770924
7594,0.5392393739316939
7595,0.7708687624617792
7596,-0.5065430402755737
7597,-0.27836623787879944
7598,-0.08840908855199814
7599,-0.1149307247658049
7600,0.032905344519451596
7601,-1.019839081760931
7602,-0.5341827064706343
7603,-0.2304940543646235
7604,0.24441522282094524
7605,0.21450991963312427
7606,0.5763270311296074
7607,-0.5675429105758667
7608,-0.335138201713562
7609,-0.1400926560163498
7610,-0.04813295274763674
7611,0.2990983441056686
7612,0.4068953977262464
7613,0.021284257904046033
7614,-0.006664055646661171
7615,0.3776171591689621
7616,0.20901038106238135
7617,0.4130156138373777
7618,-0.625589907169342
7619,-0.38730162382125854
7620,-0.18944141268730164
7621,0.014456043471752333
7622,0.22846852683165486
7623,0.34973419845845133
7624,0.06591061216158134
7625,0.2865733485920504
7626,0.40125463564837327
7627,0.5817433994392301
7628,0.7347704826010384
7629,-0.7059341669082642
7630,-0.46156397461891174
7631,-0.43791160733026824
7632,-0.1168013828337231
7633,0.09363039153002325
7634,0.24240840535115843
7635,0.3618335901043259
7636,0.47024617544635205
7637,0.5644536156011375
7638,0.6578539264973574
7639,0.7553126634755393
7640,-0.7563521265983582
7641,-0.5089604258537292
7642,-0.6455850555464631
7643,-0.27373255749487246
7644,-0.029649078680659025
7645,0.1546313433292442
7646,0.2951536414698899
7647,0.417703131817701
7648,0.528006670933078
7649,0.6288474948608975
7650,0.7351377774711175
7772,-0.40047281980514526
7773,-0.16498234868049622
7774,0.030210375785827637
7775,0.20756919360392362
7776,0.349420163384652
7777,0.444797866989471
7778,0.5308463610860836
7779,0.09706635647206469
7780,0.2661969819612969
7781,0.4039406674268137
7782,0.6702984420118623
7783,-0.30372954319737
7784,-0.08085759503292786
7785,0.10815599087968004
7786,0.18281554385107118
7787,0.3703902339373615
7788,0.4718698865938872
7789,0.555595132519786
7790,0.6201964826377139
7791,0.6796809705348922
7792,0.6675541815687049
7793,0.7301438026199976
7794,-0.3104521158227993
7795,-0.07031390876487562
7796,0.11717575974068746
7797,0.13696586115259826
7798,0.28740753829398274
7799,0.48409549825544895
7800,0.3997924830356415
7801,0.5395795587069196
7802,0.6444445767623554
7803,0.7355079625240837
7804,0.8245033663670456
7805,-0.3209826464595238
7806,-0.07139143067495601
7807,0.11335216332378925
7808,0.0794665744563928
7809,0.16905200329274958
7810,0.36805718341125004
7811,0.5147176292533082
7812,0.46133989681413023
7813,0.5418843256053978
7814,0.6409344626745954
7815,0.7756864220961923
7816,-0.3315085086111265
7817,-0.09469939774474478
7818,0.09823409894512666
7819,0.009703570221637967
7820,0.016012361166509392
7821,0.1909705799270624
7822,0.5482527654158311
7823,0.6377498389360172
7824,0.6055628375788722
7825,0.7457263191412176
7826,0.8487178221428524
7827,-0.3527927836905311
7828,-0.11032362741928345
7829,0.07994475918787548
7830,-0.05477882000515091
7831,-0.08189952895904823
7832,0.12381756384560638
7833,0.4514958336013185
7834,0.5880832078418599
7835,0.6753223803398704
7836,0.7631340924563823
7837,0.849933190703334
7838,-0.3876846724523121
7839,-0.14355977162787548
7840,0.05816872383467423
7841,-0.12934667175507292
7842,-0.12369940481664041
7843,0.09580315137411052
7844,0.3250516483134539
7845,0.5310162198288968
7846,0.643565893463155
7847,0.6281486460671942
7848,0.8072051323402777
7849,-0.4255071771507173
7850,-0.17314467278423562
7851,0.03430430900523791
7852,-0.19980226696752834
7853,-0.10636960468450743
7854,0.1054707780884854
7855,0.2760402947995784
7856,0.48105811924855324
7857,0.58285063275084
7858,0.6886222685674871
7859,0.8197558274656074
7860,-0.452894929228737
7861,-0.20357602137783765
7862,-0.011300717212618785
7863,-0.26570734152597386
7864,-0.051386534921239596
7865,0.13575446883740577
7866,0.3643352327669814
7867,0.4784600327984495
7868,0.5864837835942222
7869,0.6842070840109001
7870,0.7956923245249177
7871,-0.47278064696421696
7872,-0.23639192532916586
7873,-0.05223690400261813
7874,-0.24649955949819996
7875,-0.26140337971643973
7876,0.02834681356790686
7877,0.21249553844103639
7878,0.36147139727968247
7879,0.4849945492333113
7880,0.595429118188924
7881,0.7691944101748505
7882,-0.4932343061904364
7883,-0.30640380198656914
7884,-0.10643483841846457
7885,-0.22798621480036962
7886,-0.15066653924827955
7887,-0.32473924238849794
7888,-0.052180747450264076
7889,0.15133244628717454
7890,0.3488355457552047
7891,0.4832171775605194
7892,0.695670847597962
7893,-0.5215003931304355
7894,-0.3623228507663724
7895,-0.15752664891249324
7896,-0.21098211837952685
7897,-0.037380283937436615
7898,-0.4455463318522016
7899,-0.1323063503966625
7900,0.08681927901218814
7901,0.14650003970252684
7902,0.6074367177741915
7903,0.49851608370277645
7904,-0.6813527345657349
7905,-0.39838871359825134
7906,-0.1667470932006836
7907,-0.3542890932254273
7908,0.04387806341241862
7909,0.15972605973977516
7910,0.3410884267362444
7911,-0.11193118704999994
7912,0.17191456065680233
7913,0.09677592317752415
7914,0.33977535371086603
7915,-0.7504985928535461
7916,-0.46662187576293945
7917,-0.23430557548999786
7918,-0.245122859934634
7919,-0.014588785265459633
7920,0.1586582257524124
7921,0.2885319963435684
7922,0.40999265596036744
7923,0.5159154542001158
7924,0.6082494414183768
7925,0.6956671287810924
7926,-0.378800762264016
7927,-0.1451376559524107
7928,0.04166723334529069
7929,0.1597559542100074
7930,0.3168724995965929
7931,0.4271051464290715
7932,0.5181902377254348
7933,0.35047357103907095
7934,0.4754752887630088
7935,0.605402136036362
7936,0.7668438796577874
7937,-0.3779064938502141
7938,-0.1413731405838327
7939,0.05828310580015485
7940,0.12337166741666603
7941,0.3182784843991896
7942,0.4461681076552326
7943,0.09206239130843888
7944,0.2720845322290488
7945,0.43747375322214643
7946,0.5563224910571062
7947,0.7328119470144192
7948,-0.3914031549436799
7949,-0.13064216515704802
7950,0.06187732198713945
7951,0.07405015103468184
7952,0.2127778052049391
7953,0.45506813719490996
7954,0.5480436281207954
7955,0.4726371882260699
7956,0.48192251947813947
7957,0.3708091938104072
7958,0.5617067566332105
7959,-0.40091553315787914
7960,-0.14324938577290652
7961,0.05307316295069582
7962,0.014014104592621965
7963,0.10628806803184204
7964,0.28166391991056333
7965,0.45520937582109255
7966,0.5299630556802438
7967,0.6501895147888759
7968,0.595373394415777
7969,0.7125251604613515
7970,-0.4131127900493705
7971,-0.1626287293099233
7972,0.0393510689255529
7973,-0.04406642288552236
7974,-0.034666287533607704
7975,0.14932326934384382
7976,0.5290131916719853
7977,0.6317495168207117
7978,0.7136410957973769
7979,0.7327315447719316
7980,0.7437684315919775
7981,-0.4354673598090166
7982,-0.1796410126619267
7983,0.019723259445360374
7984,-0.10675462886612552
7985,-0.12502703122252604
7986,0.08815387596195456
7987,0.4843029827285935
7988,0.5969809796839207
7989,0.6962677322960257
7990,0.7336762651686608
7991,0.7203693763030822
7992,-0.4709936273457389
7993,-0.2134337969923376
7994,-0.00334016054835036
7995,-0.18615101186900906
7996,-0.1696399496295976
7997,0.0571409580438304
7998,0.37154694019881307
7999,0.5542121130107156
8000,0.6773244227457671
8001,0.769106088638457
8002,0.7794139718284478
8003,-0.5151715615855479
8004,-0.25027131088801136
8005,-0.03715562380651151
8006,-0.2716389260007973
8007,-0.1258514409069859
8008,0.09311880616108159
8009,0.2670334124470335
8010,0.5412528238604576
8011,0.6482629898718495
8012,0.732211396020578
8013,0.8265229123608421
8014,-0.5409687869016224
8015,-0.2807871172369776
8016,-0.08303810184858207
8017,-0.31283305539968664
8018,-0.16178705553505812
8019,0.036530344773759965
8020,0.39670014901275696
8021,0.5165652918898997
8022,0.6276623492683289
8023,0.7212850059082503
8024,0.8055020859897017
8025,-0.5636144502564288
8026,-0.32908405921203404
8027,-0.12950510586210723
8028,-0.2923630282444745
8029,-0.26400112093906763
8030,0.14159038251868009
8031,0.30960165277930496
8032,0.45062487876451074
8033,0.5700911942239788
8034,0.6665466156171838
8035,0.7819231409879115
8036,-0.5891087526399363
8037,-0.39682696726955746
8038,-0.18614110545937615
8039,-0.2704508992969527
8040,-0.14107488965715181
8041,-0.4135826297575673
8042,-0.1140531833884611
8043,0.10018934343773822
8044,0.4924580926363765
8045,0.5905831581843397
8046,0.7308145519466825
8047,-1.0683848857879639
8048,-0.7477571368217468
8049,-0.4869976043701172
8050,-0.4571899243582395
8051,-0.168184205112063
8052,-0.6764995035262744
8053,-0.29289926169844105
8054,-0.006513972187089989
8055,0.2082512081976388
8056,0.3895171193191279
8057,0.6281262501240545
8058,-1.1189175844192505
8059,-0.7994022965431213
8060,-0.5393123626708984
8061,-0.35472861090767016
8062,-0.009768698893131339
8063,0.1628817179759929
8064,-0.7417009522217685
8065,-0.2834994625824889
8066,-0.015604958858270235
8067,0.22903957011465334
8068,0.5318653165360404
8124,-0.016015242785215378
8125,0.17276005446910858
8126,0.33224621415138245
8127,0.27881024172608154
8128,0.4009764123395248
8129,0.4870132081227948
8130,0.7861185669898987
8131,0.8656555414199829
8132,0.6435987229260028
8133,0.6796984346641133
8134,0.7116917930700283
8135,-0.15365071887495463
8136,0.03096036173406913
8137,0.19553354154683553
8138,0.25018392335569195
8139,0.4317981079585421
8140,0.5212636410276419
8141,0.5989771692685345
8142,0.6235310811851335
8143,0.697380799441448
8144,0.7421927072161842
8145,0.8363077048211804
8146,-0.1606306969566078
8147,0.0502118361227791
8148,0.21038199765389343
8149,0.2055413249902035
8150,0.3417298221962001
8151,0.541360528791288
8152,0.4891779359097228
8153,0.5622233767210185
8154,0.637876485076281
8155,0.7264854693030525
8156,0.8306660494717362
8157,-0.16054923164368828
8158,0.04575213885728355
8159,0.21172539608717247
8160,0.15691070822396452
8161,0.23642127267937488
8162,0.43103506361341437
8163,0.5688755339921285
8164,0.5075370458650683
8165,0.4687863510945019
8166,0.5870189098622811
8167,0.7216421238227714
8168,-0.1671671632155513
8169,0.03516546239799703
8170,0.2065110229426982
8171,0.10262752227104799
8172,0.10551637671024225
8173,0.2708117371769528
8174,0.5926658998918277
8175,0.6709693346994524
8176,0.4229105554369816
8177,0.6743382572680767
8178,0.8151437810013816
8179,-0.18143707041635587
8180,0.027147466022871602
8181,0.19539582880096196
8182,0.04591667694268392
8183,0.005838565623546871
8184,0.20245775033216204
8185,0.47310357839964134
8186,0.5771964195934443
8187,0.6412862130520167
8188,0.7290482333837498
8189,0.8382526941353576
8190,-0.20758047196406526
8191,0.004073160992059344
8192,0.18032379508012977
8193,-0.020112991392601476
8194,-0.030158237006068456
8195,0.17655556751990178
8196,0.24577195990983441
8197,0.4910146894084033
8198,0.5678678608034501
8199,0.40263469521183
8200,0.7409888719437803
8201,-0.24495476415393003
8202,-0.027594522376183317
8203,0.15556192511562422
8204,-0.0982667036139786
8205,-0.030642774850863086
8206,0.1752966951742032
8207,0.33291264744805693
8208,0.5032222352517087
8209,0.5929645165185088
8210,0.6873364769278347
8211,0.844175216108128
8212,-0.26973172375762344
8213,-0.05827104004103256
8214,0.1101663506589443
8215,-0.16227447327877703
8216,0.027787957690374454
8217,0.20277467999988869
8218,0.40608269336905495
8219,0.5097083139430677
8220,0.6032253385610025
8221,0.6882893091988582
8222,0.8160104594360991
8223,-0.28888972202577656
8224,-0.09812878295064037
8225,0.06332235774507919
8226,-0.14691364015475733
8227,-0.1807429076088094
8228,0.08748241504005846
8229,0.25073238121528607
8230,0.3877821831958967
8231,0.4902922584148964
8232,0.5915750770453267
8233,0.7883726990772472
8234,-0.3178585589650208
8235,-0.177558876576413
8236,-0.000380033670038582
8237,-0.13533018010379122
8238,-0.06509184221288172
8239,-0.27617789177101737
8240,-0.010623722268412156
8241,0.18463713242803625
8242,0.3591288034114432
8243,0.4733360416708969
8244,0.7061420356995387
8245,-0.24371910095214844
8246,-0.23992630318539954
8247,-0.05786764155153179
8248,-0.12463581859827588
8249,0.034262626025668014
8250,-0.3971778348924415
8251,-0.08827741469987627
8252,0.12102099051431284
8253,0.6029604581796639
8254,0.697125221973661
8255,0.7832290261069544
8256,-0.28647303581237793
8257,-0.042380332946777344
8258,0.1591484099626541
8259,-0.27387894568965077
8260,0.09292142595902464
8261,0.1407335780013792
8262,0.2843150158650146
8263,0.4335666241118077
8264,0.49228526771514725
8265,0.6061220958796746
8266,0.721626155309625
8267,-0.32486337423324585
8268,-0.07961668819189072
8269,0.12089721858501434
8270,-0.169114576786776
8271,0.05292619264653463
8272,0.21488087925876442
8273,0.19737421445676517
8274,0.37244975410123005
8275,0.4751311275433404
8276,0.6059105453819937
8277,0.7004048039691323
8278,-0.3603000044822693
8279,-1.0830786315357992
8280,-0.6132233821827742
8281,-0.27973973500974986
8282,-0.041303214010595335
8283,0.1376432671521438
8284,0.28406592775520795
8285,0.4089149664412937
8286,0.5138659860968108
8287,0.6128128512785956
8288,0.7057891045852146
8289,-0.4105660915374756
8290,-0.163307785987854
8291,-0.7911494430649321
8292,-0.41197137636114
8293,-0.14279950458259666
8294,0.07047050062310804
8295,0.23383372155239013
8296,0.3677550606462848
8297,0.4833057584890748
8298,0.5856142788890555
8299,0.6866718403094767
8472,-0.9787505269050598
8473,-0.7744047045707703
8474,-0.6052170991897583
8475,-0.45873698592185974
8476,-0.3318992555141449
8477,-0.21993796527385712
8478,-0.1222657710313797
8479,-0.03464977815747261
8480,0.04362897947430611
8481,0.11398808658123016
8482,0.17696067690849304
8483,-0.6983972044500883
8484,-0.4468727483785211
8485,-0.3015074314539586
8486,-0.1869490545629569
8487,-0.10257918522005732
8488,-0.01882790881371267
8489,0.06228412811404343
8490,0.1332268773685008
8491,0.20860376020783508
8492,0.27693094327210216
8493,0.3412884721397688
8494,-0.6027174994133299
8495,-0.3707973881312516
8496,-0.23185621505160492
8497,-0.09749463004824582
8498,0.005702210344458641
8499,0.10199718744401734
8500,0.18235547328463064
8501,0.2566552239708443
8502,0.33171223595472604
8503,0.38614069796290995
8504,0.4661265082239795
8505,-0.5427812676650174
8506,-0.26490651726035536
8507,-0.14362317425164361
8508,-0.007326937359152852
8509,0.11642280588280338
8510,0.20907807739175213
8511,0.29193640712817304
8512,0.37014994821902125
8513,0.44491851738544147
8514,0.4996603051631481
8515,0.5670510172286225
8516,-0.499044966145179
8517,-0.24034304968844244
8518,-0.10745001840884616
8519,0.03382077714242339
8520,0.16064961894229862
8521,0.25227170449103936
8522,0.3370720210991111
8523,0.4142157368425186
8524,0.4917988071665708
8525,0.5594781643968108
8526,0.6267834900757736
8527,-0.4565437714010906
8528,-0.2246997699496357
8529,-0.0767705256087079
8530,0.07442118480259485
8531,0.2017587936115962
8532,0.29656515100440894
8533,0.37906513554497107
8534,0.4557346471252139
8535,0.534289509691162
8536,0.602779251379981
8537,0.6701297013465625
8538,-0.4603078249359319
8539,-0.2236048859969496
8540,-0.0488767284233797
8541,0.11592204817848364
8542,0.23654762174800853
8543,0.3373196625410522
8544,0.43143199134286025
8545,0.5063985225435167
8546,0.5851514370770102
8547,0.6557527469809116
8548,0.7298933172190509
8549,-0.4369362027717252
8550,-0.20618131598494993
8551,-0.021478952038330335
8552,0.13792345895052027
8553,0.26533602465135864
8554,0.36803290330010285
8555,0.460881968163451
8556,0.5446902684893216
8557,0.624991499058973
8558,0.695748905432008
8559,0.7653164092970403
8560,-0.41872343735580286
8561,-0.19550145434478622
8562,-0.011451041031193432
8563,0.16282350119218178
8564,0.2886068703325101
8565,0.3936578128753676
8566,0.48811187059240146
8567,0.5732312758671279
8568,0.6545979716260812
8569,0.7279581333733782
8570,0.7994292173078753
8571,-0.4285855435579887
8572,-0.18959699498526794
8573,-0.0006192898179185613
8574,0.17028988867885722
8575,0.3101439610168524
8576,0.4203381194944226
8577,0.5156942279575714
8578,0.6027812440078557
8579,0.6858551767328287
8580,0.761936867127191
8581,0.8318595281272325
8582,-0.4446651852426129
8583,-0.1821706883494023
8584,0.006280980338635583
8585,0.18329803635887237
8586,0.32755671390629004
8587,0.43929149917136884
8588,0.5398430230777259
8589,0.6282185890752692
8590,0.7137288669910761
8591,0.7904210397204521
8592,0.861987307497909
8593,-0.454560685242858
8594,-0.20070551125499375
8595,0.012371557048884929
8596,0.19324294075804294
8597,0.3365613504172946
8598,0.4481056019720675
8599,0.5501111278838029
8600,0.6448966264664027
8601,0.7308227323387049
8602,0.8090503063990334
8603,0.8813937431954146
8604,-0.4853243674484178
8605,-0.20728791833377214
8606,0.014209425196638675
8607,0.1955957076841346
8608,0.34030934758316816
8609,0.4596566367869827
8610,0.5629846406872704
8611,0.6592702261646995
8612,0.746808572682628
8613,0.825221507869512
8614,0.8995403981742806
8615,-0.4921663980249369
8616,-0.20498515088493957
8617,0.003993183146297763
8618,0.18731297363525254
8619,0.33864134785358563
8620,0.46059725082373904
8621,0.5697338527877165
8622,0.6684176724995554
8623,0.7563797472414375
8624,0.8375049352149242
8625,0.91331286196292
8626,-0.5973232250391614
8627,-0.2317331701684628
8628,-0.0060789400256870685
8629,0.18722316072839293
8630,0.3346424783290874
8631,0.4636787925769156
8632,0.5734635516736778
8633,0.6768109841653364
8634,0.7658818134322356
8635,0.8489237436559559
8636,0.9260430010810471
8637,-0.598866284644211
8638,-0.25811014216182626
8639,-0.022338882536878324
8640,0.1747422109497412
8641,0.33399346239103384
8642,0.4648529273495172
8643,0.5799221622569908
8644,0.6836641827606804
8645,0.7749261523331742
8646,0.8599878300670158
8647,0.9384289423380199
8648,-0.6820652917449228
8649,-0.24227178602132993
8650,-0.03119351914031182
8651,0.16902426255624753
8652,0.3381722809672696
8653,0.4681442404886619
8654,0.5857931063060566
8655,0.6911509355366885
8656,0.7823671267713047
8657,0.8688180765521729
8658,0.9507412197067656
8659,-0.6713456293438262
8660,-0.3382027710718477
8661,-0.07802135634270763
8662,0.13791103995606968
8663,0.3178418126035877
8664,0.4551065513182034
8665,0.576707962955477
8666,0.6826635741415223
8667,0.777695444360476
8668,0.8657283743781021
8669,0.9496501266970778
8861,-1.35205078125
8862,-1.0874003171920776
8863,-0.8720027208328247
8864,-0.6882106065750122
8865,-0.5311368703842163
8866,-0.39410150051116943
8867,-0.277068167924881
8868,-0.1732681542634964
8869,-0.0815674290060997
8870,-0.0012698888313025236
8871,0.0708751231431961
8872,-0.9250281658007823
8873,-0.6189599517595308
8874,-0.44364806935626955
8875,-0.3125592861016343
8876,-0.2124527342554051
8877,-0.1106357874438692
8878,-0.014377976988991008
8879,0.06435092259861774
8880,0.14126053787335974
8881,0.20629839073723544
8882,0.26451186903739093
8883,-0.8339743488077362
8884,-0.5464142483657737
8885,-0.3774761964760589
8886,-0.2277974160553342
8887,-0.11071195964510344
8888,0.0019611063211486257
8889,0.0969664576485486
8890,0.1777766230219847
8891,0.25336889692286235
8892,0.31722832488666475
8893,0.3764021510154282
8894,-0.6954559023382023
8895,-0.4190929331834525
8896,-0.2757241832781956
8897,-0.12369797761575485
8898,0.009267445285967704
8899,0.12299949225651656
8900,0.21549157514391443
8901,0.2868436385853622
8902,0.37503697424218696
8903,0.43731993369501243
8904,0.4981345353835277
8905,-0.7078709159069123
8906,-0.4008185364420245
8907,-0.23820412843314376
8908,-0.078155708940218
8909,0.06628402615466912
8910,0.17759168943690223
8911,0.2773553720120999
8912,0.3624605408580154
8913,0.4411556649142478
8914,0.505658930063922
8915,0.5678545860981443
8916,-0.6754550601464906
8917,-0.39120074997251564
8918,-0.20522235561724395
8919,-0.029868153433362105
8920,0.10964826610403677
8921,0.22455785587231536
8922,0.328000339726053
8923,0.4120039745739812
8924,0.4913521200745702
8925,0.5561978404244736
8926,0.6180163303720687
8927,-0.6910658414545334
8928,-0.38773137027936716
8929,-0.17437032836663235
8930,0.008825123280230232
8931,0.15116653877369682
8932,0.27364216953792114
8933,0.3829611535320715
8934,0.47074650459864786
8935,0.5510180290959479
8936,0.6181662728283699
8937,0.6827670639697135
8938,-0.6454894356740284
8939,-0.36679012935836863
8940,-0.14963948350923928
8941,0.03822104588040034
8942,0.184212608827719
8943,0.3083500740756182
8944,0.4152729427150038
8945,0.5065993059208689
8946,0.5873466560581373
8947,0.656321698276316
8948,0.7216352854304153
8949,-0.6772853606358067
8950,-0.36782447636016413
8951,-0.14586420210525175
8952,0.051434910062137226
8953,0.20995284436886769
8954,0.3425548671528974
8955,0.44844297704771896
8956,0.5459823536507951
8957,0.6285886903254845
8958,0.7000867440375262
8959,0.7668984846824081
8960,-0.6830555885927786
8961,-0.3585569498932196
8962,-0.13416518764903873
8963,0.06630419893214444
8964,0.23176080235952515
8965,0.3640004337714108
8966,0.48111517786371516
8967,0.5738999210483258
8968,0.6569435839639133
8969,0.7317712636885927
8970,0.8012820686475806
8971,-0.6855671009295345
8972,-0.3801247909273341
8973,-0.12933884530559275
8974,0.07804585094458927
8975,0.24303387587166952
8976,0.37693938352234235
8977,0.4937946876096003
8978,0.5945946476437225
8979,0.6813112324008276
8980,0.7572454953014336
8981,0.8256247980899059
8982,-0.7361264321376748
8983,-0.3995165227281575
8984,-0.1347289137617146
8985,0.07592584409223609
8986,0.245880349681039
8987,0.38834922823569856
8988,0.5068569101364856
8989,0.6099415998352118
8990,0.7014380538262841
8991,0.7760963289216156
8992,0.8468969279951215
8993,-0.834879031343127
8994,-0.419780933048054
8995,-0.15734423402186226
8996,0.06142703366278242
8997,0.23465776400024974
8998,0.3835135398348156
8999,0.507305239475738
9000,0.6156237783326018
9001,0.7072039203267136
9002,0.7875538811634988
9003,0.8616310797911115
9004,-0.8713355878176959
9005,-0.46208537484038703
9006,-0.18293933229803558
9007,0.04452800364653135
9008,0.22930784387133457
9009,0.38288350995862896
9010,0.5117191896339508
9011,0.6239553118978478
9012,0.717917575782015
9013,0.8029566986571135
9014,0.8777257891425827
9015,-0.9578406557852419
9016,-0.5272093976140348
9017,-0.22787530309282894
9018,0.014345062709256833
9019,0.21925228986334744
9020,0.37566417943674624
9021,0.5109853289976823
9022,0.6248483443244006
9023,0.7220433423824619
9024,0.8094760850589575
9025,0.8885934051704807
9026,-0.5219464716171693
9027,-0.2609451610355941
9028,-0.006292684073533325
9029,0.19667003182604842
9030,0.36236473991643814
9031,0.5037830142706696
9032,0.622250840738088
9033,0.7236898317058011
9034,0.8125853069406545
9035,0.8924212481189951
9036,-1.0921471559719949
9037,-0.4948668364336881
9038,-0.1703691958351723
9039,0.14885160510958856
9040,0.3282841200123524
9041,0.47421695603407843
9042,0.5988784643027121
9043,0.7056031500953803
9044,0.8016407752554853
9045,0.8845150528820374
9046,-1.2689810249946045
9047,-0.5629420662847416
9048,-0.18968102890283953
9049,0.1289518009549538
9050,0.31352731699434655
9051,0.46576638548490545
9052,0.5937542231808716
9053,0.7045952628690402
9054,0.801353563246952
9055,0.8869316760215903
9372,-1.0408821105957031
9373,-0.8433778882026672
9374,-0.6791929602622986
9375,-0.5365594625473022
9376,-0.4126887917518616
9377,-0.30306577682495117
9378,-0.2072182595729828
9379,-0.12106833606958389
9380,-0.043962813913822174
9381,0.02545173093676567
9382,0.08766744285821915
9383,-0.7875826358795166
9384,-0.5900341272354126
9385,-0.42582207918167114
9386,-0.2831721603870392
9387,-0.15929248929023743
9388,-0.04966557025909424
9389,0.04618225246667862
9390,0.13232991099357605
9391,0.2094314992427826
9392,0.27884095907211304
9393,0.34105080366134644
9394,-0.6262791568941424
9395,-0.3962302300921554
9396,-0.2614505485786517
9397,-0.1548334703390014
9398,-0.07655034330898691
9399,0.0033749799716003004
9400,0.08369722579705824
9401,0.1541281652812414
9402,0.22741673249779892
9403,0.29292330415460816
9404,0.3571881329297202
9405,-0.550467685583493
9406,-0.33605879096410085
9407,-0.20635333326840177
9408,-0.08389081327501968
9409,0.009428039646074776
9410,0.09931318093061547
9411,0.17898721950703494
9412,0.2520403930111844
9413,0.32508263457214137
9414,0.3904330602022341
9415,0.4562676401694339
9416,-0.40746400262492244
9417,-0.19447877983026085
9418,-0.10385633748838674
9419,0.015543463014508763
9420,0.12012142707246369
9421,0.21032889575853259
9422,0.2865933930439537
9423,0.3644123240526625
9424,0.43515017523858646
9425,0.49853445998853263
9426,0.5655684648807037
9427,-0.4744003877585574
9428,-0.20994368325705892
9429,-0.0910320495602468
9430,0.04234632063721941
9431,0.17473282276897906
9432,0.26330111179981475
9433,0.3472502136387895
9434,0.41628638652034233
9435,0.4903459946744927
9436,0.5553809595176807
9437,0.6231279247436885
9438,-0.38236561627799204
9439,-0.16793551146884766
9440,-0.041315084706856076
9441,0.09637221977085464
9442,0.21653424596507437
9443,0.3054471309048609
9444,0.3896597016674617
9445,0.46582106050707617
9446,0.5426398974891999
9447,0.6077095935132579
9448,0.6744526380463554
9449,-0.37403260335897703
9450,-0.17045544271723145
9451,-0.012814055229346727
9452,0.14692851546863733
9453,0.25555814053420833
9454,0.3501441854614116
9455,0.44835013295479265
9456,0.5258057227428966
9457,0.5942238937721369
9458,0.6612935077839899
9459,0.7297128719977037
9460,-0.3953857295817257
9461,-0.16259997277242144
9462,0.015616211136115082
9463,0.17024458088594424
9464,0.2916125258134403
9465,0.3922941786471346
9466,0.48118733640179595
9467,0.5695139433279086
9468,0.6482654353256653
9469,0.716217117889604
9470,0.7859002612045949
9471,-0.3398164230314942
9472,-0.1395438823086087
9473,0.03356968078711725
9474,0.19994413372149658
9475,0.3202836933536571
9476,0.42150387409245427
9477,0.5144016891637451
9478,0.5993267304684997
9479,0.6789527162009179
9480,0.7495515213035675
9481,0.8204259622584029
9482,-0.35550951823076293
9483,-0.13510413302443824
9484,0.04245321765468307
9485,0.20636684465247573
9486,0.3410839697739053
9487,0.4460254553658898
9488,0.5411113346332229
9489,0.6284076196063328
9490,0.7096514445056459
9491,0.7827481897824122
9492,0.8525069032539444
9493,-0.366963321254548
9494,-0.1267938447382807
9495,0.05286307104926846
9496,0.22259476447692159
9497,0.3590567303913975
9498,0.46597355620344616
9499,0.5666704027470504
9500,0.6583727185175199
9501,0.739787775602416
9502,0.812302626277683
9503,0.8846311552487778
9504,-0.36775252768361555
9505,-0.14158001362224448
9506,0.06025716637841577
9507,0.23396793247666856
9508,0.3677693471842436
9509,0.4775818321042712
9510,0.5786845091133661
9511,0.6713645234559402
9512,0.7561018479553109
9513,0.8316030173007606
9514,0.9030824105335113
9515,-0.40314861361720444
9516,-0.1490180659230248
9517,0.062036756411361194
9518,0.2359979608220878
9519,0.3737598643080665
9520,0.48839698285171884
9521,0.5904099499244013
9522,0.6871547600666696
9523,0.7738148162329502
9524,0.8493941596373082
9525,0.9228543188848202
9526,-0.4284658771779042
9527,-0.14957529808441772
9528,0.050729396419349926
9529,0.22733673254394304
9530,0.370192924196609
9531,0.4881281990278544
9532,0.5959761539929118
9533,0.6963278130054076
9534,0.7824289315048624
9535,0.8609060698597353
9536,0.9357474787588375
9537,-0.4624696466302619
9538,-0.1537973015083372
9539,0.043386906789484425
9540,0.23330446006015193
9541,0.3710785570204845
9542,0.4986437358304735
9543,0.6089368150700927
9544,0.711737443573728
9545,0.7972058321779982
9546,0.8810744513906354
9547,0.9563943192571831
9548,-0.5393157805541839
9549,-0.2211891573474014
9550,0.020391948444933083
9551,0.2068324220594629
9552,0.36409714745018684
9553,0.4886399639101463
9554,0.6032078170665008
9555,0.7073937238240702
9556,0.7976954664169407
9557,0.8795322034006231
9558,0.9576060519834614
9559,-0.5910594442234198
9560,-0.20915831298154086
9561,0.011563500007432725
9562,0.20525851746926302
9563,0.36872528329026966
9564,0.4920690098353685
9565,0.6100295494637633
9566,0.7142841676929415
9567,0.804403652225273
9568,0.8874749896532738
9569,0.968431508667531
9570,-1.0196094512939453
9571,-0.8007497787475586
9572,-0.6204493045806885
9573,-0.4650041460990906
9574,-0.3308923542499542
9575,-0.2128850221633911
9576,-0.11022396385669708
9577,-0.018358206376433372
9578,0.06353771686553955
9579,0.13700374960899353
9580,0.20264177024364471
9581,-0.7523285767405774
9582,-0.4822300782362704
9583,-0.32613167734435855
9584,-0.20148792545549166
9585,-0.10919593792128274
9586,-0.019172940554774684
9587,0.06359243931369471
9588,0.1343620299918422
9589,0.20821876534025066
9590,0.27554348748777024
9591,0.3402754232086085
9592,-0.6622668668103147
9593,-0.41047380745811435
9594,-0.2604468520369466
9595,-0.11734892843124967
9596,-0.007493601950769618
9597,0.09420623269442127
9598,0.17617221957216578
9599,0.24999339557067146
9600,0.3234583644472526
9601,0.3904880810088708
9602,0.4570644431397496
9603,-0.6275553638343869
9604,-0.3169216723726673
9605,-0.17990975476037913
9606,-0.03522272854093192
9607,0.0962420020320677
9608,0.19254441447029222
9609,0.2781556761911427
9610,0.355404553393562
9611,0.42892015720616405
9612,0.49542794296286813
9613,0.5633011850833923
9614,-0.5466868339063213
9615,-0.2772618248571499
9616,-0.13137840199896994
9617,0.02328396889633902
9618,0.1482114856058821
9619,0.24951351121907714
9620,0.3300182439513231
9621,0.4057523834603938
9622,0.48213001256700383
9623,0.5486393020164042
9624,0.615849461339912
9625,-0.523355637958668
9626,-0.27232032547584184
9627,-0.10204965258658427
9628,0.06362906886418411
9629,0.18886175279877274
9630,0.2892114732054196
9631,0.380897943796479
9632,0.4564506454938747
9633,0.5327525163955836
9634,0.6008325145395049
9635,0.6689780173223945
9636,-0.535502734813516
9637,-0.26879038249588155
9638,-0.07641384560655767
9639,0.09409528440055036
9640,0.22189449697247307
9641,0.3279328344622283
9642,0.4236316211637895
9643,0.5027994758901193
9644,0.5802831261056494
9645,0.6497265707452203
9646,0.7195286757904908
9647,-0.4891315065605726
9648,-0.24590886892176544
9649,-0.04929928124598451
9650,0.1232257081455252
9651,0.2548520609517146
9652,0.3622481504840515
9653,0.45543032440355047
9654,0.5379456368222781
9655,0.6158302546715462
9656,0.686955953983996
9657,0.7573036287957909
9658,-0.5356916108575429
9659,-0.25005676310239094
9660,-0.04881907805278898
9661,0.1371026465820084
9662,0.27882740014206553
9663,0.394601147396981
9664,0.48836507637243787
9665,0.5743602649866604
9666,0.6532652074882015
9667,0.7266562210069785
9668,0.7986068472854376
9669,-0.5048272315877276
9670,-0.23240637900277694
9671,-0.030393740368857336
9672,0.1506379564469591
9673,0.30029370287971524
9674,0.4130854974375874
9675,0.5120304324965694
9676,0.598908598593789
9677,0.679713645885831
9678,0.7563642832986461
9679,0.8261459217648928
9680,-0.5386244592654543
9681,-0.2522128050874896
9682,-0.02590972625348653
9683,0.1619360648216654
9684,0.3087962330873676
9685,0.42532926696532736
9686,0.5262789326368696
9687,0.618113082221317
9688,0.7015682322408037
9689,0.7784801761365757
9690,0.8507855492911421
9691,-0.5623323707290353
9692,-0.25826559149125805
9693,-0.02377042833944784
9694,0.1653191927484033
9695,0.3153054687359376
9696,0.43776500430958826
9697,0.5406628366275084
9698,0.6329662934489333
9699,0.7179645023037469
9700,0.7956740240100542
9701,0.8697755259988156
9702,-0.569771442209648
9703,-0.25959032489558964
9704,-0.034340932412275205
9705,0.15801664390371611
9706,0.3149997059428077
9707,0.44028717530425676
9708,0.5490684201743388
9709,0.6452949690984291
9710,0.731695463544523
9711,0.812212629851417
9712,0.8880279332561236
9713,-0.6822933862768128
9714,-0.28872566467361815
9715,-0.047259245687818474
9716,0.15580758242144338
9717,0.3092393693515526
9718,0.44178426268635673
9719,0.5515651720457883
9720,0.6529518122293108
9721,0.7406900294998304
9722,0.8235535775265224
9723,0.9006422431302632
9724,-0.6974998588346697
9725,-0.3284694130748407
9726,-0.06919251892877198
9727,0.13789448790119996
9728,0.30617720618709465
9729,0.44040068217641243
9730,0.5562008380224035
9731,0.6585179018224856
9732,0.7492012215060334
9733,0.8343744735373795
9734,0.913059443298004
9735,-0.7712964238650284
9736,-0.3607153200016714
9737,-0.097770628015733
9738,0.12063317811446027
9739,0.30317671038951377
9740,0.43915147488414674
9741,0.5587421166573885
9742,0.66220723399897
9743,0.7544237967468499
9744,0.8415407108837003
9745,0.9240472219526036
9746,-0.7561586352316507
9747,-0.34868082160688196
9748,-0.11826821485683153
9749,0.10553263027262128
9750,0.2867097720731784
9751,0.4295028192356499
9752,0.5536339881940624
9753,0.6607753760684253
9754,0.7568886276531237
9755,0.8457567518566975
9756,0.9293111855270506
9757,-0.18335218479512205
9758,0.06933310828628805
9759,0.2579135893678829
9760,0.40853734957800664
9761,0.5352322465547839
9762,0.6463023893167334
9763,0.7460069247924146
9764,0.8386719215192728
9765,0.9231132792885648
10032,-0.8459537625312805
10033,-0.6533804535865784
10034,-0.4929301142692566
10035,-0.35327109694480896
10036,-0.23177897930145264
10037,-0.12410154193639755
10038,-0.029831886291503906
10039,0.05499834939837456
10040,0.1310020238161087
10041,0.1994890421628952
10042,0.23036909103393555
10043,-0.5262201974517696
10044,-0.3266778591898014
10045,-0.20589375342065225
10046,-0.11336525443001932
10047,-0.04865622059518543
10048,0.0220579859003594
10049,0.0982464795997387
10050,0.16461419204722383
10051,0.23281111304664484
10052,0.29459921539659384
10053,0.3621589279320505
10054,-0.46618992720960284
10055,-0.28847908497685115
10056,-0.16199999250473895
10057,-0.0681111681852688
10058,0.006175721182772598
10059,0.08317204749553456
10060,0.15886556347045744
10061,0.2267850311713414
10062,0.2947276274319496
10063,0.3718154579209686
10064,0.44063595384934684
10065,-0.41786938376698046
10066,-0.23078342283183928
10067,-0.11785750374088388
10068,-5.361206056728185e-05
10069,0.08848180436598027
10070,0.17481500246254533
10071,0.24972457449801166
10072,0.3199722114147314
10073,0.38754455605910476
10074,0.44897191290462446
10075,0.5190376800495182
10076,-0.33128673766257766
10077,-0.12351300425618722
10078,-0.033040038015509476
10079,0.08315443303350722
10080,0.1868454617635848
10081,0.2690482048964876
10082,0.3446366611901968
10083,0.4183174465417066
10084,0.4849188981855893
10085,0.545197108995014
10086,0.6163204106108031
10087,-0.3037765764216054
10088,-0.10302881958180365
10089,0.004838534062512334
10090,0.12842439695899685
10091,0.23889990903874886
10092,0.3191091732156811
10093,0.39783389233271704
10094,0.4700056712432929
10095,0.5399439743002789
10096,0.600869831153407
10097,0.6717014810706983
10098,-0.2636592249544354
10099,-0.08921172441609304
10100,0.04131919959625696
10101,0.18052528051676064
10102,0.2850748307879075
10103,0.3690286892875939
10104,0.45222021297956594
10105,0.5237166940781495
10106,0.5940502526873376
10107,0.6562945576263086
10108,0.7276925744027143
10109,-0.27316022835555975
10110,-0.08436188016278412
10111,0.07073804166035602
10112,0.21636583582859759
10113,0.3224835723267749
10114,0.4120943037830212
10115,0.4994557931792788
10116,0.5743662554993094
10117,0.6457556074396782
10118,0.70948554838707
10119,0.7825906876615996
10120,-0.2234364300596665
10121,-0.059206676633684674
10122,0.09974567362164394
10123,0.24711396560141327
10124,0.3562944222047747
10125,0.4465139766105292
10126,0.5307585366630476
10127,0.6087016008685796
10128,0.6804697419786438
10129,0.745825978307724
10130,0.8193169038828747
10131,-0.2679672111014446
10132,-0.06065778729942972
10133,0.10243865795767582
10134,0.2622764723879885
10135,0.38099404259958536
10136,0.47879042465884936
10137,0.5628696674625626
10138,0.6440081379393379
10139,0.7167553792451904
10140,0.7843164719682207
10141,0.8591479399010886
10142,-0.23032479888445034
10143,-0.039462395229719616
10144,0.12350002899850926
10145,0.2769199366783391
10146,0.4004114640032356
10147,0.49542474171094236
10148,0.5836636371626923
10149,0.6649738438584814
10150,0.7396311611194615
10151,0.8101992123939492
10152,0.8825669615614677
10153,-0.2608816215907094
10154,-0.054718227549315546
10155,0.13143233618539532
10156,0.29086503859672425
10157,0.41185782426094336
10158,0.507994622049637
10159,0.5975799132060284
10160,0.6836489031350221
10161,0.7607583447772119
10162,0.8315139143746486
10163,0.9061314520788655
10164,-0.2791203580383589
10165,-0.05586650139295424
10166,0.13768674065331382
10167,0.2970385342686219
10168,0.41968114740929585
10169,0.5206308819010113
10170,0.611441577802083
10171,0.6988936759020973
10172,0.7776320947049724
10173,0.8489797362227662
10174,0.9252873170387426
10175,-0.29628165281414676
10176,-0.053686480049042085
10177,0.12951693827013858
10178,0.29121049989897546
10179,0.41852491997092633
10180,0.521935008235002
10181,0.618029026465408
10182,0.7082593227117376
10183,0.7876259890108901
10184,0.8610434633480831
10185,0.9395137990881943
10186,-0.3942741464342092
10187,-0.07560866208243955
10188,0.12298894871310345
10189,0.29310294411996796
10190,0.4152937740772615
10191,0.5245080627899483
10192,0.620627160571274
10193,0.7150603337183461
10194,0.7951979552951789
10195,0.8709633891676329
10196,0.9496647815553808
10450,-0.33666277198469297
10451,-0.18515630592387933
10452,-0.1024593160658056
10453,-0.035950291497488185
10454,0.015513763050884838
10455,0.07975148846680782
10456,0.15025394281295507
10457,0.21001977878144684
10458,0.2694090351736762
10459,0.3267372116571837
10460,0.39693432057684486
10461,-0.3012365314412485
10462,-0.14750509476243923
10463,-0.06786061808456784
10464,0.008613033117510327
10465,0.06944133190080493
10466,0.1397876552631624
10467,0.20975173540213476
10468,0.2709905793395465
10469,0.3301012663774569
10470,0.3872947180149693
10471,0.4585140785979022
10472,-0.24175406834788993
10473,-0.10000635624678522
10474,-0.024233422588599507
10475,0.06460168706313241
10476,0.13703352691544293
10477,0.21493191992786853
10478,0.2841689150377649
10479,0.34721812502433236
10480,0.4059482928015638
10481,0.4629371490576921
10482,0.5354312675683224
10483,-0.142360767573405
10484,0.012882049974702658
10485,0.059037961519037396
10486,0.14206143136126803
10487,0.22299057094504893
10488,0.2968935320577613
10489,0.36455118779535856
10490,0.43080216266117716
10491,0.4876949518376913
10492,0.543001566919958
10493,0.6162869566202542
10494,-0.16790654459025722
10495,0.013472798800664099
10496,0.08338478070224142
10497,0.1762269287039462
10498,0.27015763319381475
10499,0.3410992073618907
10500,0.41413024236435153
10501,0.4789917579166051
10502,0.5391854789069821
10503,0.5956047847230609
10504,0.6691052971646445
10505,-0.1089095136798135
10506,0.04014524518923129
10507,0.11966202571391227
10508,0.2185222864745112
10509,0.3089820466300648
10510,0.3806559351058554
10511,0.45439992539077684
10512,0.5178498423644182
10513,0.5792927985002994
10514,0.6358600018891725
10515,0.708937017908979
10516,-0.10035955566611976
10517,0.040125572019967026
10518,0.14460021537128215
10519,0.2612924042653701
10520,0.3459304744589754
10521,0.42250061020361807
10522,0.5020697809378216
10523,0.5652887538746076
10524,0.6254065047999557
10525,0.6835070327452291
10526,0.7583272101032787
10527,-0.1127722482348934
10528,0.04771793392242918
10529,0.16859727943431807
10530,0.28348189896906584
10531,0.37262072761918424
10532,0.4525537377432206
10533,0.5376613649232194
10534,0.5999376539179057
10535,0.6612700828220439
10536,0.7198515997001788
10537,0.7958800840371065
10538,-0.05924717028586812
10539,0.07336028404359884
10540,0.195206328325541
10541,0.3099291830847722
10542,0.4015104192999273
10543,0.48073019712050996
10544,0.5574965709163557
10545,0.6260583290357811
10546,0.6867204486254046
10547,0.7463873073707477
10548,0.8226809749480772
10549,-0.0649712847086874
10550,0.08027748676494484
10551,0.20303813552172878
10552,0.33157668652982336
10553,0.4230252719255824
10554,0.5045682232895378
10555,0.5828822156841256
10556,0.651867174451328
10557,0.7135529059290121
10558,0.7745387943917488
10559,0.8527219658467237
10560,-0.05991069537596472
10561,0.09205854187095752
10562,0.21661473334672232
10563,0.34044492626188616
10564,0.4431513901792151
10565,0.5268737412316655
10566,0.6043995940998568
10567,0.6720570269011795
10568,0.7342656974893431
10569,0.7988218349717697
10570,0.8736054896308143
10571,-0.07231526997820437
10572,0.1033466893496453
10573,0.23031891933330056
10574,0.3548830712933459
10575,0.46194367815627424
10576,0.5454096941110733
10577,0.6261906518100403
10578,0.6948549953560387
10579,0.7590966566997224
10580,0.8207671555833929
10581,0.8969434573203867
10582,-0.07977004103648277
10583,0.09112105532056636
10584,0.24243793916745787
10585,0.37162907246331506
10586,0.47303861069136494
10587,0.5559716096087124
10588,0.6365498191736786
10589,0.7106564213807873
10590,0.774223572636132
10591,0.8383704183570827
10592,0.9170024822863652
10593,-1.163770079612732
10594,-0.9238762855529785
10595,-0.7280875444412231
10596,-0.5608865022659302
10597,-0.416909396648407
10598,-0.2914730906486511
10599,-0.18299369513988495
10600,-0.08643873035907745
10601,-0.0014635085826739669
10602,0.07363677024841309
10603,0.1414463222026825
10604,-0.8316280693701755
10605,-0.5420236691658205
10606,-0.3751746082803943
10607,-0.24447317018408693
10608,-0.14666285477474228
10609,-0.050240912400677976
10610,0.03838169531381172
10611,0.11163645669399078
10612,0.18505371039487872
10613,0.249677583448352
10614,0.3105255945070009
10615,-0.7516479254568534
10616,-0.4705287334210636
10617,-0.3170380546486598
10618,-0.17034956249808397
10619,-0.057460174091093275
10620,0.04896935608057368
10621,0.1364200421813309
10622,0.21181557208000978
10623,0.2841615549009825
10624,0.34783504030868784
10625,0.4096190366972481
10626,-0.7000678543894958
10627,-0.3723791804592331
10628,-0.22579941704854345
10629,-0.07529562777262461
10630,0.05852195558733192
10631,0.17022650241493253
10632,0.26157940809432123
10633,0.3409233632336861
10634,0.4127754147859516
10635,0.47504290344812505
10636,0.5262033952789789
10637,-0.6156713533161657
10638,-0.3319045548418573
10639,-0.17466680866556572
10640,-0.01935668478281191
10641,0.11785407171325267
10642,0.22087794139265263
10643,0.3129982310803575
10644,0.3863164179947172
10645,0.46187169974802833
10646,0.5314824021079706
10647,0.5957185377938705
10648,-0.6014583845001849
10649,-0.33121432660860206
10650,-0.14729168560429928
10651,0.02640316368846729
10652,0.15798739954915086
10653,0.26602564823643654
10654,0.36334421128679445
10655,0.44139848416607574
10656,0.5170270572333603
10657,0.5819979421838847
10658,0.6465298568163302
10659,-0.6168560461800912
10660,-0.327340437741508
10661,-0.12188122492853487
10662,0.05575043620202963
10663,0.19086133049754175
10664,0.3082784600560913
10665,0.4064793007305244
10666,0.4880662170066489
10667,0.564731949966047
10668,0.6314576558903402
10669,0.6982850546344729
10670,-0.5706308795099233
10671,-0.3053933449259416
10672,-0.09601472765914165
10673,0.08496000452899315
10674,0.2238526258187561
10675,0.3393058161005801
10676,0.4383984601206393
10677,0.5234901861462089
10678,0.6006041631536257
10679,0.6690538768475047
10680,0.7364000004477254
10681,-0.6092060766241645
10682,-0.30768968461308677
10683,-0.09355982499878407
10684,0.09892655548445527
10685,0.24930116096705096
10686,0.3734713255739442
10687,0.47364136550754343
10688,0.5621893915713336
10689,0.6399159607894778
10690,0.710372424440201
10691,0.7794537718090857
10692,-0.5995526848162588
10693,-0.29389258541155094
10694,-0.07839861581680713
10695,0.11401380013202707
10696,0.2708715500816944
10697,0.3939113947035947
10698,0.4992579107621593
10699,0.5886349262305643
10700,0.6682300644690649
10701,0.7423631491739573
10702,0.8096032981511678
10703,-0.6147992960242041
10704,-0.31494877954700884
10705,-0.07354291839612798
10706,0.12511977908107597
10707,0.2811175096179058
10708,0.40489826820320707
10709,0.5136641193663534
10710,0.6078542594928005
10711,0.6905501246369847
10712,0.7653567450514195
10713,0.8354991311832878
10714,-0.6545710570870215
10715,-0.32829849107622255
10716,-0.0748853559692629
10717,0.12670588523345605
10718,0.2866023444318032
10719,0.4185400004393661
10720,0.5278698703960344
10721,0.623855141131483
10722,0.7087419032775653
10723,0.7843861306392186
10724,0.8566795488663508
10725,-0.712441459689497
10726,-0.33988346753513876
10727,-0.09276822640831278
10728,0.11461165233380743
10729,0.27979007749189383
10730,0.41663066210143135
10731,0.5318797761008986
10732,0.631653426686404
10733,0.7184327483075086
10734,0.7980018997513968
10735,0.8723352620912159
10736,-0.7472939013957138
10737,-0.3547232567250531
10738,-0.10667646136313572
10739,0.11172814733723686
10740,0.2787997728123436
10741,0.4229765077031319
10742,0.542038678518029
10743,0.646172920502057
10744,0.7346113129663536
10745,0.817852632087637
10746,0.8923820184603186
10747,-0.8528354409412797
10748,-0.39605047065427623
10749,-0.13120223740352827
10750,0.08875877285744568
10751,0.27287737520275285
10752,0.41526997441009006
10753,0.5383476884104225
10754,0.6437328172174016
10755,0.7348154781327553
10756,0.8189001489995665
10757,0.8966632284268884
10758,-0.8646181677569726
10759,-0.46756196180036613
10760,-0.184149116561585
10761,0.0552523277827406
10762,0.2518090390866232
10763,0.4029965570941547
10764,0.5319081818689534
10765,0.6399386723308756
10766,0.7347994929201795
10767,0.8216524438196147
10768,0.9034345918869935
10769,-0.8511555730046307
10770,-0.5339364292652422
10771,-0.24015835068040614
10772,0.021132838527945688
10773,0.22204110994403847
10774,0.38170600454400094
10775,0.5158360146185217
10776,0.6296082583325768
10777,0.7300967107348499
10778,0.8205637788351654
10779,0.9030664211818931
10780,-0.9889340575592918
10781,-0.432881126777385
10782,-0.11432694872142518
10783,0.1981107247152869
10784,0.36513908357364677
10785,0.5042352489898281
10786,0.6213720098473992
10787,0.7233184876704757
10788,0.8179615122640782
10789,0.902410668563575
11916,0.7368515729904175
11917,0.890583872795105
11918,1.018477201461792
11919,0.7988003492355347
11920,0.958086371421814
11921,1.091472864151001
11922,0.782652735710144
11923,0.9469228982925415
11924,1.0843112468719482
11925,0.7313668131828308
11926,0.9019954800605774
11927,1.044541597366333
11928,0.6181889176368713
11929,0.799296498298645
11930,0.9496213793754578
