id,log_k
0,1.184219313515972
1,1.1274939211673691
2,1.0683403779974352
3,1.0015464636296763
4,0.9214077159139317
5,0.8122501044167655
6,0.7442566580946011
7,0.5939682809765711
8,0.4051683244763832
9,0.21625746965381037
10,0.014874772101350412
11,-0.17148194875204326
12,0.819956997075432
13,0.7592825148049854
14,0.7261524148203656
15,0.6963227927926862
16,0.5938463330224327
17,0.48621359003198067
18,0.4021322224302574
19,0.2467550073354706
20,0.0891572964631567
21,-0.03490462745460954
22,-0.3163306036794783
404,-0.428392459492741
405,-0.4363320157629213
406,-0.44184941811146256
407,-0.48041579735033296
408,-0.5183376642973454
409,-0.5904093869046281
410,-0.7063612425139283
411,-0.6624387670427465
412,-1.0208748792782063
413,-1.2123164467657612
414,-1.4625128576314061
415,-1.7500717563705253
416,-1.8124604092662364
417,-1.9707783850358223
418,0.7125894281601474
419,0.7410989177489608
420,0.7317035254005807
421,0.7814257367596005
422,0.7590508788077971
423,0.77072138619283
424,0.7845398990920054
425,0.8365304237560199
426,0.6476419303715898
427,0.5618915731609185
428,0.5862383593715906
429,0.45006935300161444
430,0.33667988372703606
431,0.2786807665921166
432,-0.10102310799148181
433,-0.07803387557933285
434,-0.06106778325894324
435,-0.07131626097394217
436,-0.04571198003013006
437,-0.030947904523877273
438,0.028510847402595935
439,-0.08658710389836198
440,-0.1956360423275266
441,-0.2504322644005284
442,-0.6461510234003124
443,-0.810716807549623
444,-1.1159871187391228
445,-1.1239423376304372
446,0.602970321198383
447,0.6591624518915327
448,0.7068568368875177
449,0.726487293521293
450,0.7513695140226234
451,0.7864829977622511
452,0.8685637025297379
453,0.8825234284295846
454,0.8411665996243722
455,0.8374789831437345
456,0.7888639214902371
457,0.72884926967564
458,0.7269605742568211
459,0.6518106551608309
460,-0.2878811225702375
461,-0.3102170716931713
462,-0.26910126403752516
463,-0.2171776992438008
464,-0.2156134208904544
465,-0.24137172189273384
466,-0.3538329203828756
467,-0.27241936645164727
468,-0.4368581628575772
469,-0.5517426503485219
470,-0.6544423134884794
471,-0.6699784840720819
472,-0.6977837380386482
473,-0.8589533419952945
474,-0.9955696289888899
475,-1.0338070396315935
476,0.53684313027867
477,0.49137531980006766
478,0.5676647235772565
479,0.6221261136020632
480,0.6533060535476654
481,0.6256290455595325
482,0.6586821957386364
483,0.6328852604607059
484,0.5971177201624878
485,0.5687692163738969
486,0.5052794807459483
487,0.47677761959944903
488,0.5795094926863459
489,0.6110567838237861
490,0.5866803609671184
491,0.6572571319018705
492,-0.33261851957003924
493,-0.41540264499722107
494,-0.4148767201447863
495,-0.4492481458384954
496,-0.40123829759487406
497,-0.3977586623361357
498,-0.4610455951951158
499,-0.37895742589932063
500,-0.5622021158754702
501,-0.6618558713122429
502,-0.7471749616955231
503,-0.927668177218426
504,-1.1488848153970934
505,-1.003742778371267
506,-1.1361534219535039
507,-1.1784133131992993
508,0.6485425289604306
509,0.543283586354117
510,0.6015066493034066
511,0.5888188614086144
512,0.6423840220495453
513,0.6598903003861177
514,0.6536824605166403
515,0.6799002578406541
516,0.5871046341960402
517,0.5620402444895727
518,0.5183213275290144
519,0.4160719638337813
520,0.3406299081870722
521,0.6535800364403547
522,0.5840684417902321
523,0.58907194767431
524,-0.13867605408653622
525,-0.20085302393336021
526,-0.18736632246240248
527,-0.13334993518766028
528,-0.16056520501952432
529,-0.18915298076185022
530,-0.21343862624181695
531,-0.410914258841692
532,-0.5533428610129913
533,-0.6696826563292791
534,-0.8521391108561699
535,-1.018312946576844
536,-1.0726409444264302
537,-1.1574416493046475
538,0.6969593304602721
539,0.6730612711295979
540,0.7633293334076668
541,0.8174364403651083
542,0.8389937867263519
543,0.8663613951960542
544,0.8533037110109265
545,0.8168555657753668
546,0.7704615019631887
547,0.8197161191204142
548,0.7601562191221044
549,0.6746055653484172
550,0.6626154506052894
551,0.5836805799511543
552,-0.20848986769593764
553,-0.10102310799148181
554,-0.09410428798264904
555,-0.0005631637575376314
556,0.06041741790189793
557,0.006364023682617802
558,0.017976262295618738
559,-0.013398055940617314
560,0.012189877558071828
561,-0.04190634245493897
562,-0.13454022069186497
563,-0.24394989123972086
564,-0.2504322644005284
565,-0.44049946492484543
566,-0.8054688890099752
567,-1.0341695223946954
568,0.3269985016117224
569,0.5773732879223707
570,0.6227423170436517
571,0.724834249462934
572,0.8383303216519654
573,0.8028417321487665
574,0.8231595591826681
575,0.7685846692752829
576,0.8758078412834239
577,0.8820408772060576
578,0.8621654004157642
579,0.8295327954350727
580,0.8371288753257691
581,0.8019738337755848
582,0.7293877364247848
583,0.6894086064854877
584,-0.3252745398435273
585,-0.2846197245574543
586,-0.3299290944103768
587,-0.33201599276763183
588,-0.3645490732524439
589,-0.4071307158311814
590,-0.4961506010541144
591,-0.5709191385250542
592,-0.7485833872989639
593,-1.0140286700238186
594,-0.9818650330052338
595,-1.2143508516530448
596,-1.2607872926366033
597,0.717709662625174
598,0.7752272252315318
599,0.7643043098400092
600,0.8020326449458967
601,0.7943819651474239
602,0.834962696068026
603,0.7924695944276189
604,0.8282457649977513
605,0.7566226038995144
606,0.6720336860606849
607,0.8166100727449853
608,0.6468199292508959
609,0.6382532179496698
610,0.5655867629538409
611,-0.5071300685123398
612,-0.5413043231816185
613,-0.4880715431156672
614,-0.5306969393888807
615,-0.5340753132445452
616,-0.5593003021276663
617,-0.6818835281780881
618,-0.7345886921949157
619,-0.6106735637178714
620,-0.8292155332285013
621,-0.8181243229055791
622,-1.2394550322250892
623,-1.2166953134538294
624,-1.3126950280817364
625,-1.3464067905888062
626,-1.4610806998209191
627,0.3995282402005458
628,0.38152132980423625
629,0.43942842739649685
630,0.4727520685017946
631,0.48501638173167466
632,0.48102531223849515
633,0.45734301776971203
634,0.4752849505787984
635,0.5300496028321301
636,0.25863205490674257
637,0.21738983559675862
638,0.001041467706847075
639,0.13832283883630922
640,0.33082900499800477
641,0.3483319595183839
642,0.3365284742778203
841,0.7683687166421396
842,0.8347347989322976
843,0.9109632123649624
844,1.0042950839835123
845,1.0035684944942729
846,1.0431651440940144
847,1.1406419540235007
848,1.0805064979121464
849,1.0685929643450718
850,1.0552744890524428
851,1.0568182869440537
852,1.0147510255616383
853,1.033666972063881
854,0.9790208850397492
855,0.6632087208774988
856,0.7187421575211398
857,0.8094936038082592
858,0.9107923504171304
859,0.8978681984127311
860,0.9575651693363549
861,1.063665701734419
862,1.0035302456230653
863,0.991616712055993
864,0.9800344004531095
865,0.9857156363859346
866,0.9372878725989532
867,0.9527142330748163
868,0.9032711802976751
869,0.5331671720488195
870,0.6215434255934391
871,0.7531937443562704
872,0.8495821697231912
873,0.826995842293067
874,0.8956286066142143
875,1.0071804340000563
876,0.9508721077260112
877,0.9440121871998289
878,0.9357314715989901
879,0.9412663007547931
880,0.9014995809324354
881,0.9164849712567985
882,0.8682120835262572
883,0.3445248012890706
884,0.480898070167785
885,0.5905634982806496
886,0.7124443980786807
887,0.6951399695050916
888,0.7780429437069397
889,0.8964467911103449
890,0.8421420103404976
891,0.8366082708119326
892,0.8265187347794113
893,0.8334416047734944
894,0.7960242774948038
895,0.8110096678191668
896,0.7627367800886256
897,0.1601051187499408
898,0.22480890993497202
899,0.3444545748851284
900,0.5098731665215988
901,0.49938610579266474
902,0.600948426290907
903,0.7970270567277375
904,0.7503363700037852
905,0.7397242020505966
906,0.7246086296049393
907,0.745345850223095
908,0.7005164279357038
909,0.732958028456748
910,0.6832182387794297
911,-0.17130161285982495
912,-0.03436685225620633
913,0.07605833829139633
914,0.2849800412741576
915,0.26592803575076907
916,0.3754759074088072
917,0.5840551536258078
918,0.6207159111715361
919,0.6311982178533926
920,0.6208133931141386
921,0.6388242098371696
922,0.6044012451827836
923,0.6395382063169176
924,0.5789699442217481
925,-0.6135747187065874
926,-0.3992972405178766
927,-0.21518602388166566
928,-0.03416825674437664
929,0.04543144920807989
930,0.2164539370364551
931,0.37486754924728233
932,0.4173551957447028
933,0.48980471450265933
934,0.4580226082555431
935,0.48449426527978545
936,0.458443410998022
937,0.4936767145585997
938,0.43857892647350766
939,-0.9450572646056529
940,-0.7824794047184446
941,-0.6223255154725157
942,-0.3740251316972463
943,-0.08724750998081292
944,0.04934979294406678
945,0.14956961788034387
946,0.1908258897075331
947,0.3614569294004764
948,0.37565599951879874
949,0.37130839869254706
950,0.36345870287862014
951,0.3949789272100645
952,0.36362139899096596
953,-1.4112161221546626
954,-1.251768578752114
955,-1.0673234775503269
956,-0.8158966804264042
957,-0.508955936653271
958,-0.3658842126098511
959,-0.07817304647495746
960,-0.12950798588565163
961,0.13143068737974478
962,0.15840146009028216
963,0.14191733812645516
964,0.17546479568431553
965,0.20912535645712751
966,0.18460872892647273
967,-1.715523382664274
968,-1.602218141671423
969,-1.4578476560732723
970,-1.1746789330187153
971,-0.8166031096406234
972,-0.621775322575628
973,-0.2745436527191564
974,-0.38899942745044075
975,-0.24546315707233765
976,-0.13387187601841963
977,-0.14574038524108163
978,-0.10527150089225314
979,-0.07477205867056853
980,-0.09806047969463187
981,-1.9200254658175318
982,-1.80909010177146
983,-1.6795398231509522
984,-1.3877736055963554
985,-1.1458062299338188
986,-0.9286541428185521
987,-0.5675477044476813
988,-0.6597542297345939
989,-0.522286944505469
990,-0.4502152218981864
991,-0.41085971948609706
992,-0.3833922356517159
993,-0.35373039497475184
994,-0.38016484729944966
995,-2.0
996,-2.0
997,-2.0
998,-1.8353761866772194
999,-1.5925227123869476
1000,-1.3332767134955095
1001,-1.0339116860840905
1002,-1.0461702845596264
1003,-0.8737476856289393
1004,-0.8457729934185935
1005,-0.8556121011741021
1006,-0.8008569756176799
1007,-0.7779460401728574
1008,-0.8025562414034226
1009,-2.0
1010,-1.9860125484732407
1011,-1.8071168120543453
1012,-1.5986593920177563
1013,-1.5606140816565233
1014,-1.5615009033306022
1015,-1.3836741077985806
1016,-1.3611362964865432
1017,-1.3795116202893238
1018,-1.322679473460101
1019,-1.2854901945205586
1020,-1.2905270511503395
1041,0.9021500114962984
1042,0.9614030509718496
1043,1.0194888150507952
1044,1.1537964465605728
1045,1.0187217547444805
1046,1.060500469167771
1047,1.1133485077515812
1048,1.0919315421710978
1049,1.0519201091493793
1050,1.0912526672476286
1051,1.1006811702122767
1052,0.9943224119689358
1053,0.9682829615032097
1054,0.8997766273364377
1055,0.8109670215550607
1056,0.8593874153840949
1057,0.9210028074265934
1058,1.0575936686850365
1059,0.9111913517565068
1060,0.980519274378289
1061,1.0399486089174725
1062,1.0211154616818814
1063,0.9815979583413399
1064,1.0209305164395879
1065,1.0370301352285738
1066,0.9224892396546064
1067,0.8922975780123186
1068,0.8391426845352029
1069,0.6310758089882175
1070,0.7129420281919158
1071,0.8365865450135699
1072,0.9722077023390994
1073,0.8237838226716819
1074,0.901400155091865
1075,0.9650295389510514
1076,0.9497895534445128
1077,0.9068678625179851
1078,0.9522464248793411
1079,0.968199636891305
1080,0.8776233592064865
1081,0.8543594774199231
1082,0.7973775329333143
1083,0.48634226011156095
1084,0.6162054946493541
1085,0.7255709945146706
1086,0.877640493475958
1087,0.735418117551971
1088,0.8287501020332245
1089,0.8987276982509741
1090,0.8854912582486357
1091,0.8425695673221081
1092,0.887948129683464
1093,0.9052893825337077
1094,0.8308108625411474
1095,0.8075469807545841
1096,0.7498235100734757
1097,0.20407506132823833
1098,0.3275853221721709
1099,0.4397179684206611
1100,0.613123747870099
1101,0.49807553830768664
1102,0.6213815357232344
1103,0.713481524215103
1104,0.7279874504794237
1105,0.6932257347617745
1106,0.7374016384215943
1107,0.7547428912718378
1108,0.6963813379902865
1109,0.6765561360832032
1110,0.6201317747818977
1111,-0.10494578937489023
1112,0.10370484248859926
1113,0.21141727175705546
1114,0.3921979191426819
1115,0.294583805122165
1116,0.3807627723140149
1117,0.5042376577589098
1118,0.5729529655318756
1119,0.5381912498142264
1120,0.5816487815974589
1121,0.600293815516435
1122,0.5575412549270125
1123,0.5411449646956714
1124,0.48345607568019816
1125,-0.523174743591133
1126,-0.23718139414255007
1127,-0.06471965025360064
1128,0.1202457974958715
1129,0.06465518554463712
1130,0.18499181646526486
1131,0.3298690468799248
1132,0.4008812698923346
1133,0.41930160194968286
1134,0.463259444920652
1135,0.48478343089046383
1136,0.44565524374933957
1137,0.42925895351799775
1138,0.3731798441874241
1139,-0.6267446744042068
1140,-0.34075132495562444
1141,-0.18502635160522662
1142,0.001976266459540229
1143,-0.0561202353150263
1144,0.07793541827966134
1145,0.20918239063513952
1146,0.3130792989496126
1147,0.33928629225800266
1148,0.3889810538823351
1149,0.410505039852147
1150,0.37547357464150394
1151,0.3596548341930939
1152,0.30262619193742274
1153,-1.2303146027782694
1154,-1.0248659418686064
1155,-0.8722872105427607
1156,-0.6871964948323575
1157,-0.5442243243684712
1158,-0.16861575980867852
1159,-0.023123624122580885
1160,0.04413154964688008
1161,0.13271472260232098
1162,0.19366686712110756
1163,0.2355438841852429
1164,0.19718454564521712
1165,0.17937214847637384
1166,0.13276972548533753
1167,-1.501966013876437
1168,-1.3593616043153804
1169,-1.2132241169393234
1170,-1.0539496216451358
1171,-0.8871102553328051
1172,-0.49423128519977405
1173,-0.21160467300584998
1174,-0.18506358482324203
1175,-0.13818362043611446
1176,-0.05647604930477171
1177,-0.009726206886620986
1178,-0.050362897963096266
1179,-0.06536895630917096
1180,-0.08027767863980073
1181,-1.555170956492832
1182,-1.4010122058018613
1183,-1.2904040349203005
1184,-1.181377171924279
1185,-0.8682187478108534
1186,-0.5573752887026742
1187,-0.5402157277107527
1188,-0.4537655062287602
1189,-0.37448304634740226
1190,-0.30123244653101455
1191,-0.3167197609712633
1192,-0.33672595131803534
1193,-0.35288544580997633
1194,-1.9514452251780086
1195,-1.8211085961270477
1196,-1.7001065570487626
1197,-1.6925357588542582
1198,-1.430464961526056
1199,-1.1443539907388138
1200,-1.1113625430783343
1201,-0.939918558850043
1202,-0.8269273299020125
1203,-0.7692611264170018
1204,-0.7769173447379533
1205,-0.7948773641740372
1206,-0.7984890728734317
1207,-2.0
1208,-1.9736631103245337
1209,-1.844709777919551
1210,-1.8256034732045494
1211,-1.5978436625322991
1212,-1.6033257773478293
1213,-1.6140287832887505
1214,-1.4655695696761892
1215,-1.3815307667636645
1216,-1.3386408074386755
1217,-1.3319023696185195
1218,-1.3348589793653112
1219,-1.3349528760586253
1239,0.9835656127986132
1240,0.9831351416157097
1241,1.0397901620112648
1242,1.1717118999167644
1243,1.0518767287503623
1244,1.0740024765889187
1245,1.1232167503133899
1246,1.0801814215797527
1247,1.12754279702873
1248,1.0799338503796294
1249,1.072449441940517
1250,1.0290435088659238
1251,0.9985326370548671
1252,0.9032692772642417
1253,0.8888517816838609
1254,0.8884213105009572
1255,0.954958203960242
1256,1.0903164825497353
1257,0.9538518125389176
1258,1.0083259863511738
1259,1.0649714781797666
1260,1.0218007009156045
1261,1.0647445625231644
1262,1.0188717795638103
1263,1.0113873711246981
1264,0.9689172706531236
1265,0.9251362177318597
1266,0.8449894665403149
1267,0.7606119847556757
1268,0.7601815135727724
1269,0.8795461237201062
1270,1.0071519969311045
1271,0.8701954795040465
1272,0.9292952977177062
1273,0.9898825664605297
1274,0.9499469845355102
1275,0.99190311107519
1276,0.9502676585196591
1277,0.9494543659048847
1278,0.9142076874892681
1279,0.8827573492212423
1280,0.8047818884006556
1281,0.6550481334669724
1282,0.6546176622840689
1283,0.7611641641260477
1284,0.9037574703218217
1285,0.7730024566381938
1286,0.8478179269129239
1287,0.9147534080143117
1288,0.8814930540121316
1289,0.9234491805518111
1290,0.8818647154348648
1291,0.88243946365837
1292,0.8495421777864204
1293,0.8404004718819632
1294,0.7626548807854462
1295,0.3996856279323231
1296,0.4154551417624859
1297,0.5085688049745719
1298,0.6556345831412977
1299,0.5510731075975865
1300,0.6149393445405188
1301,0.6927598804823546
1302,0.6857835029861209
1303,0.728276604626528
1304,0.6907283893789637
1305,0.691303137602469
1306,0.662719590265527
1307,0.682323788955399
1308,0.6063376286208163
1309,0.18099217692441782
1310,0.19676169075458055
1311,0.2808139771959036
1312,0.43525462329881776
1313,0.3373586397133732
1314,0.40713715427387176
1315,0.5199258922126369
1316,0.5684416103491422
1317,0.6109347119895493
1318,0.5759131399371424
1319,0.5764878881606479
1320,0.5576739091246257
1321,0.5726247674539291
1322,0.5029395850470623
1323,-0.1835764693371019
1324,-0.16780695550693908
1325,-0.014750133373075515
1326,0.14457558751304925
1327,0.06775967394045208
1328,0.19070660342284043
1329,0.34766045332080375
1330,0.4008229369333915
1331,0.4945795332975866
1332,0.46073459147555434
1333,0.4641882917498943
1334,0.4458986512520197
1335,0.4590639395449237
1336,0.38937875713805675
1337,-0.2932747764601251
1338,-0.2775052626299622
1339,-0.14382481199292946
1340,0.02770767663723898
1341,-0.05708151178054271
1342,0.07785879671870731
1343,0.22096318408068819
1344,0.31557321035896485
1345,0.40717787960244795
1346,0.36243834407855546
1347,0.38016159730854837
1348,0.36211774397633767
1349,0.378131864273142
1350,0.3106739239150101
1351,-0.7110448647505945
1352,-0.6952753509204316
1353,-0.5528274652117442
1354,-0.357422869949182
1355,-0.3220593780905599
1356,-0.13552795142413748
1357,0.0028481682731587017
1358,0.10353571777934872
1359,0.24478269731597488
1360,0.1989810524361873
1361,0.2177919644685343
1362,0.2049800860639525
1363,0.22206221709990628
1364,0.16472747138642613
1365,-1.1005640463749884
1366,-1.0847945325448256
1367,-0.9663850679489451
1368,-0.7394197177355143
1369,-0.6757603131912336
1370,-0.39781007340954927
1371,-0.23349712297924696
1372,-0.17202463939121232
1373,-0.0414443741481207
1374,-0.07771646099959363
1375,-0.05055748612969837
1376,-0.06283503972140835
1377,-0.04575290868545494
1378,-0.08698418565335043
1379,-1.2649174879273521
1380,-1.2624820310844216
1381,-1.1501949289960793
1382,-0.932533229050943
1383,-0.9644871411625945
1384,-0.6853689756081879
1385,-0.48330550983816667
1386,-0.4342321086112267
1387,-0.2949898499282895
1388,-0.31757112193323933
1389,-0.28764782188527993
1390,-0.28296283769199065
1391,-0.23765346783906835
1392,-0.2783082831251411
1393,-1.42567331821433
1394,-1.4232378613713992
1395,-1.3178682051813932
1396,-1.105204722052311
1397,-1.1757016040330688
1398,-0.927157478172291
1399,-0.7510119173483615
1400,-0.6827315644361084
1401,-0.4678615096721875
1402,-0.4709777784547491
1403,-0.4424770654727614
1404,-0.44485968337455645
1405,-0.39567320036828474
1406,-0.4362387732193434
1407,-1.6696596188653057
1408,-1.563566934981357
1409,-1.3584922415614418
1410,-1.4405250097352196
1411,-1.0882872979712643
1412,-0.97869745757531
1413,-0.940392951374443
1414,-0.7486045217927347
1415,-0.7462952146004967
1416,-0.7139758602267766
1417,-0.7227463303108026
1418,-0.6722864768653589
1419,-0.7117037429353066
1442,1.0297204846269299
1443,1.034353677565522
1444,1.0615256692723798
1445,1.2096977206430684
1446,1.0974478544484847
1447,1.1300979047033117
1448,1.1542975843091963
1449,1.1967878567401158
1450,1.1400076015810643
1451,1.1432307829340969
1452,1.1284350878348859
1453,1.062737559012931
1454,1.0099400593482244
1455,1.006931625475057
1456,0.9198272745450885
1457,0.9305707967774585
1458,0.963799364023985
1459,1.1142546451433386
1460,0.9884131861453799
1461,1.0419929193638773
1462,1.0841222935263997
1463,1.133600693699475
1464,1.086546193322986
1465,1.0914896877920044
1466,1.0830906548753851
1467,1.0117506425193736
1468,0.9523397260759268
1469,0.9550704678096608
1470,0.8049752994411598
1471,0.8354430158958587
1472,0.8990884882542741
1473,1.0549321732931571
1474,0.9163250964173334
1475,0.9726788697599797
1476,1.0175316177195648
1477,1.0768271759515746
1478,1.0281497391124252
1479,1.0343254272536049
1480,1.029715683172147
1481,0.9657454996491189
1482,0.9170036700600909
1483,0.9201516110508603
1484,0.723844477282035
1485,0.754312193736734
1486,0.8089930232173939
1487,0.9727929877327529
1488,0.8377852475320098
1489,0.9080330328099119
1490,0.9640039552346035
1491,1.0222752078515769
1492,0.9620412817076193
1493,0.9724982396431052
1494,0.9692765363999283
1495,0.9064849794154678
1496,0.8847954829003536
1497,0.8838584806468935
1498,0.4313753628698949
1499,0.480238504954217
1500,0.5307456054927877
1501,0.6987792846879396
1502,0.5908965972602229
1503,0.6400927335110201
1504,0.6962709020706767
1505,0.7560472579623689
1506,0.7354798207863306
1507,0.7516903238068807
1508,0.7371727443441086
1509,0.677606663917079
1510,0.6888084915781113
1511,0.6788913961387305
1512,0.14827903133653206
1513,0.19714217342085394
1514,0.24045931969919332
1515,0.4094373701436631
1516,0.30767213327259657
1517,0.34795275519039204
1518,0.427232416805647
1519,0.5271528915167817
1520,0.5206443380643927
1521,0.5538866452727469
1522,0.5399815059790674
1523,0.4861815572428538
1524,0.49633365322315454
1525,0.4757623920624198
1526,-0.21302498322539543
1527,-0.16416184114107338
1528,-0.05368994925212906
1529,0.11917380306655465
1530,0.038488636208335765
1531,0.10649695897570244
1532,0.2489524837432677
1533,0.3495632539986497
1534,0.3945520406975269
1535,0.429303047674711
1536,0.4209719666175669
1537,0.36893443613368604
1538,0.3760628823634022
1539,0.3554916212026676
1540,-0.3059914449381362
1541,-0.2705819806724178
1542,-0.16603278246170028
1543,0.012255036155446545
1544,-0.06573924331011756
1545,0.0005520248854857106
1546,0.1442582900850467
1547,0.2826272319863574
1548,0.3252779497414517
1549,0.3579913793440181
1550,0.3320026641776828
1551,0.2976227678029932
1552,0.3090686243942081
1553,0.2879528565129822
1554,-0.7237615332286053
1555,-0.6883520689628867
1556,-0.5750354356805146
1557,-0.3660928089853937
1558,-0.33596841502785213
1559,-0.20502524405343792
1560,-0.0713629717091717
1561,0.10259765556408526
1562,0.1603863716276087
1563,0.19584940412537816
1564,0.1698606889590425
1565,0.1495799216262255
1566,0.16427265890121018
1567,0.1532800856646363
1568,-1.1013345328117932
1569,-1.0773120220584997
1570,-0.9811207079911003
1571,-0.7459862470535393
1572,-0.6906130880707172
1573,-0.4732778254693966
1574,-0.32724228380113213
1575,-0.16817625894528854
1576,-0.11916263986726633
1577,-0.07234793219684431
1578,-0.08878592582409535
1579,-0.10852709121468657
1580,-0.09383435393970177
1581,-0.08872345843069156
1582,-1.287015802384123
1583,-1.276327348618062
1584,-1.1894416432489097
1585,-0.9697788262520696
1586,-1.0080825117593004
1587,-0.774956581236224
1588,-0.6169624532287397
1589,-0.4697420851757859
1590,-0.39064284277148636
1591,-0.33860230257435947
1592,-0.342657301984781
1593,-0.3629683523723443
1594,-0.33120158611766604
1595,-0.29830059678594634
1596,-1.4454002947987517
1597,-1.4338223193402404
1598,-1.3523716500398126
1599,-1.132708833042975
1600,-1.215016624885099
1601,-1.0000748993906772
1602,-0.8827152141304947
1603,-0.7046964937197503
1604,-0.5559633547509577
1605,-0.4841254901881775
1606,-0.4890647457714423
1607,-0.4999293887222233
1608,-0.4865920933748453
1609,-0.4496457649610611
1610,-1.5276526262352377
1611,-1.5160746507767267
1612,-1.4346239814762984
1613,-1.2202850807995507
1614,-1.3189032641919314
1615,-1.1285990164085558
1616,-1.0617808836734377
1617,-0.9282034388174112
1618,-0.7967695842173081
1619,-0.7241828184307405
1620,-0.7236071168182404
1621,-0.7331747038992397
1622,-0.7237396953865533
1623,-0.683227535047236
1646,1.0048996071470537
1647,1.0729212025767445
1648,1.0597968990917939
1649,1.0861952100569199
1650,1.1113816320718604
1651,1.1166107443881295
1652,1.1224730202945608
1653,1.1466607392183477
1654,1.071540630949394
1655,1.0993774508646084
1656,1.1044957951052998
1657,0.9878638605669479
1658,0.9032008906140864
1659,0.9303536040790008
1660,0.8630715545295105
1661,0.944607920411206
1662,0.9278507195379765
1663,0.9585154227435625
1664,1.0108559967080484
1665,1.0198524624757748
1666,1.0347948341190958
1667,1.0585625755687411
1668,0.975941658372932
1669,1.0127806188141726
1670,1.02043260440715
1671,0.8889326800093235
1672,0.8042697100564621
1673,0.8467738642110336
1674,0.7451123346305857
1675,0.8732656249990821
1676,0.8523381911526381
1677,0.8836820260474864
1678,0.9138741702536685
1679,0.9590526923842623
1680,0.9779368409418135
1681,1.0036958848324191
1682,0.9212148373755175
1683,0.9607874378459714
1684,0.9751105392632863
1685,0.8630422440022452
1686,0.7722493914410374
1687,0.8187027654417284
1688,0.6433640195310536
1689,0.7715173098995501
1690,0.7461915373433534
1691,0.7826021970194832
1692,0.8227655807296554
1693,0.8796390175788579
1694,0.9047506612475575
1695,0.9305097051381664
1696,0.8480286576812613
1697,0.8889892989899951
1698,0.9085489136933277
1699,0.8151367990496595
1700,0.7212889489136675
1701,0.7660124789087673
1702,0.4308095066288195
1703,0.5722196435316496
1704,0.5533624857063432
1705,0.5810742993470752
1706,0.6523899023201193
1707,0.6568603238157547
1708,0.6854412894789238
1709,0.7321888139015966
1710,0.6529294908707534
1711,0.693890132179487
1712,0.7164383401668966
1713,0.6524655660465475
1714,0.559530573056383
1715,0.6132756685159921
1716,0.23361939613032756
1717,0.371089714522374
1718,0.344459048349687
1719,0.37217086199041877
1720,0.44983658353497874
1721,0.47892168641359567
1722,0.5495407304732925
1723,0.6265794268453028
1724,0.558098099312433
1725,0.6015853838163242
1726,0.6241335918037337
1727,0.5660493593081487
1728,0.4782993811380859
1729,0.52283547288823
1730,-0.09839167659286219
1731,0.04520244888921635
1732,0.07523718211204933
1733,0.11262528184317817
1734,0.20467993762167536
1735,0.2678247655095384
1736,0.3771941509005951
1737,0.5194227897881726
1738,0.4555721471456176
1739,0.5000485253627802
1740,0.525830632654551
1741,0.4657365175470303
1742,0.3779865393769668
1743,0.4287110039780486
1744,-0.13520528663115874
1745,-0.011779745146854459
1746,0.03162020397284139
1747,0.14027575388547545
1748,0.19641848877627488
1749,0.24249960389225933
1750,0.3279298929012835
1751,0.4799927030835713
1752,0.4100861181837616
1753,0.45341422156633077
1754,0.47681823563761033
1755,0.44770428228072284
1756,0.35229471455417743
1757,0.39572906069202785
1758,-0.5964274991108384
1759,-0.4739027296296419
1760,-0.4208345734351846
1761,-0.23579919806704092
1762,-0.02154611466136379
1763,0.08275076409827298
1764,0.17782668247658606
1765,0.29461043679999727
1766,0.24002558973005358
1767,0.28322296008673925
1768,0.3078267179026103
1769,0.292756045840162
1770,0.19841448885276577
1771,0.25197202963526855
1772,-0.9608046588038324
1773,-0.8610280938685527
1774,-0.8028807193451232
1775,-0.6196954614331037
1776,-0.4323651274113639
1777,-0.24083362533839872
1778,-0.16197020023875536
1779,-0.017319687527709647
1780,-0.028796158204351628
1781,0.030728651942257226
1782,0.05587201170035379
1783,0.0460296898707526
1784,-0.04831186711664347
1785,0.028112232396754613
1786,-1.0980112446365515
1787,-1.02087071670064
1788,-0.9591217565600938
1789,-0.8003688831303791
1790,-0.6957896845076194
1791,-0.4819839539138698
1792,-0.35523124694256364
1793,-0.19390360891422861
1794,-0.1874856535134892
1795,-0.1288060621100714
1796,-0.10814902786881149
1797,-0.11948698077030473
1798,-0.2124718062436773
1799,-0.09579980347127395
1800,-1.2402494667604675
1801,-1.1627295887383715
1802,-1.0962609253053472
1803,-0.9375080518756315
1804,-0.8927740716978095
1805,-0.7239242051159801
1806,-0.6104914487125473
1807,-0.3634148499387122
1808,-0.34407915837587727
1809,-0.2787338485179905
1810,-0.2557620932728386
1811,-0.265761195222177
1812,-0.35810367383009356
1813,-0.25445116575024407
1814,-1.4341329541884456
1815,-1.3566130761663497
1816,-1.2959905375464151
1817,-1.1472703019255779
1818,-1.1049784610016213
1819,-0.9906619365186359
1820,-0.9589090644039349
1821,-0.7413240050582034
1822,-0.7094003766274608
1823,-0.6409810389591771
1824,-0.6203769811028251
1825,-0.6361351044149234
1826,-0.7125586256810702
1827,-0.6240537085407698
1853,1.0412347430037006
1854,1.0837446219855198
1855,1.1168557694503034
1856,1.1408271135965706
1857,1.1817808448106524
1858,1.170748532809276
1859,1.1963828561815033
1860,1.1441944757324765
1861,1.1075565455700183
1862,1.0609575654514056
1863,1.056169875188562
1864,0.9828558274538647
1865,0.8747400537877611
1866,0.913526277391126
1867,0.9096007511740639
1868,0.9648837278278761
1869,0.9951036506843925
1870,1.0188294297378728
1871,1.090059048911204
1872,1.0827940903612843
1873,1.1121798779220053
1874,1.0622554651639158
1875,1.026933721217062
1876,0.9710977684818468
1877,0.9743598851766778
1878,0.8896638225031447
1879,0.7815480488370402
1880,0.8299465375231586
1881,0.783690183313276
1882,0.8677279540776371
1883,0.9116397743371912
1884,0.9360446850799374
1885,1.0115443979990386
1886,1.0055943646184398
1887,1.0389219290933918
1888,0.9927395302681584
1889,0.9581733446602921
1890,0.901979425535164
1891,0.9190561447283324
1892,0.8491198815301951
1893,0.7434174281340987
1894,0.7890907723909825
1895,0.6731310132571041
1896,0.7571687840214653
1897,0.7966436060795642
1898,0.8230997921008926
1899,0.9117128193887143
1900,0.9139089081792203
1901,0.9521237763617535
1902,0.9059413775365165
1903,0.8713751919286506
1904,0.8165693136418023
1905,0.8336460328349707
1906,0.805594167388101
1907,0.6989928249718823
1908,0.7425831581463775
1909,0.4670744292774179
1910,0.5786033005496646
1911,0.6523136354694796
1912,0.6791841387838039
1913,0.7889891695083385
1914,0.7911852582988446
1915,0.8383947876888577
1916,0.7922123888636206
1917,0.7570847525037164
1918,0.7041850886486513
1919,0.7263631797088355
1920,0.7256378762023462
1921,0.637691864157284
1922,0.6912264588790779
1923,0.30516034481947024
1924,0.41069397180155365
1925,0.538802232512127
1926,0.5613048984488513
1927,0.6798971232322084
1928,0.6820932120227144
1929,0.7557338273156783
1930,0.7095514284904413
1931,0.674423792130537
1932,0.6240507714706294
1933,0.6559984308317336
1934,0.6506197869646753
1935,0.5579724112416664
1936,0.6207954354237788
1937,-0.1521171101053182
1938,-0.061546205323847
1939,0.33064395093729027
1940,0.35185922748110815
1941,0.5399309951827628
1942,0.5421270839732689
1943,0.6368595498691049
1944,0.5917959310295452
1945,0.5830108631226003
1946,0.5353496998745257
1947,0.56729735923563
1948,0.5601657964129835
1949,0.4662967443777028
1950,0.5291197685598164
1951,-0.2233683246536699
1952,-0.14625109769080255
1953,0.24001636489210823
1954,0.3074127911339829
1955,0.5009562650358989
1956,0.5066320764706292
1957,0.5937394118321527
1958,0.5519303079429083
1959,0.5499334327525919
1960,0.5020385663788782
1961,0.5305587991304767
1962,0.5259700736185591
1963,0.43324274208117913
1964,0.49529021077348195
1965,-0.6649489687732605
1966,-0.5878317418103934
1967,-0.22092940479428233
1968,-0.08585355285028781
1969,0.34865937229453625
1970,0.3655853449802833
1971,0.4491428502667059
1972,0.3952015515235736
1973,0.40715990906747224
1974,0.3592650426937578
1975,0.39532936066302277
1976,0.3983868901175789
1977,0.306727569319348
1978,0.3687551867765692
1979,-1.0040956655284734
1980,-0.9374970185128358
1981,-0.5781890595441151
1982,-0.40187936055889156
1983,0.09946494640866264
1984,0.14197817367612448
1985,0.2389146303401397
1986,0.19262311811486732
1987,0.23150876863021097
1988,0.19035342883983317
1989,0.2289112841046132
1990,0.23196881355916918
1991,0.152781058375669
1992,0.22462895181468195
1993,-1.1315933036207593
1994,-1.0653909100151737
1995,-0.7755703071406798
1996,-0.6341523619048186
1997,-0.18386105764812735
1998,-0.11966138835353385
1999,0.028609034420258642
2000,0.03525680059750074
2001,0.05942180348045943
2002,0.020978998222887315
2003,0.0595154661508318
2004,0.05966317893845854
2005,-0.01892353437992768
2006,0.05231443176795191
2007,-1.265855514751068
2008,-1.1996531211454835
2009,-0.9173171398470149
2010,-0.7690312301697911
2011,-0.37767216139014964
2012,-0.32602618911927805
2013,-0.1652467704894564
2014,-0.09060622917035192
2015,-0.046133243978501944
2016,-0.07774826360912708
2017,-0.03484677611357176
2018,-0.03532492143422648
2019,-0.11347991195065066
2020,-0.04179813064822626
2021,-1.325284265264116
2022,-1.2601688376219453
2023,-0.9798683263451647
2024,-0.8510317217394876
2025,-0.5141981473976619
2026,-0.4755154922962177
2027,-0.38208830040935543
2028,-0.34042941861518083
2029,-0.29796514376955363
2030,-0.32322840955661897
2031,-0.280746716025722
2032,-0.2848811353634811
2033,-0.364365668903951
2034,-0.2915237727598254
2061,1.0511128051452054
2062,1.0656224706538049
2063,1.0854796471873147
2064,1.1450024890277313
2065,1.1388933162755104
2066,1.1369509515479728
2067,1.1523245254721148
2068,1.1387884283390386
2069,1.0531812750147138
2070,1.0139664785629825
2071,0.9819424046501951
2072,0.8978705454448934
2073,0.8615333990111175
2074,0.7890489474935708
2075,0.9277349366057557
2076,0.9523035702628052
2077,0.9700217233702763
2078,1.034342174448495
2079,1.0510046065265506
2080,1.049062241799013
2081,1.0749460739703636
2082,1.0599521941336938
2083,0.974345040809371
2084,0.9351302443576403
2085,0.8980968013533385
2086,0.8024080951186278
2087,0.7660709486848517
2088,0.7031987622500585
2089,0.809971090105507
2090,0.8632945178731054
2091,0.8885128037698662
2092,0.9451322580047319
2093,0.9701615867662027
2094,0.9695341472079854
2095,1.0020676162895923
2096,0.9881078903897488
2097,0.9041351604659219
2098,0.8649203640141906
2099,0.8408226584467157
2100,0.7613760567167231
2101,0.7174164542886999
2102,0.6621558794726544
2103,0.702193852921925
2104,0.7555172806895235
2105,0.7782929918185487
2106,0.8355090424784967
2107,0.8703300081558742
2108,0.8778486907687632
2109,0.9152694635579541
2110,0.9013097376581074
2111,0.8173370077342805
2112,0.7795102521208289
2113,0.755412546553354
2114,0.717850342574629
2115,0.6729918511264835
2116,0.6164796744953792
2117,0.5448468554361714
2118,0.5802760507543039
2119,0.6361809172175664
2120,0.703811362033813
2121,0.7614600239722044
2122,0.7651476404528421
2123,0.8077448556713848
2124,0.793785129771538
2125,0.7110362034343424
2126,0.6751156622526739
2127,0.656810092630109
2128,0.6465744505917644
2129,0.6015954459744404
2130,0.5692022353912136
2131,0.4029378638585053
2132,0.43237181488647564
2133,0.5226695142602138
2134,0.6073121725529792
2135,0.6615319228156286
2136,0.6652195392962663
2137,0.7340312579819259
2138,0.7202881145179131
2139,0.6375391881807174
2140,0.6041452901942065
2141,0.5956092888725615
2142,0.6070110803326519
2143,0.5655754892199623
2144,0.5342259309144729
2145,-0.04660700927784509
2146,-0.032135780450487025
2147,0.32346673766946754
2148,0.42124359056635474
2149,0.5502244964711355
2150,0.553912112951773
2151,0.6438156822403055
2152,0.63119131876197
2153,0.5493865595702874
2154,0.5164929727715135
2155,0.5079569714498685
2156,0.5246139329302799
2157,0.48195666550531885
2158,0.4506071071998294
2159,-0.11785822382619708
2160,-0.11684067281744244
2161,0.2705877167684612
2162,0.37679715421922944
2163,0.5115990445139168
2164,0.5242956335707775
2165,0.601044822392997
2166,0.5881060818731134
2167,0.516658407389923
2168,0.4837648205911485
2169,0.4752288192695029
2170,0.49489013502896895
2171,0.4494856445240778
2172,0.41813608621858867
2173,-0.5538448904971329
2174,-0.5554961042076373
2175,-0.19010160490779188
2176,-0.018960374180438038
2177,0.3788795224346401
2178,0.3892228354656035
2179,0.467452029339678
2180,0.44730137577450924
2181,0.3848608444074635
2182,0.3508445115282361
2183,0.344116112196975
2184,0.3770319144954227
2185,0.3316274239905318
2186,0.29872560783120394
2187,-0.9085754525609313
2188,-0.9078522276385996
2189,-0.5438584568044774
2190,-0.3472586244290133
2191,0.09979579108550404
2192,0.1357263586981826
2193,0.21394881348125677
2194,0.21537182661493282
2195,0.1739218526045344
2196,0.16955054281072643
2197,0.16924377177044428
2198,0.20981411484175136
2199,0.156264183847013
2200,0.1464979338432677
2201,-1.0616781805847104
2202,-1.0575437733636837
2203,-0.7522734621741846
2204,-0.5887563303950418
2205,-0.16154940939170692
2206,-0.10393239975189703
2207,0.025624021140954915
2208,0.059391939098751144
2209,0.022580774650045692
2210,-0.002194748142855749
2211,0.002158043032582981
2212,0.03798648801133864
2213,-0.018490751581877858
2214,-0.02711972775210087
2215,-1.1730695875988386
2216,-1.1651143687075245
2217,-0.8609227624087691
2218,-0.7120607062271564
2219,-0.30499767532183014
2220,-0.2509545697036314
2221,-0.12024968402365621
2222,-0.025141370996782635
2223,-0.056031173296526134
2224,-0.0739789104624807
2225,-0.06879589191645775
2226,-0.031543006482264595
2227,-0.08924295971698025
2228,-0.0957736842891972
2229,-1.2111279138676032
2230,-1.2029383816866754
2231,-0.8987467753879207
2232,-0.7815698172915452
2233,-0.39524166479443473
2234,-0.3559389772896335
2235,-0.27901041725018827
2236,-0.19734163762399512
2237,-0.228067352149564
2238,-0.2536083584823969
2239,-0.2466799703542765
2240,-0.21159224846683922
2241,-0.2748021376452624
2242,-0.2819872197778741
2270,-0.21147131537390412
2271,-0.04623940895204907
2272,0.07502875323123163
2273,0.17883890089107024
2274,0.23519320830420176
2275,0.3557871698621329
2276,0.5002621031014592
2277,0.5676618673844728
2278,0.6090779203457397
2279,0.6301371499223007
2280,0.6876975993999462
2281,-0.235782800096122
2282,-0.06972621198150623
2283,0.040748461167342966
2284,0.1542095005460785
2285,0.19966905020944925
2286,0.32776193819409066
2287,0.47223687143341614
2288,0.5473968256168981
2289,0.5880376128121723
2290,0.6080564094449907
2291,0.6658516910132114
2292,-0.2542952297704854
2293,-0.08539802887840706
2294,0.06496442948900764
2295,0.17399035901921467
2296,0.2302433977170166
2297,0.35501548162846785
2298,0.47635484871221045
2299,0.5618699316707044
2300,0.6866812224005776
2301,0.6211797031834745
2302,0.6789749847516952
2303,-0.11403793964495472
2304,0.05329301410906309
2305,0.20602673534560267
2306,0.30869428568990714
2307,0.36762801055239774
2308,0.48169525068237967
2309,0.6034549620039892
2310,0.7005419597531426
2311,0.7802414161069512
2312,0.8101363160388496
2313,0.8598403781264782
2314,-0.1534162271701614
2315,0.010659252932105383
2316,0.16093341874816422
2317,0.2636179597474155
2318,0.3202994652288857
2319,0.43066456291444877
2320,0.5596139952664628
2321,0.6572174136949575
2322,0.7369168700487659
2323,0.7851296928251946
2324,0.8313971187192434
2325,-0.17208826456301407
2326,1.9359434007585976e-05
2327,0.1460484226585713
2328,0.2487329636578222
2329,0.3003797269765586
2330,0.4107448246621217
2331,0.5370380906385506
2332,0.6346415090670452
2333,0.7157290062591334
2334,0.7655347478500883
2335,0.8115673416535619
2336,-0.15992145697585913
2337,-0.002367690695809203
2338,0.14868244533838595
2339,0.2513669863376371
2340,0.3027800465307344
2341,0.4126947064581942
2342,0.5355489233237176
2343,0.6371158039189496
2344,0.7182033011110378
2345,0.7506560701348773
2346,0.8069813479966005
2347,-0.17681412676754352
2348,-0.039286537682549576
2349,0.12303801382442932
2350,0.22757975681392814
2351,0.2828398725339348
2352,0.42170316944642955
2353,0.5445573863119529
2354,0.6443508476455229
2355,0.725438344837611
2356,0.7669214539643558
2357,0.8208506263523624
2358,-0.24466413255759714
2359,-0.07691766623175432
2360,0.11798698410241638
2361,0.22237408187759186
2362,0.27979864289275297
2363,0.42453765227724777
2364,0.5487496959384701
2365,0.6442023282269514
2366,0.7252898254190395
2367,0.7667729345457844
2368,0.8229660746247284
2369,-0.30423085879104206
2370,-0.11609702487794718
2371,0.09146886743621824
2372,0.19585596521139326
2373,0.2545556544849742
2374,0.3965812523358904
2375,0.5228684491085708
2376,0.6183210813970521
2377,0.700490917246451
2378,0.7457160403060477
2379,0.8019091803849916
2380,-0.3690358715909963
2381,-0.17113909739626304
2382,0.018796194570976418
2383,0.12373887031984847
2384,0.18391126055382145
2385,0.32344803483841406
2386,0.4708155488467299
2387,0.5637828479208596
2388,0.6569996760901736
2389,0.706166576064002
2390,0.7713976255692025
2391,-0.4344175354527964
2392,-0.2289556579062869
2393,-0.016347605061015187
2394,0.08996921940949068
2395,0.14876746092183013
2396,0.2896783839280561
2397,0.4356717492147381
2398,0.5308016336670356
2399,0.6248013264060256
2400,0.6732815041654389
2401,0.7422799071220959
2402,-0.619614736049304
2403,-0.39477275299886033
2404,-0.10855411093308713
2405,0.06427089920317863
2406,0.12214685822778949
2407,0.30898606536275297
2408,0.4549794306494353
2409,0.5487525182785395
2410,0.650537474645624
2411,0.6990176524050372
2412,0.7642464412614686
2413,-0.6912934503342102
2414,-0.4565117115126283
2415,-0.1486816346878538
2416,0.11671149272711245
2417,0.17430969079641598
2418,0.37013779043481193
2419,0.5250036595149477
2420,0.6286603674166489
2421,0.7184609296949284
2422,0.7840270448613608
2423,0.8613336165124549
2424,-0.8303284241323832
2425,-0.6328633490349981
2426,-0.30915775847534893
2427,0.12659255024377966
2428,0.17692542868125458
2429,0.38880264880038645
2430,0.5245945351813506
2431,0.6571630891479997
2432,0.7657245730166502
2433,0.8119787518937893
2434,0.8810334320897324
2435,-0.992057508721561
2436,-0.8661421346221143
2437,-0.527772803443311
2438,-0.09357801462821731
2439,-0.0054965710465667925
2440,0.43640550998423894
2441,0.5768158773619648
2442,0.7366282871361385
2443,0.8346447599803599
2444,0.8755684118330942
2445,0.9446230920290373
2446,-0.2512208211539293
2447,-0.13407038602391974
2448,0.06277535327990642
2449,0.17136662809401354
2450,0.23202162176367716
2451,0.3593024518949695
2452,0.44770449461647777
2453,0.5936542577549367
2454,0.6449830477000948
2455,0.6277765743984578
2456,0.6999716009355469
2457,-0.28080488125005115
2458,-0.16231642671313637
2459,0.05823959588064521
2460,0.16982714801655224
2461,0.2325817345845814
2462,0.36880304696747923
2463,0.4387737590354604
2464,0.5773581363152658
2465,0.6390883750920026
2466,0.6229419620188005
2467,0.6826169599246309
2468,-0.2005738651705374
2469,-0.0865042221527951
2470,0.14238179333866263
2471,0.26109626279742204
2472,0.32122906560738196
2473,0.46229681947284296
2474,0.5189522413670327
2475,0.6623332597338419
2476,0.7109044015810783
2477,0.6963192960831343
2478,0.7589725017363668
2479,-0.16248665207752133
2480,-0.025166339524113682
2481,0.20711180406958976
2482,0.3215557585828864
2483,0.3919196673920966
2484,0.5228346555469465
2485,0.5799104216790023
2486,0.7475444309817063
2487,0.8153292660808328
2488,0.7580346707313469
2489,0.8103154720341338
2490,-0.1838297881664127
2491,-0.05339016409955408
2492,0.17703078830845997
2493,0.2976721244627468
2494,0.36421947570329644
2495,0.49652792664917883
2496,0.5632558084616116
2497,0.7518454845222166
2498,0.8341592178935161
2499,0.8336316183664051
2500,0.8798990442604536
2501,-0.19697870932430667
2502,-0.0660206480287056
2503,0.17179634339945085
2504,0.29194681561605373
2505,0.36593126023546585
2506,0.49650153732808966
2507,0.5588831717993781
2508,0.7225709213243124
2509,0.8062726955338916
2510,0.8220095087938807
2511,0.8418167620531198
2512,-0.22033190295247976
2513,-0.08546703563766489
2514,0.1460009909728402
2515,0.18146252525239556
2516,0.2550030799306053
2517,0.3788887986018707
2518,0.4462073010982373
2519,0.6119522983581261
2520,0.6792915619659948
2521,0.6972161079517188
2522,0.7618579460018755
2523,-0.24073301653996185
2524,-0.08511900476853941
2525,0.16790980854020987
2526,0.2861321008229286
2527,0.3415410728362045
2528,0.47437825023832075
2529,0.5425116558011298
2530,0.7097294338767289
2531,0.789026893175511
2532,0.7907688091092918
2533,0.84511795897144
2534,-0.40432895301518107
2535,-0.2536917212177031
2536,0.09499424246066641
2537,0.18632782951937701
2538,0.22892554647128024
2539,0.40779975072384317
2540,0.509169330327236
2541,0.6949736679736547
2542,0.7786754421832339
2543,0.7800269100080227
2544,0.8587909089265313
2545,-0.46206415801973183
2546,-0.3017580711122282
2547,0.029760604014405164
2548,0.11991904174226618
2549,0.1750284470953988
2550,0.3698650675270085
2551,0.421405352226058
2552,0.6623084799426925
2553,0.6951881447937813
2554,0.7086624646640877
2555,0.7625916370520942
2556,-0.4018770985889765
2557,-0.11572573276208407
2558,-0.023637568338892277
2559,0.03210413375499808
2560,0.25547828983135207
2561,0.3942361835537805
2562,0.5807495300402621
2563,0.6778340667012855
2564,0.6778052979981607
2565,0.760481212991024
2566,0.6938760147641899
2567,0.7591070642693906
2568,-0.641686393774351
2569,-0.4743522344846985
2570,-0.1808119982211006
2571,-0.020781954487547827
2572,0.03495974760634258
2573,0.25833390368269676
2574,0.42170647878810635
2575,0.6167077742622312
2576,0.7250144936081249
2577,0.7424305903926629
2578,0.81142899334932
2579,-0.6381688414395348
2580,-0.4591338686563546
2581,-0.09523073789745812
2582,0.06799760690444955
2583,0.10667559622646121
2584,0.361812045150357
2585,0.4595921951506518
2586,0.6295436869505749
2587,0.7249507767478113
2588,0.7522507956030923
2589,0.8174795844595236
2590,-0.8026466445690607
2591,-0.6248036686777307
2592,-0.1921550887288818
2593,0.04865977808725679
2594,0.0532567611057094
2595,0.2471080694744428
2596,0.40678718233575784
2597,0.5704948010920391
2598,0.6842867645298328
2599,0.7094597860394002
2600,0.7867663576904943
2601,-0.9382142791924842
2602,-0.8226238235072475
2603,-0.42829730221342643
2604,-0.004911475521001989
2605,0.014991028914012145
2606,0.292694302045366
2607,0.4511755098633692
2608,0.6507862725815717
2609,0.7611481685110278
2610,0.7784223658584076
2611,0.8474770460543507
2612,-0.9764516898351877
2613,-0.8438986304556758
2614,-0.4771816531146624
2615,-0.04412761934747535
2616,0.023985630500912992
2617,0.3453837976795392
2618,0.5113386355989497
2619,0.7185877630242051
2620,0.8163691779075443
2621,0.8283128482305192
2622,0.8973675284264623
2623,-0.297205439225981
2624,-0.10875776345438287
2625,0.11210323420343961
2626,0.24037000575501266
2627,0.3309119411525276
2628,0.4532886216779538
2629,0.5664986178248628
2630,0.6703346683878101
2631,0.7098825630912772
2632,0.7352850584529472
2633,0.7903987087526984
2634,-0.3684363882788353
2635,-0.17854243278289073
2636,0.05135253618982956
2637,0.18445887584629886
2638,0.28362090836994014
2639,0.4103703968344954
2640,0.5115330743698675
2641,0.623359858679408
2642,0.664745340100118
2643,0.6605301310750112
2644,0.7196645899256087
2645,-0.3634041143010958
2646,-0.16901210502893962
2647,0.08907158873196307
2648,0.2340262752659479
2649,0.3386191074222032
2650,0.49699061880862944
2651,0.574135846841821
2652,0.6758394365067094
2653,0.6270041473020874
2654,0.6483789788228043
2655,0.7063494521119399
2656,-0.4015817661323311
2657,-0.1913837489086829
2658,0.06132885084587683
2659,0.20584133419079387
2660,0.3092640135473763
2661,0.4381283518329702
2662,0.5315014022466006
2663,0.652897324483039
2664,0.7260154360494614
2665,0.7584991922715499
2666,0.8181569897124722
2667,0.11250220867636043
2668,0.25497833908230444
2669,0.35522203867488833
2670,0.48169381651775584
2671,0.5870001616281765
2672,0.7224563724671175
2673,0.7918450119611625
2674,0.8253419959007332
2675,0.8597824069632577
2676,0.805984279153091
2677,0.8506844155388529
2678,0.805984279153091
2679,0.8506844155388529
2680,-0.14979567933042873
2681,0.1206510716896544
2682,0.2567513821023886
2683,0.36679809262107527
2684,0.5007876509590893
2685,0.5887328683494193
2686,0.7272592581716278
2687,0.7933128087127552
2688,0.8309340763743965
2689,0.8756342127601583
2690,0.8291867701732851
2691,0.8698153612780112
2692,0.49489422076070944
2693,0.5830391679925953
2694,0.7222092336930164
2695,0.7873182079347671
2696,0.791000548689727
2697,0.8586019484350947
2698,0.4958816781811836
2699,0.5953187564115018
2700,0.732453262137794
2701,0.7995977963536737
2702,0.834231367564925
2703,0.8687277148490531
2704,-0.1520302954968248
2705,0.08204072500025228
2706,0.26070615901020716
2707,0.36176523701628843
2708,0.50089756302202
2709,0.5911734586849408
2710,0.7287461262178049
2711,0.7894716986272591
2712,0.8300283019906035
2713,0.8760214138442574
2714,0.8522978206948802
2715,0.875992167406736
2716,-0.4932599087648289
2717,-0.3129777998614224
2718,-0.06943156152518626
2719,0.0775572003628486
2720,0.2037625649480005
2721,0.38050724046241097
2722,0.4937163730348402
2723,0.660637981316764
2724,0.7257469555585147
2725,0.7782120403176548
2726,0.8382407771655546
2727,-0.5679823575952879
2728,-0.38086313562667157
2729,-0.14856295832649588
2730,0.03147469900609429
2731,0.14862288779158003
2732,0.32163155607470467
2733,0.46875616992676167
2734,0.630753269304249
2735,0.7046153738641113
2736,0.7603156539623942
2737,0.8142236483293598
2738,-0.659516321819896
2739,-0.4709830373692821
2740,-0.24782897392192943
2741,-0.06586158989400885
2742,0.04546536113689072
2743,0.24949608950232552
2744,0.41437511823307255
2745,0.5584464544831639
2746,0.6433555513629414
2747,0.6866751085846049
2748,0.7530614189471269
2749,-0.8671213654489626
2750,-0.6673170264353813
2751,-0.401139427054612
2752,-0.20662338338759917
2753,-0.0867827759840611
2754,0.13996735381829714
2755,0.31212575453784025
2756,0.5516186091746472
2757,0.6491240374609285
2758,0.6912387904941762
2759,0.758147160322883
2760,-1.0138144446068367
2761,-0.804806486529121
2762,-0.46454051073426483
2763,-0.3295838205841847
2764,-0.1979675432259571
2765,0.06333755388013276
2766,0.23005637030625978
2767,0.40286726091816166
2768,0.5039140158856745
2769,0.6443232312030004
2770,0.7278504546268431
2771,-0.7964542108656528
2772,-0.44291527730915453
2773,-0.08965982933097354
2774,0.030248045029629685
2775,0.3126332121485675
2776,0.5133681020355779
2777,0.7302050857794408
2778,0.8337170407860758
2779,0.8851139745154382
2780,0.9567907469346341
2781,0.8851139745154382
2782,0.9567907469346341
2783,-1.0812364959286025
2784,-0.9378477015095849
2785,-0.5437500841033733
2786,-0.15983982804721808
2787,-0.0399319536866152
2788,0.2416095611393203
2789,0.4368988868615287
2790,0.6652780908439712
2791,0.7757699856043677
2792,0.8194145139552327
2793,0.8920888662500485
2794,-1.1234963871743975
2795,-0.9738013719429871
2796,-0.5696806010746585
2797,-0.17610213794374038
2798,-0.05619426358313752
2799,0.26527315318860156
2800,0.4550344606756431
2801,0.6690971479871347
2802,0.7694895074108304
2803,0.8461506512057898
2804,0.9188250035006057
2993,-0.4014581559215893
2994,-0.15074806542624358
2995,0.059781095601266945
2996,0.23400436939022953
2997,0.32459256128767805
2998,0.40782829559716044
2999,0.5199932857792224
3000,0.6682183329169457
3001,0.7148346994297082
3002,0.746939075889577
3003,0.7953992502520867
3004,0.2656775142252434
3005,0.3532543795940864
3006,0.46694743794942106
3007,0.6174277475830461
3008,0.6642402442483851
3009,0.6950364089070082
3010,0.7579893193729008
3011,0.4687716801399245
3012,0.6192519897735496
3013,0.6660644864388886
3014,0.6934426434181318
3015,0.7440173662088263
3016,0.41100947272274047
3017,0.506293765343625
3018,0.6466508803325972
3019,0.6934633769979363
3020,0.7299880308783572
3021,0.7784085677335968
3022,0.39670988708930316
3023,0.4994254307330858
3024,0.639782545722058
3025,0.6865950423873969
3026,0.7183356965602714
3027,0.7784085677335968
3028,0.00964898395746741
3029,0.18184752375645752
3030,0.2844791446890306
3031,0.38268978416897476
3032,0.4818695317635153
3033,0.6304797034758768
3034,0.6900390048398798
3035,0.7397948849119865
3036,0.779585666959866
3037,0.7103625458273143
3038,0.7488975761224447
3039,0.7913127223637512
3040,0.25611833908536463
3041,0.35474232914162596
3042,0.4472155983723716
3043,0.5577815846317853
3044,0.6981746414427584
3045,0.7541611295448117
3046,0.8004453084555384
3047,0.8028226428517525
3048,0.7114273044819363
3049,0.7734622608077174
3050,0.8197464397184439
3051,0.8616259439589783
3052,0.09112360271087289
3053,0.2674395828458466
3054,0.36220418532504195
3055,0.4534281514295376
3056,0.5600780942777684
3057,0.7206731094692084
3058,0.7826220121214181
3059,0.8317132346239013
3060,0.8665269088492362
3061,0.7872460932183856
3062,0.8325406455314611
3063,0.8650465913580035
3064,0.32681331854904333
3065,0.42228705661200233
3066,0.578468367816296
3067,0.7464410102209497
3068,0.7117210269601215
3069,0.756999152512018
3070,0.8575816933664825
3071,0.5297651498721452
3072,0.6952202882606532
3073,0.7569461232053999
3074,0.8065255989386083
3075,0.8904404922555601
3076,0.5672723698366874
3077,0.7342578360689288
3078,0.7894208767622947
3079,0.830616795433504
3080,0.8666318134174663
3081,0.38299037520844714
3082,0.47913442139436785
3083,0.5906665311629229
3084,0.7576519973951643
3085,0.8196009000473742
3086,0.8652267604856579
3087,0.877847617143385
3088,0.16460573292853545
3089,0.2936097887446836
3090,0.4477683967443844
3091,0.5775554599039951
3092,0.7642038316058843
3093,0.8457007401732359
3094,0.8917890779128269
3095,0.9020476756393773
3096,0.7552071355862587
3097,0.8171560382384687
3098,0.873168555769389
3099,0.9093056065178601
3100,0.41374164657492035
3101,0.6783150855694982
3102,0.7433498723832188
3103,0.8115875351837459
3104,0.8570511854263797
3105,0.060740711161698324
3106,0.24321643747110225
3107,0.40738386584698505
3108,0.5983729753076523
3109,0.663407762121373
3110,0.7316454249219001
3111,0.8570511854263797
3112,-0.8090693874705991
3113,-0.5298478164571155
3114,-0.30052018569077
3115,-0.10256734078599028
3116,0.0020751222710362507
3117,0.16595052987636214
3118,0.3506668414107841
3119,0.5417310923410291
3120,0.6178128714746649
3121,0.7424410884814218
3122,0.7998561128587
3123,-0.7680115574781922
3124,-0.478635359709986
3125,-0.24301312666939243
3126,-0.06369940647956902
3127,0.041105059643458904
3128,0.1906909693515545
3129,0.37181618315053533
3130,0.5821463785663973
3131,0.6708244891065368
3132,0.7263234626405347
3133,0.7590680315946626
3134,-0.1620529671063867
3135,0.025751299030579936
3136,0.21153661666912435
3137,0.42199698789044104
3138,0.5096393221957766
3139,0.5712685344584029
3140,0.6544344965758145
3141,0.23306013170409695
3142,0.44352050292541384
3143,0.5311628372307491
3144,0.5919776934139517
3145,0.6496434532744574
3146,0.05608034171229573
3147,0.3016155205213898
3148,0.5063840802622923
3149,0.7392054513688414
3150,0.8338900886293344
3151,0.9035100334856013
3152,0.8566664692248236
3153,0.5063840802622923
3154,0.7392054513688414
3155,0.8338900886293344
3156,0.9035100334856013
3157,0.961427277726901
3158,-0.8054958775402651
3159,-0.17334428881178693
3160,-0.06003603945673578
3161,0.17900910546574464
3162,0.3894283145779281
3163,0.6355104022677851
3164,0.7371749792820398
3165,0.8004452032869999
3166,0.8616263940193042
3167,0.7371749792820398
3168,0.8004452032869999
3169,0.8616263940193042
3170,-1.1121763442652088
3171,-0.8186526502581324
3172,-0.1841424436651285
3173,-0.07337355564544153
3174,0.20256519334644707
3175,0.41962076399640236
3176,0.6525707837562233
3177,0.7441358254337774
3178,0.8164366493269571
3179,0.8804670030501937
3180,0.8164366493269571
3181,0.8804670030501937
3182,-0.44027056265362924
3183,-0.15950635127209847
3184,0.06069714455126448
3185,0.12243433161866248
3186,0.18731858168803886
3187,0.25250975381928253
3188,0.3855967957929647
3189,0.48698130237258413
3190,0.5800289313668581
3191,0.5897236256035454
3192,0.690754316583796
3193,-0.4744448173229079
3194,-0.21980301517611114
3195,0.0008233972904147074
3196,0.095993571631847
3197,0.17636357089197433
3198,0.24428609439768065
3199,0.3675898853966551
3200,0.4940497519195448
3201,0.5494295199369726
3202,0.5724954785682158
3203,0.6729900281885514
3204,-0.4225639020096675
3205,-0.16559934011908367
3206,0.06883206474223975
3207,0.1663200051075511
3208,0.23216884408095506
3209,0.30044784209205405
3210,0.4156168219073238
3211,0.5142434439492575
3212,0.5814382984879574
3213,0.6272857872587422
3214,0.7277803368790777
3215,-0.4580798424652335
3216,-0.21819655711768035
3217,0.020212340447431126
3218,0.159761584793476
3219,0.23992169625709836
3220,0.3177689829488227
3221,0.4529188751989794
3222,0.544126847386204
3223,0.6002279166863048
3224,0.6487929308849725
3225,0.7433545724955423
3226,-0.4614465217200802
3227,-0.2484734848566418
3228,-0.03158718740711011
3229,0.14667474557474144
3230,0.2542800019111938
3231,0.3346262235974827
3232,0.4651831884288596
3233,0.5763216616964241
3234,0.6324227309965249
3235,0.6809877451951926
3236,0.7755493868057625
3237,-0.477132995981192
3238,-0.2709591158025551
3239,-0.04794209480320352
3240,0.12661066992453188
3241,0.24670676798648114
3242,0.3335899024968315
3243,0.46029803804264824
3244,0.5657682539459207
3245,0.6324583735654854
3246,0.679983105424205
3247,0.7726650306971653
3248,-0.581324532929765
3249,-0.450080586651228
3250,-0.12401078412049656
3251,0.08006079794793244
3252,0.22974869588460084
3253,0.30930540967097125
3254,0.4488260686483552
3255,0.5696528728295486
3256,0.6279851193924837
3257,0.669703161033773
3258,0.7794384130661816
3259,-0.6460920054119306
3260,-0.4758701622702986
3261,-0.24211806152442342
3262,-0.0177649777351121
3263,0.18124803592120384
3264,0.30878425253564024
3265,0.45163458269314405
3266,0.5661082990241723
3267,0.6257667265847249
3268,0.6767637705605091
3269,0.7756273079420074
3270,-0.5591602613635709
3271,-0.4237158591925455
3272,-0.2841126762077428
3273,-0.09586135235599227
3274,0.1840704102621105
3275,0.3232185035526655
3276,0.5013908659645329
3277,0.6129093901569773
3278,0.6725739510282512
3279,0.7344838301811082
3280,0.8299502543543186
3281,-0.7299327983080222
3282,-0.7397492112066345
3283,-0.6054719727303036
3284,-0.3072751024463188
3285,-0.11978160444053555
3286,0.023743229457229207
3287,0.22606531714240882
3288,0.36902927507784516
3289,0.4526203517817072
3290,0.5130536813104141
3291,0.6436241008506615
3292,-0.7158830027971175
3293,-0.7187458994695114
3294,-0.5970409599638524
3295,-0.3128286222531073
3296,-0.1479975544240723
3297,-0.018943420641032018
3298,0.19201653907578814
3299,0.3251988082779093
3300,0.39760821473652624
3301,0.47560350046127803
3302,0.6003653193080887
3303,-1.1585819101580448
3304,-1.14981275896047
3305,-0.9988806556884168
3306,-0.7023880443455669
3307,-0.4959375949128481
3308,-0.31351803952450835
3309,-0.1355007295509308
3310,0.021201012515814917
3311,0.10600170942750234
3312,0.18332200223823536
3313,0.32975729706842105
3314,-1.1318004749991544
3315,-1.0851647144515777
3316,-0.8347512346832668
3317,-0.5705778852819796
3318,-0.3378550261733226
3319,-0.13409448294202286
3320,0.09111507229027876
3321,0.2708293716111305
3322,0.3504120718416987
3323,0.4059902428376913
3324,0.5137746152111833
3325,-1.2278001896270616
3326,-1.1691083065538275
3327,-0.8788772836235296
3328,-0.5784611677760988
3329,-0.2175415597722409
3330,0.053659899179202414
3331,0.2631912458965843
3332,0.4539986028073801
3333,0.5264891232597567
3334,0.5914609021079185
3335,0.7002525334001288
3336,-1.2648821721132961
3337,-1.1757504794307665
3338,-0.870324931498439
3339,-0.5406772196234504
3340,-0.16566245578707703
3341,0.06493443081951912
3342,0.281740070804889
3343,0.4686367242847096
3344,0.552760342281518
3345,0.6181292157973546
3346,0.7324487612715073
3347,-1.386234863102353
3348,-1.2770691972243973
3349,-0.9828148184476916
3350,-0.6435702857052675
3351,-0.30785122637412904
3352,0.007160356760108885
3353,0.2499061965329909
3354,0.456674494801015
3355,0.5277374329552422
3356,0.6180844597494021
3357,0.7342727213687659
3358,-0.44436078808681617
3359,-0.2369163177448367
3360,-0.02534051638830021
3361,0.11677777117408167
3362,0.1955699416083334
3363,0.3319891661647547
3364,0.49851433254522687
3365,0.6480724675407898
3366,0.6932517953563572
3367,0.7052257752959247
3368,0.7557277652346842
3369,-0.4454833196166363
3370,-0.239679887687479
3371,-0.009672755677415325
3372,0.13355677862370602
3373,0.22079672624890243
3374,0.3583536321531405
3375,0.5032863602447051
3376,0.6475700861233246
3377,0.6929792836629615
3378,0.705993545942477
3379,0.7548824032853877
3380,-0.41432122281165285
3381,-0.18894816974144174
3382,0.05651587248915022
3383,0.1997454067902716
3384,0.2876110723497181
3385,0.4348755067700951
3386,0.5724949965609175
3387,0.7190954452456619
3388,0.7608213948320507
3389,0.7747373772815539
3390,0.8242117863306508
3391,-0.3624022904341824
3392,-0.13405326914086382
3393,0.10895121766924737
3394,0.2505567635086492
3395,0.34273983942959435
3396,0.47617728519296626
3397,0.6141490251944175
3398,0.788082853847666
3399,0.8543172792933218
3400,0.8804404738855296
3401,0.9170328123273753
3402,-0.39444429925408775
3403,-0.16935075161252028
3404,0.07427706848747025
3405,0.21705551346542615
3406,0.30923858938637117
3407,0.4491121427898972
3408,0.5988004955038357
3409,0.7685948534214505
3410,0.8313567767298297
3411,0.8580706464701384
3412,0.8990002917251955
3413,-0.37603187272194066
3414,-0.151433332516791
3415,0.09529888193442328
3416,0.23963306569284643
3417,0.3318161416137909
3418,0.47277629159316453
3419,0.6169669568768528
3420,0.7826694368626392
3421,0.8502919031465749
3422,0.8735332707496068
3423,0.9180367079294115
3424,-0.42069396674647747
3425,-0.2006711080508986
3426,0.043299940246311
3427,0.18763412400473353
3428,0.2748475887336151
3429,0.41925155956572363
3430,0.5641150658020313
3431,0.7261546211308207
3432,0.7980583572090648
3433,0.8412555606995472
3434,0.8935046404659079
3435,-0.4494378924682844
3436,-0.33139138193757933
3437,-0.010344262480459354
3438,0.1367568360414387
3439,0.26607959144693216
3440,0.3626223765506336
3441,0.5587911817418056
3442,0.668475576630671
3443,0.7360980429146067
3444,0.8265023425346781
3445,0.8361410409310001
3446,-0.5799674649545898
3447,-0.37940793755261876
3448,-0.14597739311377655
3449,0.001781763324382578
3450,0.1220106008219692
3451,0.31305244791061726
3452,0.49868539901930453
3453,0.6893619894085501
3454,0.7569844556924857
3455,0.7980264143455847
3456,0.8524713346433449
3457,-0.6178097924765085
3458,-0.4014317599223028
3459,-0.14717885604648998
3460,0.023892842337397163
3461,0.12841441382974456
3462,0.3162368515595568
3463,0.5145110465442995
3464,0.7127123847878742
3465,0.7839368689704926
3466,0.81546180940999
3467,0.8737924533941831
3468,-0.8370471197490111
3469,-0.63839405526751
3470,-0.4115359146329036
3471,-0.20232625268162985
3472,-0.08883025798421501
3473,0.1460953901281438
3474,0.35893035337333634
3475,0.5531577184354689
3476,0.6354193635584471
3477,0.6829527641469809
3478,0.7525973134454588
3479,-0.8609698321398859
3480,-0.636432881280665
3481,-0.38497143640278547
3482,-0.20288437707471446
3483,-0.0833768815552359
3484,0.15795215253759398
3485,0.3806973651935575
3486,0.573079705490804
3487,0.6456104552438197
3488,0.6858496811171318
3489,0.7633735162444276
3490,-1.1291512492349725
3491,-0.9068183299635594
3492,-0.5831175955381036
3493,-0.33402535740532474
3494,-0.21544014437357506
3495,0.05131915840712064
3496,0.27725118594656967
3497,0.47397011496472735
3498,0.5642200077529433
3499,0.6082019945650355
3500,0.7054327672916668
3501,-1.0202617970509231
3502,-0.8344038587513517
3503,-0.48611504134490574
3504,-0.16509049741904402
3505,-0.05376535946985771
3506,0.2340740133236858
3507,0.4873356627036632
3508,0.72295534275894
3509,0.8224319631833249
3510,0.8612109265681226
3511,0.9383253785003528
3512,-1.1298271333193954
3513,-0.9617057270547386
3514,-0.5713140446091749
3515,-0.18740378855301945
3516,-0.07307013234841521
3517,0.2139255881521262
3518,0.46090454812125414
3519,0.7060129558204324
3520,0.8090715403365206
3521,0.8485296354105806
3522,0.9254883562831006
3523,-1.133997114337076
3524,-0.964417794472397
3525,-0.5713190311252815
3526,-0.17774056799436355
3527,-0.06340691178975938
3528,0.2727567251750683
3529,0.5197133588385648
3530,0.7566796972729021
3531,0.8450724422842867
3532,0.8815638911301681
3533,0.957685907762707
5594,-0.35288544580997633
5595,-0.08027767863980073
5596,0.13276972548533753
5597,0.30262619193742274
5598,0.36549742895390946
5599,0.48345607568019816
5600,0.6201317747818977
5601,0.7498235100734757
5602,0.7973775329333143
5603,0.8391426845352029
5604,0.8997766273364377
5605,-0.352587419098126
5606,-0.06536895630917096
5607,0.17937214847637384
5608,0.3596548341930939
5609,0.4458876558427314
5610,0.5411449646956714
5611,0.6931848384079364
5612,0.8241756830793173
5613,0.8709881797446565
5614,0.8922975780123186
5615,0.9682829615032097
5616,-0.31370811370278856
5617,-0.047351250694621504
5618,0.20019619291369187
5619,0.37547357464150394
5620,0.44866689101781426
5621,0.5605529021954873
5622,0.6963813379902865
5623,0.8338225098096222
5624,0.8776233592064865
5625,0.9224892396546064
5626,0.9943224119689358
5627,-0.30123244653101455
5628,-0.009726206886620986
5629,0.2355438841852429
5630,0.410505039852147
5631,0.48478343089046383
5632,0.600293815516435
5633,0.7547428912718378
5634,0.9052893825337077
5635,0.968199636891305
5636,1.0370301352285738
5637,1.0721516945558203
5638,-0.3760491416424589
5639,-0.05832163309945688
5640,0.18848269938683374
5641,0.38379688614806134
5642,0.45576981690486607
5643,0.5764646138631851
5644,0.7322174706873206
5645,0.8804585016676784
5646,0.9522464248793411
5647,1.0209305164395879
5648,1.0865295374564317
5649,-0.4161349223167604
5650,-0.12943611234578992
5651,0.13271472260232098
5652,0.3403735839253616
5653,0.41930160194968286
5654,0.5398152208875131
5655,0.6932257347617745
5656,0.8425695673221081
5657,0.9384160202874923
5658,0.9815979583413399
5659,1.0535440802226659
5660,-0.5113243237572804
5661,-0.17388073501723672
5662,0.05531439945288542
5663,0.32299414913618607
5664,0.41988894853790354
5665,0.582867815718449
5666,0.7469951291249926
5667,0.9035059145638371
5668,0.9678042097597142
5669,1.0391301179970824
5670,1.1099461984862988
5671,-0.5573752887026742
5672,-0.21160467300584998
5673,-0.023123624122580885
5674,0.20918239063513952
5675,0.32147321365263226
5676,0.49584182453161607
5677,0.713481524215103
5678,0.8987276982509741
5679,0.9650295389510514
5680,1.0399486089174725
5681,1.1133485077515812
5682,-0.8194556864181469
5683,-0.42991630203142966
5684,-0.10430077664033424
5685,0.07793541827966134
5686,0.18499181646526486
5687,0.3807627723140149
5688,0.6213815357232344
5689,0.8287501020332245
5690,0.901400155091865
5691,0.980519274378289
5692,1.060500469167771
5693,-1.181377171924279
5694,-0.8871102553328051
5695,-0.5442243243684712
5696,-0.0561202353150263
5697,0.06465518554463712
5698,0.294583805122165
5699,0.49807553830768664
5700,0.735418117551971
5701,0.8237838226716819
5702,0.9111913517565068
5703,1.0187217547444805
5704,-1.2904040349203005
5705,-1.0539496216451358
5706,-0.6871964948323575
5707,0.001976266459540229
5708,0.1202457974958715
5709,0.4262954218244644
5710,0.613123747870099
5711,0.877640493475958
5712,0.9722077023390994
5713,1.0575936686850365
5714,1.1537964465605728
5715,-0.3985932108064028
5716,-0.09806047969463187
5717,0.18460872892647273
5718,0.36362139899096596
5719,0.43857892647350766
5720,0.5789699442217481
5721,0.6411700044862763
5722,0.715899005975292
5723,0.8059449021516857
5724,0.8532843648995226
5725,0.9034857031936814
5726,-0.3599801316677822
5727,-0.10765704915852502
5728,0.17450001205835533
5729,0.3949789272100645
5730,0.45193376863855367
5731,0.5964231631548258
5732,0.686414073618914
5733,0.7733236684134231
5734,0.883599980768842
5735,0.9102397740413247
5736,0.9716992893136677
5737,-0.3749899122527536
5738,-0.09057071394457364
5739,0.18094463804780062
5740,0.37948340269976044
5741,0.474888474758939
5742,0.6208463089437005
5743,0.7359259486811435
5744,0.8216189314402994
5745,0.9290291603176112
5746,0.9646710452071078
5747,1.0364339279600454
5748,-0.41085971948609706
5749,-0.14574038524108163
5750,0.14191733812645516
5751,0.37130839869254706
5752,0.48449426527978545
5753,0.6285644845139323
5754,0.7436146012568531
5755,0.8231818794502571
5756,0.9395350517885511
5757,0.9839843874196923
5758,1.0887668866180717
5759,-0.4502152218981864
5760,-0.13387187601841963
5761,0.15840146009028216
5762,0.37565599951879874
5763,0.4580226082555431
5764,0.6208133931141386
5765,0.7246086296049393
5766,0.8265187347794113
5767,0.9357314715989901
5768,0.9800344004531095
5769,1.0552744890524428
5770,-0.522286944505469
5771,-0.24397218997195264
5772,0.13143068737974478
5773,0.3614569294004764
5774,0.48980471450265933
5775,0.6344880078800851
5776,0.7342769106575949
5777,0.8158891155419788
5778,0.9165811940527674
5779,0.986169420662992
5780,1.039594551885991
5781,-0.6597542297345939
5782,-0.38899942745044075
5783,-0.12950798588565163
5784,0.18943678324580002
5785,0.4173551957447028
5786,0.6207159111715361
5787,0.7503363700037852
5788,0.8421420103404976
5789,0.9388984938873571
5790,0.9915566317844132
5791,1.0685328840734925
5792,-0.5725332444222708
5793,-0.2781361327931794
5794,-0.07335058025803483
5795,0.14956961788034387
5796,0.37486754924728233
5797,0.5840551536258078
5798,0.7728063832458817
5799,0.8964467911103449
5800,0.9829597605182027
5801,1.0394450282525638
5802,1.1164212805416454
5803,-0.9286541428185521
5804,-0.621775322575628
5805,-0.3658842126098511
5806,0.028550972096957162
5807,0.2164539370364551
5808,0.3754759074088072
5809,0.600948426290907
5810,0.7780429437069397
5811,0.8956286066142143
5812,0.9575651693363549
5813,1.0387470376222516
5814,-1.1214573146764137
5815,-0.8566403659494473
5816,-0.5763290262281252
5817,-0.1643235857645332
5818,0.07072204384115009
5819,0.295940392786223
5820,0.4975476285220875
5821,0.6918205100453901
5822,0.826995842293067
5823,0.8978681984127311
5824,1.0035684944942729
5825,-1.50584150089935
5826,-1.2815950240691283
5827,-0.9118920904134162
5828,-0.37398683240376673
5829,-0.04638872057315746
5830,0.28501834056763725
5831,0.5099114658150783
5832,0.7114298439003859
5833,0.8485676155448965
5834,0.9097777962388355
5835,1.0032805298052176
5836,-0.31404347405968946
5837,-0.10493059281450785
5838,0.13707295128082
5839,0.27174572212916576
5840,0.3398486575338197
5841,0.4757623920624198
5842,0.6632484324698827
5843,0.8689856173043745
5844,0.9060202739028406
5845,0.9421436882532741
5846,0.9940048459186704
5847,-0.34056659690524743
5848,-0.09952745370518944
5849,0.13464885505161814
5850,0.3033755246287206
5851,0.34643907851381
5852,0.4906405534576661
5853,0.6700542643553655
5854,0.8590168667611143
5855,0.8682657457553161
5856,0.9265611099366873
5857,0.9841614432089872
5858,-0.3566397708076952
5859,-0.09512693407821951
5860,0.16298007876269258
5861,0.3031672171426082
5862,0.37308414775371446
5863,0.4814584274516567
5864,0.6728835341258819
5865,0.912029428755083
5866,0.9657454996491189
5867,1.0117506425193736
5868,1.062737559012931
5869,-0.342657301984781
5870,-0.0870913580640188
5871,0.1715552567191191
5872,0.3320026641776828
5873,0.41927845322410523
5874,0.5399815059790674
5875,0.7371727443441086
5876,0.9675830230064665
5877,1.029715683172147
5878,1.0830906548753851
5879,1.1284350878348859
5880,-0.33860230257435947
5881,-0.07234793219684431
5882,0.19584940412537816
5883,0.3579913793440181
5884,0.429303047674711
5885,0.5538866452727469
5886,0.7516903238068807
5887,0.9724982396431052
5888,1.0343254272536049
5889,1.0897329448530833
5890,1.1414740399951757
5891,-0.39457928837631623
5892,-0.08174419725891892
5893,0.19603368453020198
5894,0.32134150413662166
5895,0.3861980812512798
5896,0.5112819900370525
5897,0.7261174727589902
5898,0.9570964475216964
5899,1.0232049049265024
5900,1.0816013591370632
5901,1.1350627673951414
5902,-0.4697420851757859
5903,-0.16817625894528854
5904,0.10259765556408526
5905,0.2826272319863574
5906,0.3495632539986497
5907,0.5278893725153051
5908,0.7567837389608923
5909,1.0230116888501002
5910,1.077563656950098
5911,1.1338048663232763
5912,1.1967878567401158
5913,-0.6169624532287397
5914,-0.32612972517180266
5915,-0.07079001502206811
5916,0.1442582900850467
5917,0.24952544043037136
5918,0.427232416805647
5919,0.6968438587577803
5920,0.9640399368209797
5921,1.017567599305941
5922,1.0841582751127758
5923,1.1543335658955725
5924,-0.774956581236224
5925,-0.4732778254693966
5926,-0.20502524405343792
5927,0.0005520248854857106
5928,0.10649695897570244
5929,0.34795275519039204
5930,0.6400927335110201
5931,0.9080330328099119
5932,0.9726788697599797
5933,1.0419929193638773
5934,1.1300979047033117
5935,-1.008375830614274
5936,-0.6909064069256908
5937,-0.33626173388282576
5938,-0.06573924331011756
5939,0.038195317353362096
5940,0.3073788144176229
5941,0.5906032784052493
5942,0.8377852475320098
5943,0.9160317775623598
5944,0.9881198672904062
5945,1.097154535593511
5946,-1.076357160538664
5947,-0.7459862470535393
5948,-0.3660928089853937
5949,-0.07461448770532735
5950,0.03772834550424402
5951,0.4094373701436631
5952,0.6247728586831072
5953,0.8987865617279205
5954,0.9850734621545133
5955,1.0443959340046918
5956,1.143972658395145
5957,-0.02711972775210087
5958,0.1529226674268834
5959,0.29872560783120394
5960,0.41813608621858867
5961,0.4506071071998294
5962,0.5406506644980886
5963,0.5756269689748293
5964,0.6229044080789949
5965,0.6621558794726544
5966,0.7096234958336742
5967,0.7954736810771865
5968,-0.018490751581877858
5969,0.160196000902178
5970,0.33555924104569684
5971,0.45341746157924284
5972,0.4858884825604842
5973,0.5695073062751274
5974,0.6020983513538634
5975,0.6734947565059066
5976,0.717919359668123
5977,0.7617853944365267
5978,0.84153795974437
5979,0.04301492294030769
5980,0.21427266477374826
5981,0.3814904644274197
5982,0.49934868496096585
5983,0.5246139329302799
5984,0.6114696302646488
5985,0.6510330005237613
5986,0.7256970625271668
5987,0.769222776669261
5988,0.8087069164698565
5989,0.9075575368166632
5990,0.009685550314818398
5991,0.17677127905267956
5992,0.35164361947921013
5993,0.4752288192695029
5994,0.5154844787321038
5995,0.6009659896784265
5996,0.6643375999123443
5997,0.7629400538355894
5998,0.8438299667089137
5999,0.9011041096155363
6000,0.9849497129123906
6001,-0.002194748142855749
6002,0.16955054281072643
6003,0.3508445115282361
6004,0.4852400996028982
6005,0.5179682517832631
6006,0.6056205692059561
6007,0.6765909412644234
6008,0.7809855311325785
6009,0.8663956430259402
6010,0.9374198794488132
6011,1.016256113654156
6012,0.038101788973026206
6013,0.17687317051608542
6014,0.3848608444074635
6015,0.516658407389923
6016,0.5619562559817168
6017,0.6375391881807174
6018,0.7236058998457718
6019,0.82990670414571
6020,0.9263684576279662
6021,0.9869147372208001
6022,1.075414572176758
6023,0.059391939098751144
6024,0.21537182661493282
6025,0.44730137577450924
6026,0.5881060818731134
6027,0.63119131876197
6028,0.7202881145179131
6029,0.793785129771538
6030,0.9013097376581074
6031,0.9881078903897488
6032,1.0474366098890673
6033,1.126272844094412
6034,0.025624021140954915
6035,0.2159402139216328
6036,0.467452029339678
6037,0.601044822392997
6038,0.6438156822403055
6039,0.7340312579819259
6040,0.8095196736759268
6041,0.9197710330801696
6042,1.0038424342941346
6043,1.0794476434925793
6044,1.1568260949943305
6045,-0.10393239975189703
6046,0.1357263586981826
6047,0.3892228354656035
6048,0.5242956335707775
6049,0.553912112951773
6050,0.6652195392962663
6051,0.7651476404528421
6052,0.8778486907687632
6053,0.9695341472079854
6054,1.049062241799013
6055,1.1369509515479728
6056,-0.16154940939170692
6057,0.09979579108550404
6058,0.3788795224346401
6059,0.5115990445139168
6060,0.5502244964711355
6061,0.6615319228156286
6062,0.7614600239722044
6063,0.8703300081558742
6064,0.9701615867662027
6065,1.0510046065265506
6066,1.1388933162755104
6067,-0.5887563303950418
6068,-0.3472586244290133
6069,-0.018960374180438038
6070,0.37679715421922944
6071,0.42124359056635474
6072,0.6073121725529792
6073,0.703811362033813
6074,0.8355090424784967
6075,0.928399785373172
6076,1.0162343001986227
6077,1.1300535117442274
6078,-0.7522734621741846
6079,-0.5438584568044774
6080,-0.19010160490779188
6081,0.2705877167684612
6082,0.32346673766946754
6083,0.5226695142602138
6084,0.6361809172175664
6085,0.7782929918185487
6086,0.8885128037698662
6087,0.9700217233702763
6088,1.0854796471873147
6392,0.05212184212505924
6393,0.22462895181468195
6394,0.3687551867765692
6395,0.49529021077348195
6396,0.5291197685598164
6397,0.6126262168950027
6398,0.6830572403503018
6399,0.7344139396176016
6400,0.7991120392977985
6401,0.8382284571631841
6402,0.9218081970311515
6403,-0.01892353437992768
6404,0.152781058375669
6405,0.306727569319348
6406,0.44655803225496976
6407,0.4662967443777028
6408,0.5712877014154574
6409,0.637691864157284
6410,0.7620340008436012
6411,0.7621932716744338
6412,0.8476867213662121
6413,0.940878726316933
6414,0.048475340364859336
6415,0.23196881355916918
6416,0.3871990515439798
6417,0.5147822350449598
6418,0.5489779578393842
6419,0.639431948391076
6420,0.7144500376287469
6421,0.7807487723782213
6422,0.8575053784004439
6423,0.8648184274932649
6424,0.9864420975818143
6425,0.12128933940487789
6426,0.22635117320562947
6427,0.392280123079112
6428,0.5272097607567102
6429,0.5639483208618635
6430,0.6526493924579672
6431,0.7595097568551826
6432,0.8609670287692325
6433,0.952238153016513
6434,1.0103734517070155
6435,1.0886974667982607
6436,0.020978998222887315
6437,0.19035342883983317
6438,0.3592650426937578
6439,0.509528194394664
6440,0.5428393278903115
6441,0.6270978536665536
6442,0.7138862628885331
6443,0.8196163958377265
6444,0.971705973261736
6445,1.040466349818507
6446,1.1210891741714635
6447,0.062373121392010615
6448,0.23150876863021097
6449,0.40715990906747224
6450,0.5499334327525919
6451,0.5830108631226003
6452,0.6712122044257759
6453,0.7613416537195715
6454,0.8756320931445059
6455,0.9645518482174927
6456,1.0311906224329173
6457,1.1118134467858736
6458,0.03525680059750074
6459,0.19262311811486732
6460,0.3952015515235736
6461,0.5523954681641262
6462,0.5917959310295452
6463,0.7078204456418681
6464,0.7805665558284739
6465,0.9042103946879433
6466,1.0309542576964963
6467,1.1004701925922578
6468,1.1846731708517557
6469,0.028609034420258642
6470,0.24042055781508231
6471,0.4590503474644983
6472,0.5937394118321527
6473,0.6418436706148474
6474,0.7607179480614207
6475,0.8433789084346001
6476,0.957107897107496
6477,1.0439060498391344
6478,1.1144372471500745
6479,1.1986402254095725
6480,-0.11454905612827158
6481,0.14709050590138675
6482,0.3706976772055455
6483,0.502772768826942
6484,0.5382677763295817
6485,0.6820932120227144
6486,0.7873259506551573
6487,0.9100496005355331
6488,1.0017350569747527
6489,1.078934782717597
6490,1.1668892251655887
6491,-0.20299272600353438
6492,0.08033327805325545
6493,0.3295277039391291
6494,0.5009562650358989
6495,0.5399309951827628
6496,0.6798971232322084
6497,0.7889891695083385
6498,0.9117128193887143
6499,1.0115443979990386
6500,1.090059048911204
6501,1.1817808448106524
6502,-0.6341523619048186
6503,-0.3273249781951635
6504,-0.08585355285028781
6505,0.3074127911339829
6506,0.35185922748110815
6507,0.5613048984488513
6508,0.6791841387838039
6509,0.8230997921008926
6510,0.9360446850799374
6511,1.0188294297378728
6512,1.1408271135965706
6513,-0.7755703071406798
6514,-0.5781890595441151
6515,-0.22092940479428233
6516,0.24001636489210823
6517,0.33064395093729027
6518,0.538802232512127
6519,0.6523136354694796
6520,0.7966436060795642
6521,0.9116397743371912
6522,0.9951036506843925
6523,1.1168557694503034
6524,-0.0796964226554181
6525,0.044215613212610305
6526,0.2682197622045751
6527,0.4118324415078838
6528,0.4449587365473555
6529,0.5390832054575365
6530,0.6279838414184249
6531,0.782260211478074
6532,0.8313062396110157
6533,0.8593773383803206
6534,0.942957078248288
6535,-0.1727647992258382
6536,-0.00860486009880422
6537,0.23896522042966514
6538,0.392845446131077
6539,0.4209838220517139
6540,0.5237561803929311
6541,0.6015584606354856
6542,0.7455411451388029
6543,0.8041625265611616
6544,0.8238798534308708
6545,0.9170718583815919
6546,-0.11900523613974745
6547,0.04594154950433788
6548,0.29266790547374727
6549,0.4476161419143081
6550,0.47955514602120686
6551,0.5502696060000049
6552,0.6731362940164299
6553,0.8358075270195421
6554,0.8472624906941014
6555,0.8737387817723453
6556,0.9726699623299705
6557,-0.1475842728383025
6558,0.016436766730862837
6559,0.2683914729331192
6560,0.4373829906681193
6561,0.4975832262586588
6562,0.5940999479065191
6563,0.6864046962696819
6564,0.8845202760474296
6565,0.988295592814136
6566,1.03353888229139
6567,1.119169646529481
6568,-0.1288060621100714
6569,0.030728651942257226
6570,0.28017372250282846
6571,0.4503649839824199
6572,0.4969992877788689
6573,0.5946085849175368
6574,0.7000800105268118
6575,0.89517917733732
6576,0.9755734074014096
6577,1.0275665883696117
6578,1.1141634204200475
6579,-0.1874856535134892
6580,-0.016004274522351657
6581,0.25281747341205335
6582,0.43031106506526456
6583,0.4683640308276176
6584,0.5828083625274694
6585,0.6776397540857898
6586,0.8712473126252593
6587,0.9713530085413954
6588,1.0240228298389542
6589,1.1130963151662137
6590,-0.19390360891422861
6591,-0.031054299242185637
6592,0.29079067527209473
6593,0.48054049912516794
6594,0.518298934392173
6595,0.6217690537045006
6596,0.7274862590642807
6597,0.9232276834742311
6598,0.997984565405123
6599,1.052574587683102
6600,1.1406727513327086
6601,-0.3525044954248902
6602,-0.15924344872108182
6603,0.18055343399425947
6604,0.3306566444189569
6605,0.3799209024182686
6606,0.552267481990966
6607,0.6810542963534733
6608,0.900363668122107
6609,0.9689743056857937
6610,1.0247981449262529
6611,1.1124763311017178
6612,-0.4819839539138698
6613,-0.24083362533839872
6614,0.08275076409827298
6615,0.24249960389225933
6616,0.2678247655095384
6617,0.47892168641359567
6618,0.6568603238157547
6619,0.8796390175788579
6620,0.9581625121544063
6621,1.0189622822459188
6622,1.1157205641582735
6623,-0.6957896845076194
6624,-0.4323651274113639
6625,-0.02154611466136379
6626,0.19641848877627488
6627,0.20467993762167536
6628,0.44983658353497874
6629,0.6624241350316817
6630,0.8327998134412179
6631,0.9188987017667459
6632,1.0158805282211254
6633,1.1241509373875458
6634,-0.7786685855835426
6635,-0.6265855106049022
6636,-0.24268924723883942
6637,0.17911072209121207
6638,0.15141803320197705
6639,0.37217086199041877
6640,0.5810742993470752
6641,0.7826021970194832
6642,0.8836820260474864
6643,0.9585154227435625
6644,1.0859651548878828
6645,-0.9815541661996233
6646,-0.8253131289846509
6647,-0.44326698307471296
6648,0.009187794333313262
6649,0.058240508350380214
6650,0.3274623745880179
6651,0.5363658119446744
6652,0.7320508440569636
6653,0.8381974978662484
6654,0.9083794992271819
6655,1.0697593025629535
6656,-0.2783082831251411
6657,-0.08698418565335043
6658,0.16483967595817572
6659,0.3107861284867597
6660,0.390750854380102
6661,0.504311682289108
6662,0.6380619537170366
6663,0.7991687457018465
6664,0.8408459796140142
6665,0.8849441252329919
6666,0.952601368949097
6667,-0.23765346783906835
6668,-0.04575290868545494
6669,0.22206221709990628
6670,0.3603427021964054
6671,0.43789388508984883
6672,0.5512702831363718
6673,0.6462910802715442
6674,0.8317145829883833
6675,0.8743965265918154
6676,0.9190582782448501
6677,0.9564607362287628
6678,-0.28296283769199065
6679,-0.06283503972140835
6680,0.2049800860639525
6681,0.36211774397633767
6682,0.4446220839595092
6683,0.5594699463562374
6684,0.6589711781575235
6685,0.816471540583509
6686,0.9581212975755508
6687,1.0223696827765092
6688,1.08089811224004
6689,-0.29386413130658756
6690,-0.05055748612969837
6691,0.2218353803704639
6692,0.3842050132104779
6693,0.44592259160963515
6694,0.5582221880203886
6695,0.6730374374622098
6696,0.8681033437015645
6697,0.941484728673132
6698,1.0067298841146204
6699,1.0681212356785685
6700,-0.31926568969331587
6701,-0.08480527939587854
6702,0.20601513231527632
6703,0.37745477421683377
6704,0.4614814686581797
6705,0.5766600171197681
6706,0.6847530385113577
6707,0.8809226742181303
6708,0.9678343704489306
6709,1.0354168252566136
6710,1.0939281751406222
6711,-0.3382143319414088
6712,-0.08642559910016093
6713,0.2015726020696888
6714,0.36396778435616195
6715,0.46661350690711817
6716,0.5791941318923379
6717,0.6965360245293167
6718,0.9001504667905392
6719,0.9689836961368298
6720,1.046219268535793
6721,1.10361225413206
6722,-0.43150342302732353
6723,-0.16929595380730908
6724,0.10353571777934872
6725,0.31830189594286806
6726,0.41036926774252985
6727,0.5691413662369246
6728,0.6731627257362344
6729,0.8981380807737077
6730,0.9685606903301943
6731,1.0340672317013897
6732,1.0882702528377581
6733,-0.49693424250747636
6734,-0.23221531879683097
6735,-0.004265860771718035
6736,0.21384915503581126
6737,0.340546424275927
6738,0.5128118631677601
6739,0.7043999077718762
6740,0.9341187844453417
6741,0.9590227247906155
6742,1.034111636509851
6743,1.0709745050364738
6744,-0.6853689756081879
6745,-0.3966975147802198
6746,-0.13495499473703393
6747,0.07843175340581095
6748,0.18343085696659203
6749,0.3998614078176234
6750,0.6073812521420042
6751,0.8470296080294202
6752,0.905907590630283
6753,0.9840019238512888
6754,1.0416085419696837
6755,-0.9644871411625945
6756,-0.6757603131912336
6757,-0.3220593780905599
6758,-0.05708151178054271
6759,0.06775967394045208
6760,0.3373586397133732
6761,0.5510731075975865
6762,0.7730024566381938
6763,0.8499318057350066
6764,0.9402745903902323
6765,1.0465066726245895
6839,-0.21147131537390412
6840,-0.04623940895204907
6841,0.07502875323123163
6842,0.17883890089107024
6843,0.23519320830420176
6844,0.3557871698621329
6845,0.4805167278620454
6846,0.5676618673844728
6847,0.6090779203457397
6848,0.6301371499223007
6849,0.6876975993999462
6850,-0.235782800096122
6851,-0.06972621198150623
6852,0.051541950201774246
6853,0.1542095005460785
6854,0.2104625392438803
6855,0.32776193819409066
6856,0.47223687143341614
6857,0.5456396477102188
6858,0.5858040988564268
6859,0.6058228954892453
6860,0.663618177057466
6861,-0.16457017364282647
6862,-0.003691026704649685
6863,0.14904269453188995
6864,0.2597282988300957
6865,0.3159813375278973
6866,0.4401069139139768
6867,0.56144628099772
6868,0.6465167712543696
6869,0.6802278488269047
6870,0.6993731691934667
6871,0.7657260918052028
6872,-0.12478593468667083
6873,0.042545019067346916
6874,0.19527874030388637
6875,0.29794629064819095
6876,0.3568800155106815
6877,0.47094725564066353
6878,0.592706966962273
6879,0.6897939647114265
6880,0.8234365122800549
6881,0.7993883209971334
6882,0.8490923830847619
6883,-0.1534162271701614
6884,0.010659252932105383
6885,0.15765515512785208
6886,0.26033969612710334
6887,0.3170212016085736
6888,0.4273862992941366
6889,0.5563357316461508
6890,0.6539391500746454
6891,0.7336386064284538
6892,0.7818514292048827
6893,0.8299264495215611
6894,-0.17140060438385613
6895,1.9359434007585976e-05
6896,0.1460484226585713
6897,0.2487329636578222
6898,0.30328048762843507
6899,0.41364558531399825
6900,0.5370380906385506
6901,0.6346415090670452
6902,0.7186297669110099
6903,0.7635838626456524
6904,0.8125172171010023
6905,-0.15331204656827638
6906,0.004241719711773526
6907,0.15529185574596874
6908,0.25797639674521977
6909,0.30938945693831715
6910,0.41076484611365355
6911,0.531968881505803
6912,0.6316295476692518
6913,0.71271704486134
6914,0.7468042372856777
6915,0.8046727239887496
6916,-0.17681412676754352
6917,-0.039286537682549576
6918,0.12303801382442932
6919,0.22757975681392814
6920,0.2828398725339348
6921,0.42170316944642955
6922,0.5455306342503909
6923,0.6443508476455229
6924,0.725438344837611
6925,0.7669214539643558
6926,0.8179431271352761
6927,-0.2472968284647955
6928,-0.07940782450869076
6929,0.1172969117040903
6930,0.23358027527978054
6931,0.27910857049442694
6932,0.43574384567943647
6933,0.5599558893406588
6934,0.6554085216291401
6935,0.7378236065418443
6936,0.7660828621474582
6937,0.8341722680269171
6938,-0.30423085879104206
6939,-0.11609702487794718
6940,0.09146886743621824
6941,0.19585596521139326
6942,0.2545556544849742
6943,0.3965812523358904
6944,0.5228684491085708
6945,0.6183210813970521
6946,0.700490917246451
6947,0.7457160403060477
6948,0.8019091803849916
6949,-0.3724059671004501
6950,-0.17450919290571668
6951,0.017422045849342954
6952,0.12373887031984847
6953,0.18253711183218807
6954,0.32344803483841406
6955,0.46944140012509633
6956,0.5624086991992262
6957,0.6556255273685402
6958,0.7047924273423686
6959,0.7700234768475691
6960,-0.4344175354527964
6961,-0.2289556579062869
6962,-0.016347605061015187
6963,0.08996921940949068
6964,0.14876746092183013
6965,0.2896783839280561
6966,0.4356717492147381
6967,0.5308016336670356
6968,0.6248013264060256
6969,0.6732815041654389
6970,0.7422799071220959
6971,-0.619614736049304
6972,-0.39477275299886033
6973,-0.10855411093308713
6974,0.06427089920317863
6975,0.12214685822778949
6976,0.38808861108743675
6977,0.5340819763741199
6978,0.627657073826883
6979,0.7212128422224414
6980,0.8305369200172495
6981,0.834921808838286
6982,-0.7064677262425872
6983,-0.4701240113188009
6984,-0.1600947468149596
6985,0.10529838060000661
6986,0.16289657866931023
6987,0.35872467830770627
6988,0.5135905473878422
6989,0.6172472552895434
6990,0.7184609296949284
6991,0.7726139327342553
6992,0.8499205043853492
6993,-0.8303284241323832
6994,-0.6524409474139133
6995,-0.30915775847534893
6996,0.12659255024377966
6997,0.17692542868125458
6998,0.38880264880038645
6999,0.5245945351813506
7000,0.6571630891479997
7001,0.7657245730166502
7002,0.8119787518937893
7003,0.8810334320897324
7004,-0.992057508721561
7005,-0.8661421346221143
7006,-0.527772803443311
7007,-0.09357801462821731
7008,-0.0054965710465667925
7009,0.43640550998423894
7010,0.5768158773619648
7011,0.7366282871361385
7012,0.8346447599803599
7013,0.8755684118330942
7014,0.9446230920290373
7015,-0.2509615646867395
7016,-0.13381112955672994
7017,0.0589439101297645
7018,0.16192598013804974
7019,0.22258097380771324
7020,0.37616230323084715
7021,0.45351185068898425
7022,0.5972741571945347
7023,0.6487429337909324
7024,0.6358740640717498
7025,0.6928390144505799
7026,-0.27049619794905416
7027,-0.14857828833523107
7028,0.06854827918164218
7029,0.18235668096245605
7030,0.24299432275635857
7031,0.3476853679141209
7032,0.4043407898083111
7033,0.5415036081063692
7034,0.6250454215615097
7035,0.5785906207985676
7036,0.670135313969396
7037,-0.20483146861006052
7038,-0.0885513522903767
7039,0.14033466320108098
7040,0.24593655008118323
7041,0.308388059524657
7042,0.41958332909311125
7043,0.4819207749418313
7044,0.6382484502041048
7045,0.6790824972074567
7046,0.6713502987106001
7047,0.7194500940066125
7048,-0.16405422561746286
7049,-0.027994182689644632
7050,0.20428396090405884
7051,0.27346654664734044
7052,0.34600126193292113
7053,0.47134270122216604
7054,0.5239392306511353
7055,0.6933001336770744
7056,0.7601357256542661
7057,0.759608126127155
7058,0.8045154882198774
7059,-0.1838297881664127
7060,-0.05524735528524359
7061,0.17703078830845997
7062,0.2906197436529842
7063,0.3590242860792234
7064,0.49016684127181814
7065,0.5568947230842509
7066,0.7248348343156709
7067,0.8071485676869705
7068,0.8066209681598594
7069,0.8528883940539081
7070,-0.21284553848479487
7071,-0.0818874771891938
7072,0.15004524158451876
7073,0.26060760840576364
7074,0.32586669778910643
7075,0.45643697488172985
7076,0.5304724516986306
7077,0.7004530669245667
7078,0.7841548411341459
7079,0.7975622508598704
7080,0.8438296767539191
7081,-0.18972059922196816
7082,-0.05485573190715329
7083,0.18359626112859986
7084,0.2969838409906387
7085,0.36926181629435423
7086,0.5069780566841322
7087,0.5675226845402952
7088,0.7332676818001836
7089,0.8105496981886738
7090,0.8286141139133057
7091,0.8303521340794001
7092,-0.2417110051115778
7093,-0.11027289770465197
7094,0.14499184938147971
7095,0.27042605470948305
7096,0.3241532482486584
7097,0.4936051069838184
7098,0.5788401640659872
7099,0.7460579421415862
7100,0.8297597163511655
7101,0.8315016322849461
7102,0.8858507821470946
7103,-0.39246539088689697
7104,-0.2431557468100347
7105,0.07940522416814448
7106,0.1675174068449653
7107,0.2110804362235378
7108,0.38458898260208546
7109,0.48595856220547795
7110,0.6774527334199368
7111,0.7611545076295161
7112,0.7627015375002677
7113,0.8166307098882742
7114,-0.46590866603715614
7115,-0.30245455388065656
7116,0.004122924615125745
7117,0.09428136234298666
7118,0.13301146151813087
7119,0.32784808194974047
7120,0.45761005841688723
7121,0.647305220886149
7122,0.733294537763812
7123,0.7467688576341184
7124,0.803825043726312
7125,-0.5682536070276597
7126,-0.4018770985889765
7127,-0.11572573276208407
7128,-0.023637568338892277
7129,0.03210413375499808
7130,0.25547828983135207
7131,0.3942361835537805
7132,0.5807495300402621
7133,0.6764599179796521
7134,0.6938760147641899
7135,0.7591070642693906
7136,-0.641686393774351
7137,-0.4743522344846985
7138,-0.1808119982211006
7139,-0.07675411086837178
7140,-0.021012408774481406
7141,0.2023617473018729
7142,0.36573432240728226
7143,0.5544102542719315
7144,0.6509035067809974
7145,0.6636312281234629
7146,0.7326296310801199
7147,-0.6381688414395348
7148,-0.5151292364283154
7149,-0.15122610566941946
7150,0.01856886096393327
7151,0.05284484515399241
7152,0.30798129407788816
7153,0.22747568069689128
7154,0.484442660097357
7155,0.590378727348985
7156,0.6133222318775023
7157,0.6892015671357358
7158,-0.8026466445690607
7159,-0.6248036686777307
7160,-0.2748908891554246
7161,0.06728410748731803
7162,0.0532567611057094
7163,0.2971791923476486
7164,0.4816444347739804
7165,0.6453490067143279
7166,0.7591409701521216
7167,0.7788811318762398
7168,0.806563193009744
7169,-0.9685527149607299
7170,-0.8398214499774657
7171,-0.4404351258212474
7172,-0.01704929912882307
7173,-4.9830321473353155e-05
7174,0.27532303632226807
7175,0.43380424414027136
7176,0.6379996065731265
7177,0.7479546863065569
7178,0.7652288836539367
7179,0.8342835638498798
7180,-0.9764516898351877
7181,-0.8438986304556758
7182,-0.4771816531146624
7183,-0.04412761934747535
7184,0.023985630500912992
7185,0.3453837976795392
7186,0.5113386355989497
7187,0.7185877630242051
7188,0.8163691779075443
7189,0.8283128482305192
7190,0.8973675284264623
7246,-0.29491134378548023
7247,-0.10646366801388188
7248,0.12365641057776738
7249,0.25361738701053776
7250,0.3448285504015974
7251,0.4688466874916904
7252,0.5790717123059078
7253,0.6919707989038333
7254,0.7331601501719668
7255,0.7532755815795183
7256,0.8102954920019309
7257,-0.407694145791208
7258,-0.17854243278289073
7259,0.011564051874084385
7260,0.18445887584629886
7261,0.28362090836994014
7262,0.37510108359333744
7263,0.5115330743698675
7264,0.623359858679408
7265,0.664745340100118
7266,0.6848607715076694
7267,0.743995230358267
7268,-0.3724264611968315
7269,-0.15094259585142591
7270,0.07734909217394687
7271,0.22057862647506896
7272,0.32171586607262187
7273,0.4622982153823119
7274,0.5394434434155033
7275,0.6602981138441244
7276,0.7026549911834034
7277,0.7231347514920893
7278,0.7822692103426866
7279,-0.3663537263010131
7280,-0.18757752277115658
7281,0.06580127402588845
7282,0.24297762495022981
7283,0.30688012490774963
7284,0.47208566282840786
7285,0.5570061113784629
7286,0.6528264821550627
7287,0.7174919918579103
7288,0.7860574114608424
7289,0.8052046440207489
7290,-0.32848271953479774
7291,-0.14020511394884558
7292,0.13377348629192765
7293,0.2698831339728189
7294,0.3701268335654027
7295,0.5029650941333237
7296,0.5723655746717315
7297,0.7078217855106727
7298,0.7724872952135203
7299,0.805984279153091
7300,0.8506844155388529
7301,-0.3462743618916268
7302,-0.13482749033316743
7303,0.12227504276294107
7304,0.26939016756538525
7305,0.3696338671579692
7306,0.4982291748597758
7307,0.5863965878468387
7308,0.7268291921008304
7309,0.7956897862337143
7310,0.8291867701732851
7311,0.8738869065590468
7312,-0.40145982883313674
7313,-0.14167885744753833
7314,0.05946956880110735
7315,0.19922164575830809
7316,0.30925819342249306
7317,0.4337280074454907
7318,0.531577796890326
7319,0.6707478625907471
7320,0.7358568368324979
7321,0.8309296435981987
7322,0.8741746320959262
7323,-0.34173331180012356
7324,-0.1520302954968248
7325,0.10357049445636675
7326,0.298311787394396
7327,0.3949421091497316
7328,0.5298156484980415
7329,0.6134155069482253
7330,0.7502195503964942
7331,0.815328524638245
7332,0.851529196610285
7333,0.8740714302591898
7334,-0.4932599087648289
7335,-0.3129777998614224
7336,-0.07706399077173216
7337,0.08689708016178373
7338,0.20541021845779758
7339,0.38061142706079965
7340,0.4938205596332292
7341,0.6531097386686068
7342,0.7258511421569035
7343,0.7783162269160435
7344,0.8341672642361638
7345,-0.5498769498249242
7346,-0.38450174556837285
7347,-0.1599928061883119
7348,0.020642861286562682
7349,0.11801163105567107
7350,0.34895880734187723
7351,0.4791143930338677
7352,0.6580805205714214
7353,0.7319426251312838
7354,0.7876429052295665
7355,0.8142236483293598
7356,-0.6645101303659713
7357,-0.4709830373692821
7358,-0.2528227824680048
7359,-0.07085539844008419
7360,0.04546536113689072
7361,0.2445022809562503
7362,0.4093813096869971
7363,0.5862711476353445
7364,0.6661864359690467
7365,0.7095059931907101
7366,0.7758923035532321
7367,-0.8671213654489626
7368,-0.6673170264353813
7369,-0.401139427054612
7370,-0.20510998597990088
7371,-0.08526937857636284
7372,0.14148075122599538
7373,0.3136391519455385
7374,0.497583005768466
7375,0.5832749672179199
7376,0.6247029980367526
7377,0.6916113678654593
7378,-1.0138144446068367
7379,-0.804806486529121
7380,-0.46454051073426483
7381,-0.2162186671516097
7382,-0.09128884141373682
7383,0.17001625569235304
7384,0.3434215237388345
7385,0.5140921583897466
7386,0.6067117352093925
7387,0.6610777211590945
7388,0.7396662410645893
7389,-0.9686493673117337
7390,-0.816277725831022
7391,-0.44291527730915453
7392,-0.08965982933097354
7393,0.030248045029629685
7394,0.3087207279798754
7395,0.5133681020355779
7396,0.71944528729059
7397,0.8337170407860758
7398,0.8851139745154382
7399,0.9567907469346341
7400,-1.0812364959286025
7401,-0.9546686552236426
7402,-0.5437500841033733
7403,-0.17666078176127517
7404,-0.05675290740067238
7405,0.22356568422961076
7406,0.4188550099518194
7407,0.6460497651933468
7408,0.7565416599537432
7409,0.8194145139552327
7410,0.8920888662500485
7411,-1.1234963871743975
7412,-0.9738013719429871
7413,-0.5696806010746585
7414,-0.17610213794374038
7415,-0.05619426358313752
7416,0.26527315318860156
7417,0.4550344606756431
7418,0.6690971479871347
7419,0.7694895074108304
7420,0.8221646356499153
7421,0.894838987944731
7475,-0.4291275574593139
7476,-0.2537575606190281
7477,-0.1436950843129368
7478,-0.06415456694651388
7479,-0.03762888269553151
7480,0.03788200876549363
7481,0.1434186490202526
7482,0.23421142500176864
7483,0.29293855469281993
7484,0.32022125233293025
7485,0.3766272599256291
7486,-0.2904881934652257
7487,-0.11511757995534502
7488,0.001978146417081025
7489,0.1054413448165246
7490,0.15480668886062374
7491,0.2811373628368537
7492,0.39932152221717604
7493,0.46601786976641446
7494,0.5140999953838007
7495,0.5227448645795773
7496,0.5932632814021684
7497,-0.2962673617476831
7498,-0.11919482163493028
7499,0.008903893112334213
7500,0.12141652604710082
7501,0.17718574971884848
7502,0.31925534024197705
7503,0.4390811009377671
7504,0.5180360924844213
7505,0.5397060189803423
7506,0.5396110022006182
7507,0.6095832909126663
7508,-0.2092058147993298
7509,-0.03462251060229122
7510,0.11293970197404546
7511,0.21588329340028434
7512,0.2700840522368378
7513,0.395314163318073
7514,0.4938175452129215
7515,0.5684672577247306
7516,0.6086317088709386
7517,0.6390713942152076
7518,0.6946171192173379
7519,-0.12931315797673157
7520,0.06584206245934257
7521,0.21475617272709985
7522,0.3118154914988947
7523,0.36415719803631297
7524,0.49056165972380494
7525,0.6098918870610802
7526,0.7006957733802643
7527,0.7803952297340727
7528,0.8212265282537685
7529,0.8674194512316776
7530,-0.1678189640085835
7531,0.02956709280503006
7532,0.1808859984739536
7533,0.28357053947320415
7534,0.3343590812404245
7535,0.4603131051698133
7536,0.5622243510394334
7537,0.6821790398512532
7538,0.7618784962050618
7539,0.7884408049913366
7540,0.8328472732490398
7541,-0.228801612889816
7542,-0.09389832715611927
7543,0.059332548999347284
7544,0.1620170899985988
7545,0.2128056317658188
7546,0.33875965569520733
7547,0.4650529216716357
7548,0.6157649995490209
7549,0.696852496741109
7550,0.7127762135626697
7551,0.7216760466086246
7552,-0.2423253694874703
7553,-0.09857346954937445
7554,0.06839285771317093
7555,0.18583186746021785
7556,0.2217112952653191
7557,0.3689778191372973
7558,0.49183203600282016
7559,0.5901527165206798
7560,0.6563310997506491
7561,0.7077532750301195
7562,0.7619305087094284
7563,-0.2658806011719225
7564,-0.10671566009467764
7565,0.08562275917333585
7566,0.18815265495826344
7567,0.24059210918260257
7568,0.37970827205020957
7569,0.505066136142877
7570,0.603225690959763
7571,0.6843131881518513
7572,0.7208262494692028
7573,0.7853617145547842
7574,-0.2409481490703611
7575,-0.07108996631881855
7576,0.1483882174951239
7577,0.2177116107786403
7578,0.26977528080427987
7579,0.43813554355201867
7580,0.5291410847118293
7581,0.6273006395287154
7582,0.6899299022890334
7583,0.7264429636063849
7584,0.7783981973756978
7585,-0.33511088257681526
7586,-0.14847066834259406
7587,0.03582804121489845
7588,0.14071121302572426
7589,0.21495067374044036
7590,0.3478865141724727
7591,0.49869585459769133
7592,0.5690579773864151
7593,0.6790252452639766
7594,0.7192803205141801
7595,0.7434381222553302
7596,-0.47115897456867584
7597,-0.27662731468376917
7598,-0.050437500089675874
7599,0.054022122390582586
7600,0.10618434465498096
7601,0.23725822989104656
7602,0.38325159517772844
7603,0.4803919193900021
7604,0.5743916121289925
7605,0.6185884642934277
7606,0.6795816074889972
7607,-0.4268241564037128
7608,-0.20812089556962102
7609,0.04609633574105876
7610,0.17947377556226207
7611,0.23511572047088417
7612,0.36618960570694953
7613,0.5121829709936322
7614,0.6071607098277374
7615,0.7043685632787863
7616,0.7485654154432216
7617,0.8095585586387909
7618,-0.6311085860780915
7619,-0.3938447837471151
7620,-0.0865589424346162
7621,0.08440886571140237
7622,0.13564880548807245
7623,0.31265097485287513
7624,0.4586443401395572
7625,0.5595594620226065
7626,0.6607731364279915
7627,0.7084132968912901
7628,0.7777146087812966
7629,-0.8356366625825129
7630,-0.6371310530576314
7631,-0.29979433253896753
7632,0.1396888935014905
7633,0.1900217719389654
7634,0.3885086246046715
7635,0.5243005109856357
7636,0.6614974224931601
7637,0.7648757338594753
7638,0.8111299127366144
7639,0.8735921615650138
7640,-1.0279667865714042
7641,-0.9007291038576936
7642,-0.553802824951516
7643,-0.11587511881509331
7644,-0.027793675233442738
7645,0.4032719951182055
7646,0.5388472990633355
7647,0.7091675650081012
7648,0.7938423179409763
7649,0.8347659697937105
7650,0.89722821862211
7772,-0.3908555602197375
7773,-0.14014546972439176
7774,0.0643171254589301
7775,0.16436228553775106
7776,0.2689718928404405
7777,0.3381862117446824
7778,0.46411018636139983
7779,0.6150508173771564
7780,0.6626048402369948
7781,0.693401004895618
7782,0.7437408955957373
7783,-0.4500074909744218
7784,-0.1822667796513339
7785,0.024253311284330403
7786,0.18071675560256711
7787,0.26909552190462316
7788,0.35667238727346623
7789,0.4687716801399245
7790,0.6192519897735496
7791,0.6660644864388886
7792,0.6968606510975116
7793,0.7474353738882064
7794,-0.46255685863714985
7795,-0.20111710968624388
7796,0.08360933714097551
7797,0.24730685078104306
7798,0.33512144636813035
7799,0.43354352160092874
7800,0.5223173168203618
7801,0.6626744318093339
7802,0.7094869284746729
7803,0.7442143476566029
7804,0.7977767214284768
7805,-0.46992865851874543
7806,-0.2135329704404511
7807,0.029111285598911445
7808,0.23258607694656983
7809,0.339570832027447
7810,0.4311605011827004
7811,0.5295447644628151
7812,0.649801684013384
7813,0.7557063977245339
7814,0.8030308589752083
7815,0.8396909118373507
7816,-0.43195916012209484
7817,-0.1600431524278514
7818,0.07966240763016
7819,0.25611833908536463
7820,0.35088294156456007
7821,0.44546974447083726
7822,0.5560357307302509
7823,0.7150149326693187
7824,0.7785260388511576
7825,0.824810217761884
7826,0.8628303344253526
7827,-0.4375571613797975
7828,-0.15564319207906166
7829,0.09211322930852388
7830,0.2684292094434977
7831,0.35996221337728174
7832,0.43161237805902886
7833,0.5627852365102156
7834,0.7220655920207641
7835,0.784014494672974
7836,0.8141347832443776
7837,0.8502751835702366
7838,-0.4614485357898723
7839,-0.19523053377087424
7840,0.06203770010528271
7841,0.24061234308952983
7842,0.3361057196479782
7843,0.43350490398054253
7844,0.5436111419231614
7845,0.7068493579789448
7846,0.791097905034842
7847,0.8238424957808096
7848,0.8632546269730601
7849,-0.4699191321858655
7850,-0.18824817997484974
7851,0.031033266013014066
7852,0.24175430003904638
7853,0.3393368588866604
7854,0.4308579518913096
7855,0.5476893338837737
7856,0.7105326835627453
7857,0.7724815862149552
7858,0.817681740868126
7859,0.8568766924832921
7860,-0.49502256096953934
7861,-0.19744546930493317
7862,-0.010359402268708755
7863,0.15697330368198958
7864,0.28597735949813763
7865,0.43527610731589617
7866,0.5617601586876471
7867,0.7552071355862587
7868,0.8171560382384687
7869,0.8630202375834659
7870,0.8977930215588573
7871,-0.7650778116601741
7872,-0.5088613727064197
7873,-0.25328482355618354
7874,-0.05548907912352283
7875,0.054755417211289084
7876,0.23723114352069316
7877,0.4097293618223359
7878,0.6007184712830032
7879,0.6705513652703683
7880,0.7387890280708954
7881,0.7860602727361589
7882,-0.8090693874705991
7883,-0.5298478164571155
7884,-0.30052018569077
7885,-0.10256734078599028
7886,0.0020751222710362507
7887,0.16595052987636214
7888,0.3485891410830409
7889,0.5396533920132859
7890,0.5992752806696899
7891,0.6710967539945388
7892,0.7285117783718172
7893,-0.7747001504791909
7894,-0.478635359709986
7895,-0.24301312666939243
7896,-0.05701081347857014
7897,0.04779365264445778
7898,0.21166906024978405
7899,0.3974543778883279
7900,0.6077845733041897
7901,0.6149262093589563
7902,0.7519616573783271
7903,0.7978768538120692
7904,-1.1032219702813684
7905,-0.9260029099431786
7906,-0.6839085309430263
7907,-0.26934545135722004
7908,-0.14983347669378771
7909,0.04727481406555248
7910,0.23306013170409695
7911,0.44352050292541384
7912,0.5311628372307491
7913,0.5919776934139517
7914,0.6711669683094299
7915,-1.1270526111670338
7916,-0.9434494333149642
7917,-0.6627266714584058
7918,-0.06078957181410245
7919,0.05608034171229573
7920,0.3016155205213898
7921,0.5063840802622923
7922,0.7392054513688414
7923,0.8338900886293344
7924,0.9035100334856013
7925,0.9512987740944778
7926,-0.4477103615534941
7927,-0.13264954289152747
7928,0.06069714455126448
7929,0.15868562316749463
7930,0.2278392995891853
7931,0.3152310282068805
7932,0.43232150474988923
7933,0.5337060113295089
7934,0.5890857793469366
7935,0.6264477274321435
7936,0.7085021497842391
7937,-0.49155052981072767
7938,-0.23850096015460018
7939,-0.017874547688074467
7940,0.06418460477467842
7941,0.17295192817315852
7942,0.2558582503485543
7943,0.3754578248109573
7944,0.4761603165483
7945,0.6147556586754543
7946,0.6606031474462392
7947,0.7610976970665747
7948,-0.4225639020096675
7949,-0.1718672633669865
7950,0.06080619596135986
7951,0.16621312049116158
7952,0.2409368097464043
7953,0.3207897165378557
7954,0.4324589511375585
7955,0.48973251588855
7956,0.5354709753820074
7957,0.5608049260058733
7958,0.6619621007763915
7959,-0.4140523382348065
7960,-0.17538258285345545
7961,0.06372692068732239
7962,0.21635885838627242
7963,0.2838151143152043
7964,0.37842199906873897
7965,0.5135718913188956
7966,0.6032122699376204
7967,0.6224361641853935
7968,0.6727340003595762
7969,0.7631582039289314
7970,-0.4614465217200802
7971,-0.2484734848566418
7972,-0.022948603645160263
7973,0.14822331515603882
7974,0.25582857149249066
7975,0.33617479317877996
7976,0.4746026857050943
7977,0.5900265231262325
7978,0.647515633264613
7979,0.680086452354273
7980,0.7334790854275454
7981,-0.477132995981192
7982,-0.2707332564792321
7983,-0.047716235479880485
7984,0.12683652924785488
7985,0.24693262730980411
7986,0.33098137798673294
7987,0.4661119534972036
7988,0.5820601371811908
7989,0.6545834678531196
7990,0.6992469969579416
7991,0.752022839635853
7992,-0.6029890050490474
7993,-0.450080586651228
7994,-0.15200950568772298
7995,0.06676687873841772
7996,0.22119752410393168
7997,0.3007542378903021
7998,0.4402748968676861
7999,0.5618857648736585
8000,0.6193586422248056
8001,0.6859851510764351
8002,0.7819493926835067
8003,-0.6965596965523372
8004,-0.5560502614223917
8005,-0.3374687248398612
8006,-0.07190806135986019
8007,0.16925429460024363
8008,0.31583012067516675
8009,0.4702456870135495
8010,0.594354065850642
8011,0.648833435199228
8012,0.699061855090417
8013,0.7915031340763714
8014,-0.5521470944496891
8015,-0.38981005894841153
8016,-0.2502068759636095
8017,-0.06284487910456088
8018,0.21708688351354188
8019,0.33378179886015
8020,0.5299328454635698
8021,0.6382792918614918
8022,0.6937989593372539
8023,0.7467352392244718
8024,0.861839989968534
8025,-0.7085145835051895
8026,-0.7278193595140104
8027,-0.5907922767738286
8028,-0.3047105139712704
8029,-0.1046812579578251
8030,0.03884357593993967
8031,0.2406157438500672
8032,0.3856905313368564
8033,0.4636241032077788
8034,0.5388681739559531
8035,0.6575984333628677
8036,-0.7158830027971175
8037,-0.7187458994695114
8038,-0.5982221611290213
8039,-0.2771113491911264
8040,-0.1143293924036206
8041,0.020620356233117306
8042,0.20879493756941503
8043,0.3452903548037862
8044,0.5053342353670118
8045,0.5802203397252756
8046,0.6913664713668751
8047,-1.0392693946451912
8048,-1.0156596716219568
8049,-0.8366318678803188
8050,-0.5460043588597039
8051,-0.3350227746390498
8052,-0.1418147150402572
8053,0.0362025949333202
8054,0.18680412923739462
8055,0.2671579096321501
8056,0.3532155994923783
8057,0.4828043096374779
8058,-1.1533837784898744
8059,-1.1067480179422977
8060,-0.856334538173987
8061,-0.5921611887726995
8062,-0.35943832966404266
8063,-0.15567778643274294
8064,0.06953176879955876
8065,0.24924606812041059
8066,0.544157632855631
8067,0.6011390217001188
8068,0.7103506304664707
8124,-0.4507646677144649
8125,-0.22661036244275867
8126,-0.015034561086222172
8127,0.11677777117408167
8128,0.2330276218800479
8129,0.3422951214668327
8130,0.5359720128169414
8131,0.6828145639344715
8132,0.7270562354029629
8133,0.7390302153425305
8134,0.7876524889436802
8135,-0.4599111711826505
8136,-0.2543766536029237
8137,-0.008490043284368741
8138,0.12461629637210027
8139,0.2118562439972969
8140,0.3494131499015354
8141,0.5041661539748914
8142,0.658573074498163
8143,0.7028182864763383
8144,0.7117655716344427
8145,0.7606544289773534
8146,-0.41704061691835437
8147,-0.19166756384814324
8148,0.05733741246257483
8149,0.1997454067902716
8150,0.2884326123231426
8151,0.43824422589349127
8152,0.5758637156843137
8153,0.7195345305692634
8154,0.7199844126564
8155,0.7323227214971019
8156,0.7950242383376213
8157,-0.3624022904341824
8158,-0.13405326914086382
8159,0.10782830583337491
8160,0.25241309502691217
8161,0.2967891410937858
8162,0.4272101952713144
8163,0.5612352882194559
8164,0.6990018528483256
8165,0.7711301740902751
8166,0.7926717017895525
8167,0.8485907113810672
8168,-0.38510320098864154
8169,-0.16935075161252028
8170,0.06680754322294462
8171,0.21750010616727
8172,0.30968318208821505
8173,0.4495567354917409
8174,0.5957725860684026
8175,0.7864063056199618
8176,0.854383729865689
8177,0.8805069244578968
8178,0.909193429282236
8179,-0.3734848312502468
8180,-0.14888629104509715
8181,0.09784592340611714
8182,0.24218010716454014
8183,0.33666190046843814
8184,0.4769457314051739
8185,0.621136396688862
8186,0.7935913048690363
8187,0.8612137711529719
8188,0.8844551387560039
8189,0.9060756858080353
8190,-0.3783901694550286
8191,-0.1583673107594496
8192,0.08560373753776004
8193,0.22993792129618293
8194,0.2737234122627749
8195,0.4408048706115386
8196,0.5808798461794435
8197,0.7444066908139292
8198,0.8151458673915456
8199,0.8471957303672508
8200,0.8910198374039373
8201,-0.4388082195947616
8202,-0.25598033294908096
8203,0.00028541039306345
8204,0.17927292474315815
8205,0.2661703851328059
8206,0.407221483689175
8207,0.5558681688657592
8208,0.7156045211086943
8209,0.78322698739263
8210,0.8254364558152312
8211,0.882009833116474
8212,-0.5799674649545898
8213,-0.37940793755261876
8214,-0.06880921725169728
8215,0.0789499391864622
8216,0.198423493844005
8217,0.38604510006099463
8218,0.5697040055631585
8219,0.7617303865317465
8220,0.8293528528156822
8221,0.8688522193015391
8222,0.9219473490199565
8223,-0.6141023403251292
8224,-0.40746066126975106
8225,-0.15441296140471136
8226,0.026395090478003307
8227,0.13091666197035065
8228,0.3325882416394258
8229,0.5282203588761805
8230,0.725725214351327
8231,0.7544011851425072
8232,0.8609468392904812
8233,0.9171158359949296
8234,-0.8370471197490111
8235,-0.63839405526751
8236,-0.3869212332499221
8237,-0.20321643291148575
8238,-0.08883025798421501
8239,0.14520520989828778
8240,0.35804017314348047
8241,0.5522675382056129
8242,0.6345291833285911
8243,0.6842328901062725
8244,0.7538774394047505
8245,-0.8609698321398859
8246,-0.636432881280665
8247,-0.38497143640278547
8248,-0.15023619582792647
8249,-0.030728700308447834
8250,0.21060033378438198
8251,0.4352399768356669
8252,0.633947680742389
8253,0.7182918973322324
8254,0.7681726861178065
8255,0.8456965212451023
8256,-1.0807109113925586
8257,-0.8611516000276712
8258,-0.5371575467472416
8259,-0.2946319304459087
8260,-0.1716447122822064
8261,0.09783590313388428
8262,0.3124390964096206
8263,0.49635118068113177
8264,0.8112230629349212
8265,0.8514622888082334
8266,0.921800035783919
8267,-1.0082654551422714
8268,-0.8208311805343288
8269,-0.4747415508069492
8270,-0.15371700688108755
8271,-0.04239186893190122
8272,0.2454475038616423
8273,0.49870915324162013
8274,0.7343288332968964
8275,0.8338054537212812
8276,0.775372858303049
8277,0.946906213768658
8278,-1.132738388078834
8279,-0.9646169818141773
8280,-0.5742252993686136
8281,-0.190315043312458
8282,-0.0759813871078537
8283,0.21101433339268758
8284,0.45883041860786355
8285,0.7039388263070417
8286,0.8094783565325464
8287,0.8494353315951595
8288,0.9263940524676796
8289,-1.1335401258569462
8290,-0.9639608059922672
8291,-0.5708620426451517
8292,-0.17728357951423387
8293,-0.06294992330962962
8294,0.2732137136551981
8295,0.5183235190866954
8296,0.7552898575210326
8297,0.8436826025324172
8298,0.8801740513782986
8299,0.9562960680108376
8472,-0.8793671193614547
8473,-0.7273089750664226
8474,-0.5948668005598863
8475,-0.48623527471234657
8476,-0.4269745102422979
8477,-0.3246928836720179
8478,-0.13054341639742711
8479,-0.021758822283787914
8480,0.041666071576303816
8481,0.09529355161917757
8482,0.18661806765255834
8483,-0.8454274052202861
8484,-0.6901396069120921
8485,-0.5576974324055555
8486,-0.4490659065580162
8487,-0.388667924062622
8488,-0.28132889339020806
8489,-0.08717942611561688
8490,0.020222436173605206
8491,0.08359060983351035
8492,0.13091404274272495
8493,0.20524194867092405
8494,-0.7681241606709532
8495,-0.6070029450681713
8496,-0.47341229380567823
8497,-0.36478076795813824
8498,-0.29398014386527005
8499,-0.1866411131928553
8500,0.007508354081735332
8501,0.09933250643257703
8502,0.1525348891957615
8503,0.17806888953972047
8504,0.2366798216202769
8505,-0.589420032317344
8506,-0.38900615141552675
8507,-0.2299328488723704
8508,-0.08431899195809968
8509,-0.00784509586736828
8510,0.09443653070291207
8511,0.30760037867778645
8512,0.42657156575870087
8513,0.4748770903187036
8514,0.5150199439707107
8515,0.5656105633802636
8516,-0.5787925966816216
8517,-0.37683047546893284
8518,-0.21558728972215985
8519,-0.06997343280788919
8520,0.002963949645678858
8521,0.10584762865997385
8522,0.31901147663484825
8523,0.43539012289329637
8524,0.4836956474532991
8525,0.521406176145367
8526,0.5624182321226434
8527,-0.4433390166488582
8528,-0.22487415105720535
8529,-0.04601402313433037
8530,0.09173496771735493
8531,0.15847669875259568
8532,0.2588956741338076
8533,0.46047573536594233
8534,0.5759252698565416
8535,0.6260592972342185
8536,0.666685496862387
8537,0.7127035746430187
8538,-0.38006642331731505
8539,-0.18589261150095795
8540,0.001793945003108291
8541,0.14558401096129076
8542,0.23886399781402043
8543,0.37553457355748626
8544,0.5773880094369421
8545,0.7260531929634834
8546,0.7560049106395272
8547,0.7877103873912269
8548,0.8417034266896465
8549,-0.39430537702848917
8550,-0.2016797519677614
8551,-0.012643981931565037
8552,0.13114608402661737
8553,0.22255831908305684
8554,0.3586268423825075
8555,0.5597301569705541
8556,0.7042195289622333
8557,0.7632144286013282
8558,0.7703635142117161
8559,0.823456880035728
8560,-0.3629398417228857
8561,-0.17020201209040803
8562,0.018833757945788034
8563,0.16592383234199284
8564,0.25728935663584535
8565,0.3933578799352965
8566,0.5944611945233435
8567,0.7374110068481489
8568,0.7744911015673027
8569,0.808324424622847
8570,0.8597763338821923
8571,-0.3606046994999752
8572,-0.16743166108322585
8573,0.030215163624705613
8574,0.18587193480569625
8575,0.276365442006574
8576,0.4124339653060252
8577,0.6240349306644477
8578,0.7801087525415035
8579,0.8144822452077135
8580,0.8490826394056367
8581,0.9082988490613116
8582,-0.3510910648896736
8583,-0.1574537693628512
8584,0.04019305534508032
8585,0.19739583007203382
8586,0.28732516655794316
8587,0.4233936898573944
8588,0.6349946552158169
8589,0.7911760564092876
8590,0.8257794187995674
8591,0.8591752554058574
8592,0.9183914650615325
8593,-0.3625997440083109
8594,-0.1665564771045278
8595,0.04719381634898795
8596,0.21451978572059394
8597,0.30419218530939407
8598,0.44124463215553456
8599,0.6309618136546477
8600,0.7763126820481755
8601,0.8089885771826424
8602,0.8407876442529812
8603,0.9057430295155603
8604,-0.385494081018913
8605,-0.16177381113261247
8606,0.058778936908514705
8607,0.22610490628012073
8608,0.31518816881291756
8609,0.45114993131202824
8610,0.6520967309490966
8611,0.8065093709717043
8612,0.8398286989909618
8613,0.8716277660613007
8614,0.9371687030300658
8615,-0.39222005160143736
8616,-0.1670408294219995
8617,0.058055916671130185
8618,0.22644989678188523
8619,0.319850569676181
8620,0.4576742873712576
8621,0.6618600275172235
8622,0.8250986279521567
8623,0.8584179559714142
8624,0.8901930970664269
8625,0.9494564934579759
8626,-0.38700626523273235
8627,-0.14644062558547052
8628,0.08832108747638853
8629,0.2606580348648919
8630,0.35405870775918785
8631,0.48873388059534567
8632,0.6955727436198668
8633,0.8719459819351633
8634,0.9297239647751293
8635,0.9815181119354514
8636,1.0327370474496325
8637,-0.42531537644229017
8638,-0.18800521044677923
8639,0.05423000801704378
8640,0.23151323494986023
8641,0.32471719219368844
8642,0.4635525572334078
8643,0.6737837844851581
8644,0.851681193725856
8645,0.909459176565822
8646,0.9612533237261441
8647,1.013832323041649
8648,-0.4389700934702221
8649,-0.19678909645354406
8650,0.042492696587817014
8651,0.22086358232298775
8652,0.3167321034179015
8653,0.4582536614274228
8654,0.675206867926185
8655,0.8410528329309134
8656,0.8976801693554707
8657,0.9532636053509549
8658,1.008819847678346
8659,-0.41484634066071857
8660,-0.17663869511961633
8661,0.06570507874164236
8662,0.24407596447681282
8663,0.3458783837755705
8664,0.48739994178509183
8665,0.7000062587122461
8666,0.8647015773015658
8667,0.9238676009798116
8668,0.9794510369752957
8669,1.036034029755741
8861,-1.071194750124702
8862,-0.7973865248971036
8863,-0.5913922075061276
8864,-0.36919681261029497
8865,-0.2312332658873295
8866,-0.14790086421460868
8867,-0.11327149357494823
8868,-0.1519991783770678
8869,-0.09459181696639903
8870,-0.04531188657018578
8871,0.08357614147325437
8872,-1.0318092043250635
8873,-0.7441731249860574
8874,-0.5375765074423231
8875,-0.3167898689486006
8876,-0.1867951748459001
8877,-0.10413217030095047
8878,-0.07178549106635099
8879,-0.11112330592397893
8880,-0.05377266471349668
8881,-0.009953050804007962
8882,0.08357614147325437
8883,-0.9477979072313323
8884,-0.6525118386825735
8885,-0.44476674438288183
8886,-0.22398010588915876
8887,-0.09086834722472
8888,-0.008205342679770114
8889,0.024141336554829262
8890,-0.02689968019333977
8891,0.021956340893385894
8892,0.04700784784666148
8893,0.14205327114515182
8894,-0.8866283800506268
8895,-0.564413480138679
8896,-0.3542059168481777
8897,-0.12810121679016667
8898,0.028194407728053636
8899,0.10254098019624652
8900,0.22597892620850069
8901,0.24919890163647587
8902,0.303975432125325
8903,0.342071764715035
8904,0.4469793990907373
8905,-0.8695468468347661
8906,-0.5472723047625818
8907,-0.3370647414720807
8908,-0.11096004141406965
8909,0.0408139808732109
8910,0.12231261431251259
8911,0.24128985068263553
8912,0.26055753936903303
8913,0.3184479262469224
8914,0.35427680546133966
8915,0.456112910473657
8916,-0.7663508153051125
8917,-0.43131405593628314
8918,-0.21457084356361986
8919,0.00479580947425946
8920,0.1601335708798352
8921,0.24172102864540596
8922,0.36663145315856094
8923,0.4430291466933385
8924,0.49636367343007987
8925,0.5343525968931785
8926,0.6239435112524263
8927,-0.7466101134746875
8928,-0.418756175926055
8929,-0.19205684217053712
8930,0.027019041092474123
8931,0.18427692574003002
8932,0.2649555026307168
8933,0.3826438598225869
8934,0.5132837690806789
8935,0.5873023622896872
8936,0.6392677266902989
8937,0.7346369970650469
8938,-0.7166200724150342
8939,-0.3754878283849317
8940,-0.13422264144124063
8941,0.09069708654894536
8942,0.24019715766607463
8943,0.3131388074762119
8944,0.3941536640066398
8945,0.5110716532651497
8946,0.6239345449913781
8947,0.6628072254730827
8948,0.7261520141730579
8949,-0.748160770508253
8950,-0.39513605866510293
8951,-0.14851945125175012
8952,0.07655050832305203
8953,0.22579240205515638
8954,0.32082390013234985
8955,0.42405275488493516
8956,0.5277844642765833
8957,0.653890702145811
8958,0.6892915941005704
8959,0.7573125478648467
8960,-0.7428140137283811
8961,-0.38662362558049085
8962,-0.13958410152397532
8963,0.0905423198078367
8964,0.24884111891448482
8965,0.3438726169916782
8966,0.45877388263380986
8967,0.5701296778849837
8968,0.695494389559712
8969,0.7347858489937896
8970,0.8125692994254358
8971,-0.7470895249036659
8972,-0.38901517301237454
8973,-0.13551517793802548
8974,0.09576030090776969
8975,0.277557371509345
8976,0.37805934359661564
8977,0.48948631835058215
8978,0.6022158934629408
8979,0.7275806051376691
8980,0.7695358282074749
8981,0.8522874807955348
8982,-0.7674225199184127
8983,-0.3920666845340286
8984,-0.1345703510138719
8985,0.10497609555504005
8986,0.30374382056188165
8987,0.40434213507559624
8988,0.512403736600993
8989,0.6334145903483495
8990,0.760714227462758
8991,0.7682729613213417
8992,0.8468724027328403
8993,-0.8241748096953071
8994,-0.43952413797098466
8995,-0.1583246671755676
8996,0.14505996153119963
8997,0.27745664593828223
8998,0.38998531674136616
8999,0.5127015243246976
9000,0.6085915898140903
9001,0.7459647464474992
9002,0.7843596740869127
9003,0.8564987076789382
9004,-0.8593618022313895
9005,-0.4676423130734098
9006,-0.20081138622406064
9007,0.07421520684124516
9008,0.2719032386051164
9009,0.3832078932878771
9010,0.4986700086190334
9011,0.6174053618633529
9012,0.7458407673644215
9013,0.7934423604856059
9014,0.8669414578789575
9015,-0.859360283990014
9016,-0.4798258764931352
9017,-0.20769026475891902
9018,0.04866332623063601
9019,0.25042206004174683
9020,0.3762958550157506
9021,0.4885480871227788
9022,0.6175226987105925
9023,0.7355685724982791
9024,0.7477075750809474
9025,0.8212066724742991
9026,-0.6396813966528436
9027,-0.32981891004193614
9028,-0.030445323339276072
9029,0.2079147418487933
9030,0.41599951526548123
9031,0.4999004589926306
9032,0.5896660379931463
9033,0.7675614878833424
9034,0.8150166742275055
9035,0.8803399809259952
9036,-0.6830549346130411
9037,-0.3608190123498203
9038,-0.03726695728463758
9039,0.24730710947658216
9040,0.3590530993789108
9041,0.4871570947602902
9042,0.6196107468750228
9043,0.7574395021130426
9044,0.8068551061956653
9045,0.8881791130177762
9046,-0.6825533238158593
9047,-0.38273112792784864
9048,-0.0674923808778393
9049,0.19594953433743853
9050,0.3421602317543891
9051,0.47852625100039947
9052,0.6070813923928591
9053,0.7393203265587168
9054,0.7908717024091926
9055,0.8706755238345211
9372,-0.6385570475796778
9373,-0.5827154494761978
9374,-0.4594965585929793
9375,-0.3577574398444698
9376,-0.34068037453104333
9377,-0.24834402311479423
9378,-0.14495915828455805
9379,-0.0709735032893942
9380,0.0022376970420441406
9381,0.06519087272211646
9382,0.1666610215188533
9383,-0.6385570475796778
9384,-0.5827154494761978
9385,-0.4594965585929793
9386,-0.3577574398444698
9387,-0.34068037453104333
9388,-0.24834402311479423
9389,-0.14495915828455805
9390,-0.0709735032893942
9391,0.0022376970420441406
9392,0.06519087272211646
9393,0.1666610215188533
9394,-0.6083399729813984
9395,-0.5492687208647565
9396,-0.4260498299815381
9397,-0.32431071123302857
9398,-0.30315482782274084
9399,-0.20576107230435756
9400,-0.10237620747412134
9401,-0.03192065710043716
9402,0.0395626522578507
9403,0.0943946671834749
9404,0.17886820587503002
9405,-0.5272033914054005
9406,-0.4622987219941732
9407,-0.33793135435499533
9408,-0.23619223560648547
9409,-0.20949465079584575
9410,-0.11210089527746303
9411,-0.008716030447226797
9412,0.0500363180359161
9413,0.11302500727044762
9414,0.14788470325160513
9415,0.2161947541685786
9416,-0.3831082602437597
9417,-0.2803587235497288
9418,-0.12572995849027124
9419,0.009785855921928504
9420,0.03385937956706924
9421,0.12679778342733292
9422,0.2543708012381736
9423,0.3351677337616217
9424,0.40004543014680616
9425,0.46627373053393534
9426,0.5432667010238241
9427,-0.33343525885668396
9428,-0.2291374818517805
9429,-0.07272301478740693
9430,0.06279279962479291
9431,0.08511928046442963
9432,0.17805768432469313
9433,0.305630702135534
9434,0.38898758159475316
9435,0.45386527797993753
9436,0.5113608991667783
9437,0.5889552590790798
9438,-0.3084671686627204
9439,-0.20348167281647164
9440,-0.04706720575209794
9441,0.08058374259751615
9442,0.10046369851781026
9443,0.18930691463700117
9444,0.31687993244784196
9445,0.4005390989245689
9446,0.4654167953097533
9447,0.5229124164965938
9448,0.5976849831291663
9449,-0.21420699664587417
9450,-0.09407648045112275
9451,0.09904194159196476
9452,0.23326966297503354
9453,0.2573020791152989
9454,0.3324882783090299
9455,0.462683965971778
9456,0.5418938307167732
9457,0.5950972292490361
9458,0.6604170141767592
9459,0.7396598797304109
9460,-0.1632638013664895
9461,-0.0407460976108321
9462,0.15721379193527343
9463,0.3006279516485385
9464,0.3449283844075019
9465,0.45636618396348644
9466,0.5730590709556402
9467,0.6868124904679572
9468,0.737601813969616
9469,0.8039036894480048
9470,0.8884280300416206
9471,-0.14652425547986853
9472,-0.027577997886174155
9473,0.17038189165993126
9474,0.3139506965875199
9475,0.35656516144796385
9476,0.46648738279784285
9477,0.5831802697899966
9478,0.689309739896805
9479,0.7441226862641203
9480,0.8086852144757187
9481,0.8915680985046678
9482,-0.1477118144971771
9483,-0.02168485129098388
9484,0.18303812824043286
9485,0.34448426034202273
9486,0.3778435758239647
9487,0.49641616801173266
9488,0.6149563349363728
9489,0.7273909925262306
9490,0.779637323491842
9491,0.845382243972271
9492,0.9378773930839737
9493,-0.19231098059758064
9494,-0.04382829028361752
9495,0.16089468924779912
9496,0.31457619450613666
9497,0.3520457893045428
9498,0.46196801065442294
9499,0.5875647829280745
9500,0.6992293401916037
9501,0.7523124425533277
9502,0.8183001641539788
9503,0.9092015477768051
9504,-0.18963215481851714
9505,-0.03839498616303483
9506,0.182431462113966
9507,0.3462361620169555
9508,0.36298887696494003
9509,0.4976324802400321
9510,0.6103013783428212
9511,0.7008639099820732
9512,0.7539470123437972
9513,0.8163288777931689
9514,0.9145632025117753
9515,-0.1864737332534378
9516,-0.030917624366022217
9517,0.19671127849859016
9518,0.3605159784015798
9519,0.39513142473751844
9520,0.5123208431128083
9521,0.6249897412155971
9522,0.7349241882295555
9523,0.7849522930164955
9524,0.8473341584658671
9525,0.9455684831844736
9526,-0.19045428322503033
9527,-0.023565863846019587
9528,0.20832998100327743
9529,0.3732026916454159
9530,0.3997005927251553
9531,0.5144366106717282
9532,0.6903847009260377
9533,0.8092804598146225
9534,0.7907317352236239
9535,0.853055796282591
9536,0.9471379098246363
9537,-0.23124293887370329
9538,0.008008296433228224
9539,0.18613872776591128
9540,0.35544832591276526
9541,0.4761689604142439
9542,0.5299530314671426
9543,0.6500621072134475
9544,0.7855351129913594
9545,0.9167178163937834
9546,0.9359750885914272
9547,1.0169750961965371
9548,-0.20856682620815734
9549,-0.038985449908668535
9550,0.21074235296693758
9551,0.38455699528602877
9552,0.4323155115187387
9553,0.5503864915561123
9554,0.6704955673024172
9555,0.8076179602690775
9556,0.8771372164615293
9557,0.9588929066572844
9558,1.042279728516775
9559,-0.21841776138903846
9560,-0.049985834466326054
9561,0.20160046363136777
9562,0.3754151059504588
9563,0.43101386022988053
9564,0.5565744682830402
9565,0.6691939160135595
9566,0.8063163089802196
9567,0.8767295059370274
9568,0.9651563119571206
9569,1.0485431338166114
9570,-0.8372022700213536
9571,-0.7306859977351451
9572,-0.5885357102841604
9573,-0.48351853603946426
9574,-0.40717298286586256
9575,-0.30844287086518984
9576,-0.18800982139431063
9577,-0.08129149265530589
9578,-0.013209066388012182
9579,0.04855986512284527
9580,0.145780594691214
9581,-0.803262555880185
9582,-0.6935166295808147
9583,-0.5513663421298297
9584,-0.44634916788513385
9585,-0.36925242374049705
9586,-0.26546490763769026
9587,-0.1450318581668108
9588,-0.039696261252223315
9589,0.028329444814883902
9590,0.08379432919208243
9591,0.16401844865526935
9592,-0.7259593113308519
9593,-0.6103799677368943
9594,-0.46708120352995236
9595,-0.3620640292852559
9596,-0.2745646435431451
9597,-0.17077712744033754
9598,-0.05034407796945853
9599,0.039413809006748415
9600,0.0972737241771353
9601,0.130949175989078
9602,0.19545632160462223
9603,-0.5758598739175302
9604,-0.42583822415395184
9605,-0.2570568086663466
9606,-0.11505730335491914
9607,-0.020204155378295813
9608,0.08559808189662904
9609,0.22504551206779272
9610,0.3417116764829145
9611,0.39835306646648183
9612,0.45134070158408446
9613,0.5254727882827614
9614,-0.5440827407186104
9615,-0.3926732510139694
9616,-0.22313402281237876
9617,-0.0663098694744791
9618,0.011108006122063927
9619,0.12369406976562755
9620,0.2519023219100325
9621,0.3674237435189222
9622,0.42038680048612687
9623,0.4662387806461776
9624,0.5146952904693136
9625,-0.39193803614822514
9626,-0.22383528578420803
9627,-0.028909821206065795
9628,0.1052248180427759
9629,0.1939364043264672
9630,0.2928185863101896
9631,0.4200984367255714
9632,0.5306467219997076
9633,0.5854382817845865
9634,0.6343011536434092
9635,0.6880092579624449
9636,-0.34279790104549906
9637,-0.17222970496715667
9638,0.026091261370325535
9639,0.1677123691765142
9640,0.28202077055978797
9641,0.4169060057667716
9642,0.5449359774735628
9643,0.665901894302166
9644,0.7010417148523329
9645,0.7408886430720165
9646,0.7998782224310164
9647,-0.3243751543320031
9648,-0.15380695825366064
9649,0.044514008083821555
9650,0.18628976110433354
9651,0.29936433571808213
9652,0.4336475184810509
9653,0.5609273688964327
9654,0.67482019049284
9655,0.7118943444469217
9656,0.7510045975784635
9657,0.8083527203727966
9658,-0.3270948531805249
9659,-0.1574880932778419
9660,0.04125578970280293
9661,0.19075477722071021
9662,0.30160634268819686
9663,0.4358895254511656
9664,0.5631693758665478
9665,0.6764502165567018
9666,0.7144620268578591
9667,0.7535722799894008
9668,0.8109204027837341
9669,-0.3221903432397237
9670,-0.1482443480866602
9671,0.059110589565720115
9672,0.21015558062959036
9673,0.3277873843718695
9674,0.4620705671348384
9675,0.5998480683205961
9676,0.7174581274487984
9677,0.7547284115554566
9678,0.7961192928527091
9679,0.8630796807297959
9680,-0.29524272822103637
9681,-0.11854225472645359
9682,0.10491615167151098
9683,0.2660843373800333
9684,0.3821678779722762
9685,0.5164510607352458
9686,0.6458952951122028
9687,0.760458681882087
9688,0.7977289659887449
9689,0.8374005701776371
9690,0.9101001336616279
9691,-0.312033889424833
9692,-0.1310421168816488
9693,0.10071813164500823
9694,0.2618863173535308
9695,0.3788557399930527
9696,0.513138922756022
9697,0.642583157132979
9698,0.7560559118632494
9699,0.7933261959699075
9700,0.8332667145082301
9701,0.905966277992221
9702,-0.3364167954957688
9703,-0.12396059426151261
9704,0.11084426477606595
9705,0.274454792025511
9706,0.39326518897346013
9707,0.5263142768128496
9708,0.6554633365097565
9709,0.7924659822146068
9710,0.8530162946034027
9711,0.9049608090551283
9712,0.9643901914289117
9713,-0.34797208060571433
9714,-0.12620220253567438
9715,0.11826762347063349
9716,0.28677816495395086
9717,0.3996765654044807
9718,0.5313808127293441
9719,0.6674929110654041
9720,0.8089400972182635
9721,0.8718398021507263
9722,0.9310077386584114
9723,0.9864729850289075
9724,-0.396670254113583
9725,-0.1784413834140308
9726,0.07148083610116426
9727,0.24329667801212773
9728,0.3561950784626576
9729,0.4917889789336957
9730,0.627901077269756
9731,0.7709976506113639
9732,0.8338973555438267
9733,0.8930652920515117
9734,0.9498906022233341
9735,-0.38377048628839555
9736,-0.1754174381694771
9737,0.07387321434801693
9738,0.24568905625898035
9739,0.36698920311397215
9740,0.5032505094117492
9741,0.6394424376776634
9742,0.7825390110192713
9743,0.8468267567900138
9744,0.9126658091220369
9745,0.9694911192938592
9746,-0.41102637117223
9747,-0.20014524981622636
9748,0.05664224952868275
9749,0.23811580751890138
9750,0.3643031854617638
9751,0.5048358667981689
9752,0.641027795064083
9753,0.7880878305724283
9754,0.8523755763431708
9755,0.9182146286751939
9756,0.9750399388470162
9757,0.02237688727352214
9758,0.20419758803239618
9759,0.34309022234373093
9760,0.4971623140295653
9761,0.6333542422954798
9762,0.7798595639160899
9763,0.8432027333874558
9764,0.9090417857194787
9765,0.9690794824802546
10032,-0.5582423426825452
10033,-0.42711209984248233
10034,-0.37276776765812913
10035,-0.3266576259167616
10036,-0.29910708122595236
10037,-0.25674893543390376
10038,-0.1611635075714483
10039,-0.07539676746539896
10040,-0.003856737906924489
10041,0.056591534345189036
10042,0.16511654849987778
10043,-0.5272310702969261
10044,-0.39288657367511065
10045,-0.33854224149075746
10046,-0.29243209974939
10047,-0.2600383259628862
10048,-0.21262277606870322
10049,-0.11703734820624795
10050,-0.03480071272167829
10051,0.0366825966366096
10052,0.08780549614602165
10053,0.1734080556297023
10054,-0.5278783908146134
10055,-0.393533894192798
10056,-0.3391895620084448
10057,-0.2930794202670773
10058,-0.2614589361533351
10059,-0.2140433862591521
10060,-0.11845795839669693
10061,-0.03622132291212723
10062,0.03526198644616066
10063,0.08638488595557274
10064,0.17154093151231442
10065,-0.8631533536943851
10066,-0.7167731297065597
10067,-0.6591104375626327
10068,-0.6130002958212648
10069,-0.5850774212536444
10070,-0.5421172230175809
10071,-0.4465317951551276
10072,-0.37568828267938836
10073,-0.3186550424222322
10074,-0.2879153025879532
10075,-0.24400727557766305
10076,-0.22545208609645193
10077,-0.0524725810127298
10078,0.046051002294813216
10079,0.14405182865238325
10080,0.177631230609439
10081,0.22059142884550212
10082,0.32102262625270844
10083,0.397654331515507
10084,0.4591074255427423
10085,0.5009000690457603
10086,0.5784944289580621
10087,-0.23160730262642826
10088,-0.060075355684540845
10089,0.038448227623002276
10090,0.13644905398057228
10091,0.16882391160137952
10092,0.2117841098374428
10093,0.3122153072446489
10094,0.3888470125074474
10095,0.45030010653468255
10096,0.4888333317720949
10097,0.5636058984046686
10098,-0.05350192445756876
10099,0.13280485814389162
10100,0.24654105031934964
10101,0.36492012027607307
10102,0.39729497789688023
10103,0.422502971466411
10104,0.48588313133118294
10105,0.5389609708793526
10106,0.600414064906588
10107,0.6387619879587879
10108,0.7162110405090235
10109,-0.015984667405131728
10110,0.1727875609106538
10111,0.29593397468034466
10112,0.42561517625139134
10113,0.470151788576883
10114,0.5316113825086684
10115,0.595741663664849
10116,0.6781827303276199
10117,0.721784615249741
10118,0.7582490954761906
10119,0.8436731095442139
10120,0.028320205976135396
10121,0.20790267912687052
10122,0.3319753897855288
10123,0.46181123657089945
10124,0.503241639610652
10125,0.5958405713299315
10126,0.6592207311947028
10127,0.703139912216655
10128,0.7488161171939303
10129,0.7849593940624846
10130,0.8678422780914335
10131,-0.013623706894919171
10132,0.17400236216132425
10133,0.2980750728199828
10134,0.43134619356351483
10135,0.47117099413656066
10136,0.563769925855841
10137,0.6271500857206123
10138,0.6722452909537232
10139,0.7188591522780743
10140,0.7544781682418454
10141,0.8373610522707944
10142,-0.025522674122991085
10143,0.16634582584329174
10144,0.29041853650195015
10145,0.4292244863025348
10146,0.4690492868755804
10147,0.5615414577945197
10148,0.6440303231014014
10149,0.6917276115217841
10150,0.7375999466516358
10151,0.7724885120083153
10152,0.8649836611200178
10153,0.0008151622258234148
10154,0.1966775856825108
10155,0.34388586249675185
10156,0.4826918122973365
10157,0.5223198972199152
10158,0.6148120681388535
10159,0.6775942789658944
10160,0.7468230190300008
10161,0.7912476221922172
10162,0.83433169239392
10163,0.9268268415056226
10164,0.03795204243054207
10165,0.2388764128510506
10166,0.3915600752069118
10167,0.5303660250074967
10168,0.5704834846601416
10169,0.6617539792668093
10170,0.7297212049139525
10171,0.8016575537996897
10172,0.8451832679417839
10173,0.8818992984973058
10174,0.9743944476090084
10175,-0.002884074403831926
10176,0.20464439106791676
10177,0.35694063108083435
10178,0.4968145916205675
10179,0.5380737717711132
10180,0.6293442663777808
10181,0.697311492024924
10182,0.7676356103472893
10183,0.8111613244893835
10184,0.8607342377650987
10185,0.9359348226946298
10186,0.0697883573898665
10187,0.2770133458243083
10188,0.4435185508579582
10189,0.5824076852923569
10190,0.626209702753631
10191,0.7150080227225338
10192,0.782680073689627
10193,0.8691583658193672
10194,0.9522190851690618
10195,1.0042229658807404
10196,1.0876335813016564
10450,-0.9308865562634999
10451,-0.7599818159188202
10452,-0.7092828989270833
10453,-0.6546406760799686
10454,-0.6288278347058311
10455,-0.5692797031820638
10456,-0.4736942753196103
10457,-0.3952548709715989
10458,-0.33051680174914977
10459,-0.287655539292133
10460,-0.22885821252147018
10461,-0.9291100427794023
10462,-0.7899277551190268
10463,-0.7370589549236732
10464,-0.6824167320765587
10465,-0.658052327900153
10466,-0.597902143932371
10467,-0.5023167160699155
10468,-0.42387731172190596
10469,-0.35913924249945683
10470,-0.31789303276135994
10471,-0.26064394630156895
10472,-0.8491959488581782
10473,-0.709889642022503
10474,-0.655872365071192
10475,-0.6012301422240773
10476,-0.5737486734859327
10477,-0.5135984895181505
10478,-0.41801306165569696
10479,-0.3512768591982269
10480,-0.2942436189410707
10481,-0.2717655161591868
10482,-0.23136242433916382
10483,-0.19153185466379577
10484,-0.026021770251093635
10485,0.06885639786383341
10486,0.1753893053271501
10487,0.20624986004433016
10488,0.2664000440121116
10489,0.3668312414193184
10490,0.43935563666384775
10491,0.5008087306910832
10492,0.5332684885083854
10493,0.6059450848368759
10494,-0.185579055449558
10495,-0.02025943376202515
10496,0.07504165099606463
10497,0.18471992168308027
10498,0.2166533734744117
10499,0.27680355744219304
10500,0.3772347548493998
10501,0.4497591500939292
10502,0.5112122441211663
10503,0.5433244463687966
10504,0.6160010426972872
10505,-0.16529553894145008
10506,2.4082746082798353e-05
10507,0.09532516750417254
10508,0.2050034381911882
10509,0.23693688998251963
10510,0.29299188620922834
10511,0.39342308361643513
10512,0.46624976587847217
10513,0.5277028599057091
10514,0.5598150621533394
10515,0.6296698652021012
10516,-0.14288842535655422
10517,0.03739649471572074
10518,0.15442828842242354
10519,0.2790003769038572
10520,0.3114557096247037
10521,0.3538536889259533
10522,0.41723384879072445
10523,0.4677423175146955
10524,0.5301668074605015
10525,0.5711290039560124
10526,0.6494324262339466
10527,-0.057011250930153454
10528,0.12459295559690495
10529,0.2648279664736912
10530,0.4007021865694485
10531,0.4421333227676013
10532,0.534304427397278
10533,0.5984347085534587
10534,0.6443309692957768
10535,0.6880728408691373
10536,0.7199827450164403
10537,0.8044673158087462
10538,-0.024820533417089116
10539,0.15678367310996932
10540,0.2979449808757231
10541,0.42819048819939737
10542,0.46892282878641706
10543,0.5594715944096471
10544,0.6228517542744184
10545,0.6633519346845635
10546,0.709028139661839
10547,0.739530550435401
10548,0.819137127445206
10549,-0.04698466805585592
10550,0.13461953847120248
10551,0.27578084623695626
10552,0.404474095706792
10553,0.4437021025424348
10554,0.534250868165665
10555,0.5976310280304363
10556,0.6393072326517403
10557,0.6852456306574851
10558,0.715748041431047
10559,0.7953546184408521
10560,-0.02183899857814918
10561,0.16497704092524915
10562,0.3061383486910029
10563,0.4433982949456243
10564,0.48242958613079945
10565,0.5729783517540299
10566,0.6509927563553177
10567,0.7001850034819342
10568,0.7453511328386501
10569,0.7814046240200069
10570,0.8706234661125655
10571,-0.011639767381565766
10572,0.1762415710970192
10573,0.31740287886277296
10574,0.4562303986573364
10575,0.49369411630257093
10576,0.5842428819258003
10577,0.6683733485481499
10578,0.7183630688883792
10579,0.7612200985106541
10580,0.7930157381577042
10581,0.8822345802502626
10582,-0.013763158926479568
10583,0.17525926202105446
10584,0.3395561359423908
10585,0.4768160821970125
10586,0.5131001503022588
10587,0.6036489159254876
10588,0.6680727280679964
10589,0.7325151103052306
10590,0.7769397134674471
10591,0.8150537358597566
10592,0.9052993284053691
10593,-0.8818980456997908
10594,-0.6379285320225557
10595,-0.4875244711658338
10596,-0.46892252662098893
10597,-0.41491534066354224
10598,-0.3327598190035401
10599,-0.23433200292109688
10600,-0.11944190410591277
10601,-0.04593246259399002
10602,0.029369851825976182
10603,0.12552841114414368
10604,-0.8386059361858927
10605,-0.6034563563834574
10606,-0.45424496416232013
10607,-0.432596889113593
10608,-0.3778385121851113
10609,-0.28978185577604026
10610,-0.19135403969359696
10611,-0.07784667270282988
10612,-0.004393951391093893
10613,0.06460431589521329
10614,0.14376626510819904
10615,-0.7601003748455186
10616,-0.5228540020509714
10617,-0.3724941330738774
10618,-0.3508460580251503
10619,-0.28939105056954284
10620,-0.20066129863113258
10621,-0.10223348254868964
10622,-0.00042931744846383353
10623,0.06285761296655185
10624,0.11308777329664597
10625,0.17540372786986325
10626,-0.6762374081650405
10627,-0.41358815426430057
10628,-0.2232711593115652
10629,-0.11354328687463557
10630,-0.030058267775132923
10631,0.05715465798700347
10632,0.17459685476973105
10633,0.2994347892610326
10634,0.3615031944892288
10635,0.4280242125159406
10636,0.49148222173956513
10637,-0.6084348976983746
10638,-0.3392856606195745
10639,-0.15780338146962733
10640,-0.05670442358160742
10641,0.006176583084629405
10642,0.08833210474463159
10643,0.20577430152735912
10644,0.30618047716866215
10645,0.3682488823968583
10646,0.43023339062000576
10647,0.4980246578982987
10648,-0.5524577477203078
10649,-0.2750547745027126
10650,-0.057631142477906384
10651,0.13551934635176038
10652,0.21397144542856142
10653,0.29428720618688897
10654,0.3979363455490407
10655,0.5212832248002844
10656,0.5725505018408273
10657,0.6078485548689887
10658,0.6656829280856064
10659,-0.5306591573485091
10660,-0.25146312670589044
10661,-0.03675204831941548
10662,0.16388490906759812
10663,0.2649086142782417
10664,0.34328131089956865
10665,0.4858523457649911
10666,0.6382188882417419
10667,0.6787857240365379
10668,0.7326382556408362
10669,0.7964876087143221
10670,-0.4868041845513253
10671,-0.2208203707718596
10672,-0.01750069262375402
10673,0.18329090997758293
10674,0.27995055987060385
10675,0.36611841941039786
10676,0.5061173162375588
10677,0.6461932888969438
10678,0.6886944580956545
10679,0.743823461329184
10680,0.7976065706208497
10681,-0.5135961958948075
10682,-0.23196233339737438
10683,-0.022823948159363096
10684,0.1774523278700096
10685,0.2726507160800884
10686,0.35881857561988245
10687,0.5032919331526376
10688,0.6502010395816201
10689,0.6899729254557848
10690,0.7393192561824747
10691,0.8066982939091579
10692,-0.4937736344473099
10693,-0.21315675651478533
10694,0.006013181927855402
10695,0.21179917591883668
10696,0.30604803120381796
10697,0.39382567042851035
10698,0.5443222180260473
10699,0.6912307593537846
10700,0.7339280587050717
10701,0.7945647681520813
10702,0.8635204083516679
10703,-0.4915675405494828
10704,-0.21086595965200533
10705,0.04397111998001778
10706,0.26344948206853996
10707,0.35963326279320096
10708,0.432227006095548
10709,0.589718534560081
10710,0.7230422607751293
10711,0.7657395601264163
10712,0.8250580133463843
10713,0.9026173505448613
10714,-0.5091194499920771
10715,-0.22341107070775698
10716,0.03636833181712578
10717,0.25441324836019574
10718,0.34912077911547545
10719,0.44192997098440184
10720,0.580848671134973
10721,0.7295006450258174
10722,0.7721979443771044
10723,0.8335763327662565
10724,0.9111356699647336
10725,-0.5668252714175226
10726,-0.26513757200723187
10727,0.0029740121470115148
10728,0.2355290196532892
10729,0.34293295281912317
10730,0.4325725472397825
10731,0.5817645007699518
10732,0.7433760747050263
10733,0.8019004153940829
10734,0.8802108639830876
10735,0.9450491248023208
10736,-0.5801133927328054
10737,-0.2605484995188451
10738,0.014380945189013079
10739,0.25152482308778373
10740,0.35204064023727133
10741,0.44108972673662067
10742,0.5928103006442049
10743,0.7598200268059928
10744,0.818615083849538
10745,0.895117041049434
10746,0.9604381664619779
10747,-0.5965924031435055
10748,-0.2774761444413983
10749,-0.0025466997335403057
10750,0.23790247859287728
10751,0.34701675779729374
10752,0.43992106541571263
10753,0.5948868092348125
10754,0.7589462910286916
10755,0.814821125711593
10756,0.8911766761344678
10757,0.9547104159691836
10758,-0.5878641082307103
10759,-0.27852714947201246
10760,0.0054537277840293365
10761,0.2427945527203407
10762,0.3546805183441647
10763,0.45362245383067723
10764,0.6065514057629238
10765,0.7775041382433477
10766,0.8376872361251727
10767,0.9088003028701119
10768,0.9715721650834815
10769,-0.6786276443710718
10770,-0.38405626019392686
10771,-0.09217632252344189
10772,0.16508490063270168
10773,0.3156948526833403
10774,0.42111276739350806
10775,0.5805632043340185
10776,0.7484275195292244
10777,0.8086106174110493
10778,0.8904662647935564
10779,0.959916155695919
10780,-0.3699524427425723
10781,-0.0509740690261508
10782,0.22729909369625526
10783,0.3424567329757418
10784,0.4423937073427379
10785,0.5979448603539821
10786,0.7672819563648985
10787,0.8312302907157901
10788,0.9179502957516504
10789,0.9914154958557216
11916,0.7961257646718637
11917,0.8878248725903845
11918,0.9444531082995195
11919,0.8234985308242987
11920,0.9575321855293223
11921,1.0740454106954676
11922,0.8125581718950712
11923,0.9498135510261565
11924,1.0688816120209714
11925,0.8182432515487491
11926,0.96118693945956
11927,1.084160265249836
11928,0.7680199379312437
11929,0.9213207422398201
11930,1.0737945575617387
