id,log_k
0,1.184219313515972
1,1.1274939211673691
2,1.0683403779974352
3,1.0015464636296765
4,0.9214077159139316
5,0.8122501044167655
6,0.7442566580946011
7,0.5939682809765711
8,0.4051683244763832
9,0.2162574696538103
10,0.0148747721013504
11,-0.1714819487520432
12,0.819956997075432
13,0.7592825148049854
14,0.7261524148203656
15,0.6963227927926862
16,0.5938463330224327
17,0.4862135900319806
18,0.4021322224302574
19,0.2467550073354706
20,0.0891572964631567
21,-0.0349046274546095
22,-0.3163306036794783
404,-0.34374919335934073
405,-0.34291077272272863
406,-0.3467520483881343
407,-0.37072205247589207
408,-0.41077236630737424
409,-0.4766752109607282
410,-0.5827905217773164
411,-0.6662452162674151
412,-0.9955122035914039
413,-1.2123164467657612
414,-1.462512857631406
415,-1.7500717563705253
416,-1.8124604092662364
417,-1.9707783850358225
418,0.7073600938934534
419,0.7480980893484108
420,0.75908531944469
421,0.7903437452035926
422,0.7875817550124145
423,0.8109953877217445
424,0.8326932876998644
425,0.7651883300530082
426,0.6209401906606893
427,0.5250285509829133
428,0.4732059688183293
429,0.338530483136361
430,0.21353482323620915
431,0.2786807665921166
432,0.021469577508965908
433,0.05916354195322425
434,0.047854860815718346
435,0.013638137252979389
436,-0.010930267032624456
437,-0.004929621083223873
438,-0.028521937169294746
439,-0.18404856048251445
440,-0.1956360423275266
441,-0.2504322644005284
442,-0.6461510234003124
443,-0.810716807549623
444,-1.1159871187391228
445,-1.1239423376304372
446,0.602970321198383
447,0.825100580796424
448,0.8494156612763293
449,0.8627688496172334
450,0.8884907486845808
451,0.8976777573502726
452,0.9970812686533485
453,1.0147763141588078
454,0.932476396215061
455,0.8783366761563184
456,0.7876236027053104
457,0.6957111065707462
458,0.6316345923492448
459,0.5293472166125075
460,-0.2878811225702375
461,-0.3102170716931713
462,-0.2691012640375251
463,-0.2171776992438008
464,-0.2156134208904544
465,-0.2413717218927338
466,-0.3538329203828756
467,-0.2724193664516472
468,-0.4368581628575772
469,-0.5517426503485219
470,-0.6544423134884794
471,-0.6699784840720819
472,-0.6977837380386482
473,-0.8589533419952945
474,-0.99556962898889
475,-1.0338070396315937
476,0.6255470988913359
477,0.42563986105477747
478,0.6606978117060205
479,0.6414018607884862
480,0.7162737326783244
481,0.6250679429236798
482,0.6248337907301398
483,0.575871817095718
484,0.6292727589277074
485,0.533928037821437
486,0.3353732948577365
487,0.020379847155465064
488,-0.30502518004513685
489,0.54432388593695
490,0.5220723534929247
491,0.5232310463738548
492,-0.3326185195700392
493,-0.415402644997221
494,-0.4148767201447863
495,-0.4492481458384954
496,-0.401238297594874
497,-0.3977586623361357
498,-0.4610455951951158
499,-0.3789574258993206
500,-0.5622021158754702
501,-0.6618558713122429
502,-0.7471749616955231
503,-0.927668177218426
504,-1.1488848153970934
505,-1.003742778371267
506,-1.136153421953504
507,-1.178413313199299
508,0.6485425289604306
509,0.5744560453942229
510,0.5144906846616091
511,0.577488571931448
512,0.6058241410252365
513,0.5367508333077111
514,0.4568156261500238
515,0.5060944849522166
516,0.5355297862429522
517,0.4376261655275373
518,0.2634814359005178
519,-0.09108350790613562
520,-0.5056013168643974
521,0.5074331277753508
522,0.4377454695064465
523,0.4079948661141438
524,-0.1386760540865362
525,-0.12054235990443515
526,-0.1215611007346055
527,-0.10054852910790091
528,-0.14439627342087946
529,-0.20940756199216248
530,-0.281825198390131
531,-0.4965343133764675
532,-0.5533428610129913
533,-0.6696826563292791
534,-0.8521391108561699
535,-1.018312946576844
536,-1.0726409444264302
537,-1.1574416493046475
538,0.773840424543272
539,0.7969299404481023
540,0.8472257236238823
541,0.8683500064895868
542,0.8613804141318526
543,0.9269090543889061
544,0.9388966749206704
545,0.8787276839469136
546,0.8177401117099126
547,0.7913900196476817
548,0.6987633159021851
549,0.5936143242044856
550,0.5271855068704724
551,0.4221168482825358
552,-0.2084898676959376
553,0.021619288879821418
554,0.0487842533462043
555,0.08446495277453463
556,0.11045486581206125
557,0.06755926059742365
558,0.021153732308217287
559,-0.021914353159176073
560,-0.03191308589132179
561,-0.11269389040297564
562,-0.3056399929814112
563,-0.2439498912397208
564,-0.2504322644005284
565,-0.4404994649248454
566,-0.8054688890099752
567,-1.0341695223946954
568,0.3269985016117224
569,0.7340863470949781
570,0.7983466062566169
571,0.8553609220730629
572,0.9370047891351629
573,0.9296678275113595
574,0.8924707459148783
575,0.9112289072776737
576,1.003443746214284
577,0.9401663460991954
578,0.9520569201878466
579,0.9035322506586951
580,0.8737421310057044
581,0.8222818449188495
582,0.7166537071520644
583,0.4883890430043485
584,-0.28065438780515495
585,-0.2551866999715268
586,-0.2897631207269871
587,-0.31193022015263894
588,-0.37240150222891943
589,-0.4102480585058689
590,-0.527466105649434
591,-0.6217413117745274
592,-0.7485833872989639
593,-1.0140286700238186
594,-0.9818650330052338
595,-1.2143508516530448
596,-1.2607872926366033
597,0.7185240857906432
598,0.7789431172416433
599,0.7871251936324498
600,0.8110583403596272
601,0.7872817615376562
602,0.8482977543775724
603,0.7996097099852111
604,0.8065095006345553
605,0.737033668567628
606,0.6463917745502213
607,0.6555207128536364
608,0.5066204583685511
609,0.43703645892269616
610,0.33806720162558757
611,-0.5071300685123398
612,-0.5413043231816185
613,-0.4880715431156672
614,-0.5306969393888807
615,-0.5340753132445452
616,-0.5593003021276663
617,-0.6818835281780881
618,-0.7345886921949157
619,-0.6106735637178714
620,-0.8292155332285013
621,-0.8181243229055791
622,-1.2394550322250892
623,-1.2166953134538294
624,-1.3126950280817364
625,-1.3464067905888062
626,-1.4610806998209191
627,0.4744963513285379
628,0.43241170386747196
629,0.4713266243540515
630,0.5150987218674251
631,0.522015252924468
632,0.4456748331376701
633,0.4628501973160012
634,0.4363135256873053
635,0.5350163078060726
636,0.24156159601013616
637,0.03617010034300207
638,-0.21445198508715874
639,-0.38024807651280734
640,0.27027173374362395
641,0.2344513973312445
642,0.18903358289442554
841,0.7201411853304943
842,0.7899858344453394
843,0.863576802736186
844,0.9442143627984056
845,0.9761440702802917
846,1.022819864325013
847,1.103585280079452
848,1.1614565695104917
849,1.1351583669050411
850,1.0990253969296366
851,1.0849142530783837
852,1.0505091530553865
853,1.0389139273222026
854,0.9833799199338977
855,0.5981366365934032
856,0.6674375834207029
857,0.7561729329514926
858,0.8447754708059949
859,0.876947733011677
860,0.9370039861804824
861,1.0257804790037475
862,1.0863861734866251
863,1.0617346886646049
864,1.0277157197810742
865,1.0171251889471604
866,0.9806401383462331
867,0.9677677338239044
868,0.9150524231973685
869,0.4527269689499509
870,0.5454276298635103
871,0.6625947311471185
872,0.7558409417355116
873,0.7900374462603288
874,0.8599601765409755
875,0.9556531647519044
876,1.0174082237132551
877,0.9976945745465563
878,0.9670352688911765
879,0.958064012560984
880,0.9266615265881781
881,0.9153728762528641
882,0.863470306078093
883,0.2586735144223602
884,0.3843116368857026
885,0.4984485397564824
886,0.6142324699791866
887,0.6600613312292676
888,0.7442225099704936
889,0.8469712802039393
890,0.9143518158101154
891,0.8978070622925909
892,0.8686376980301014
893,0.861402689538704
894,0.833107445978751
895,0.8230361823087309
896,0.7722984784169299
897,0.06884748631670619
898,0.16865356310012553
899,0.29772904009365103
900,0.4480741931958595
901,0.5065774337220417
902,0.6099795592159956
903,0.7585195509748985
904,0.8165212585760693
905,0.8002919322206203
906,0.7749986654610153
907,0.7762192939181254
908,0.7404000260256383
909,0.740347561080513
910,0.6894360027459479
911,-0.2413178662323674
912,-0.09124917398734546
913,0.04978074400627813
914,0.2365415660666753
915,0.3012259052467038
916,0.4215439826516232
917,0.5835754328797929
918,0.685780462714522
919,0.6849567002154138
920,0.6645766255194379
921,0.6678473381290706
922,0.639860320648217
923,0.6419965627340886
924,0.5878746530671599
925,-0.6347861991058351
926,-0.4257977461344934
927,-0.2289348805944801
928,-0.03566030305723815
929,0.09595151352440862
930,0.26029278926054816
931,0.4096342179480572
932,0.5072717541702167
933,0.5418853500262515
934,0.514744696627619
935,0.5249009650117195
936,0.5040498781928695
937,0.508685782720558
938,0.4590314900799358
939,-1.0321536143711851
940,-0.8212051085802847
941,-0.6102760965276928
942,-0.3554169955421378
943,-0.09649128077490644
944,0.0693613566604179
945,0.20549861203368258
946,0.2979853358469787
947,0.3886169041136375
948,0.3871246462551403
949,0.3865610995218791
950,0.3783176965461069
951,0.3842906061915512
952,0.3496134812897983
953,-1.5641333812204765
954,-1.3199309757689122
955,-1.0557181153884116
956,-0.7660227729223081
957,-0.4653158340337755
958,-0.27680432093747437
959,-0.02680533773617265
960,0.017922688128648473
961,0.16161923066620576
962,0.1662225195196945
963,0.1651493252731868
964,0.18302299222411317
965,0.19202164773546454
966,0.16404687269099147
967,-1.715523382664274
968,-1.602218141671423
969,-1.562008028433059
970,-1.211646989897347
971,-0.841875451825514
972,-0.601378222735257
973,-0.2899694285214299
974,-0.252245010833546
975,-0.1593247466285246
976,-0.10527595449049934
977,-0.1026689846662534
978,-0.07602871247932441
979,-0.06059721458984255
980,-0.0874816337413637
981,-1.920025465817532
982,-1.80909010177146
983,-1.6795398231509522
984,-1.3877736055963554
985,-1.1458062299338188
986,-1.003338403091057
987,-0.7262240153787944
988,-0.6087939035847287
989,-0.49903627686982943
990,-0.43303233491368887
991,-0.39917881207449857
992,-0.38970542656857216
993,-0.37355443597641624
994,-0.3918163034686335
995,-2.0
996,-2.0
997,-2.0
998,-1.8353761866772191
999,-1.5925227123869476
1000,-1.3247808663647704
1001,-0.9848722747294099
1002,-0.9020362586048629
1003,-0.7704999481634995
1004,-0.7112538031369673
1005,-0.6791462561164536
1006,-0.635726361235741
1007,-0.609728353516005
1008,-0.6188936860575487
1009,-2.0
1010,-1.9860125484732407
1011,-1.8071168120543453
1012,-1.5986593920177563
1013,-1.5606140816565233
1014,-1.2353231461189043
1015,-1.0735369062014803
1016,-0.9863997570828784
1017,-0.9383793762131167
1018,-0.8733154316310381
1019,-0.8281357723745085
1020,-0.8161160117653401
1041,0.9021500114962984
1042,0.9011411136747
1043,0.9662446307943022
1044,1.0671549213973586
1045,1.0349286497277808
1046,1.084258850534779
1047,1.144656572736102
1048,1.126051913515545
1049,1.1074863489519737
1050,1.12466435865564
1051,1.126345148152602
1052,1.0440550947113771
1053,1.0072216670929666
1054,0.9416841191427903
1055,0.8109670215550607
1056,0.7847234381215689
1057,0.8590203012172646
1058,0.9656526782757492
1059,0.9342022236676539
1060,1.0009272090505967
1061,1.0686454415250424
1062,1.0541175946896493
1063,1.0374970595408308
1064,1.0560046795878357
1065,1.0624306086233668
1066,0.9770394061711378
1067,0.9385980879322904
1068,0.8810318466711422
1069,0.6310758089882175
1070,0.6453001368533063
1071,0.7584966313284709
1072,0.8717970937030765
1073,0.8468111375905237
1074,0.9226077440648047
1075,0.9977442362641109
1076,0.977845912309
1077,0.9635573951363079
1078,0.9869053628290637
1079,0.9944307573062823
1080,0.9220294199778913
1081,0.8886146388809488
1082,0.8291037790403845
1083,0.4863422601115609
1084,0.5059060809318194
1085,0.6201799998412028
1086,0.7510610878143786
1087,0.7390687734331365
1088,0.8300524403847671
1089,0.912629033115127
1090,0.8984243074248124
1091,0.8855567861877256
1092,0.9135772375288038
1093,0.9221752047997573
1094,0.8596320627596059
1095,0.8278862897754704
1096,0.7678284870444247
1097,0.2040750613282383
1098,0.27483047601416616
1099,0.4005424101631564
1100,0.5542473436440664
1101,0.5665335002396381
1102,0.6828875716385003
1103,0.7838804774030741
1104,0.770534974284
1105,0.763898478551069
1106,0.7967079090209341
1107,0.8001052346539617
1108,0.7484269358247394
1109,0.7196321526920418
1110,0.6609980063198305
1111,-0.1049457893748902
1112,0.030773593431445055
1113,0.17057801435140182
1114,0.34276026967216056
1115,0.37587711102020616
1116,0.48742708169034077
1117,0.6115024992121247
1118,0.6272247285497043
1119,0.625510566773704
1120,0.6607607218161344
1121,0.668172203174594
1122,0.6265410936278817
1123,0.6006723610880121
1124,0.5433558011263242
1125,-0.523174743591133
1126,-0.3023252709505407
1127,-0.11073599619821878
1128,0.0834826586335404
1129,0.15721618966552164
1130,0.301623242597899
1131,0.44797568831291384
1132,0.46180256055158575
1133,0.4929230856171241
1134,0.5324790478173672
1135,0.5440656572360864
1136,0.5071483784783128
1137,0.4836883998309269
1138,0.43026721903585063
1139,-0.6267446744042068
1140,-0.5696258436853756
1141,-0.3597763999899923
1142,-0.13728945698739237
1143,-0.03831792272045799
1144,0.1336167855087347
1145,0.28936220197173623
1146,0.323974574675618
1147,0.3652487189771895
1148,0.41040593924765695
1149,0.4263668332054399
1150,0.3951305793077069
1151,0.375224168356447
1152,0.3253416281970316
1153,-1.2303146027782694
1154,-1.1995144413886534
1155,-0.9508006106179037
1156,-0.6951263867367703
1157,-0.4609719115649309
1158,-0.14127679694948397
1159,0.03718824226765086
1160,0.06354286464327429
1161,0.14496795520587538
1162,0.1947818863032139
1163,0.22769708947666495
1164,0.20086630141090592
1165,0.18233693870258086
1166,0.14140845841372246
1167,-1.501966013876437
1168,-1.3593616043153804
1169,-1.2132241169393234
1170,-1.159287244756673
1171,-0.8658139993732046
1172,-0.5044708028773944
1173,-0.22853554771450094
1174,-0.19762025294312996
1175,-0.12526725727875634
1176,-0.06122039576585114
1177,-0.024949021518153022
1178,-0.046858500487430454
1179,-0.05714420664759383
1180,-0.08169457138270464
1181,-1.555170956492832
1182,-1.4010122058018613
1183,-1.2904040349203003
1184,-1.181377171924279
1185,-0.9694905393335306
1186,-0.7069500362538192
1187,-0.6168565231388554
1188,-0.5039239453071336
1189,-0.42567760754157036
1190,-0.37179035826955065
1191,-0.37133349039891317
1192,-0.36612250005746083
1193,-0.37883277085768147
1194,-1.9514452251780088
1195,-1.8211085961270477
1196,-1.7001065570487626
1197,-1.6925357588542582
1198,-1.430464961526056
1199,-0.9971352680377137
1200,-0.9458416492689267
1201,-0.7943279985714482
1202,-0.686963449652763
1203,-0.6153555091182589
1204,-0.6042199593325608
1205,-0.6004246918228111
1206,-0.5986613011909407
1207,-2.0
1208,-1.9736631103245337
1209,-1.844709777919551
1210,-1.8256034732045496
1211,-1.5978436625322991
1212,-1.603325777347829
1213,-1.2545075180752239
1214,-1.0925956643907915
1215,-0.9612592339674766
1216,-0.8852184173325199
1217,-0.8392980377451322
1218,-0.8156139611037079
1219,-0.7991340970745424
1239,0.8831754433021355
1240,0.9184533945278084
1241,0.9801406763115843
1242,1.0792906312855703
1243,1.0519560677677493
1244,1.0883702817926801
1245,1.1282121178343474
1246,1.1196510022770623
1247,1.1671189596160554
1248,1.088224673333185
1249,1.098112292880705
1250,1.0663266444374686
1251,1.03134660367001
1252,0.9476744646181267
1253,0.7666663752166978
1254,0.8066616544740719
1255,0.8807873450138752
1256,0.9856688342124766
1257,0.9562509594794226
1258,1.0121908381124611
1259,1.059482732381439
1260,1.0537038875554952
1261,1.1006610848089569
1262,1.023826718998111
1263,1.0351448129605476
1264,1.0050450598337812
1265,0.9639321344637525
1266,0.888100950556177
1267,0.6322964260613524
1268,0.6790476093642244
1269,0.7871239142727158
1270,0.8950841038337123
1271,0.8723302017053731
1272,0.9358921733226998
1273,0.9895673805743046
1274,0.9768329223641674
1275,1.0273523652551366
1276,0.9542444352372912
1277,0.9705308809457215
1278,0.9443095204585437
1279,0.9116360717277309
1280,0.83718955957459
1281,0.4812526208753285
1282,0.5366578697710473
1283,0.6457900921363771
1284,0.7707361612803727
1285,0.7601758090045729
1286,0.8383375073483086
1287,0.8991555394998338
1288,0.8946438012637934
1289,0.9463023287367627
1290,0.8783068168379857
1291,0.8952059921120636
1292,0.8721703371088132
1293,0.8523189599990135
1294,0.7794913309069205
1295,0.2591235302255094
1296,0.3323126746780749
1297,0.4440810412255424
1298,0.583651157457826
1299,0.5957253944295107
1300,0.6780967432659202
1301,0.7516335850461793
1302,0.7474976987044146
1303,0.7941712560567875
1304,0.7405199517515251
1305,0.7610947161207808
1306,0.7341871911734942
1307,0.7302189820030456
1308,0.659080671731481
1309,0.00679481077587013
1310,0.09368021086272423
1311,0.2165658416728508
1312,0.3741929583674571
1313,0.4003843377146217
1314,0.498611154854683
1315,0.5966350244940226
1316,0.6224335930798888
1317,0.6734481858560486
1318,0.6241509977986126
1319,0.6480187282036759
1320,0.6290105767713179
1321,0.6232106890322061
1322,0.5581293793006994
1323,-0.3536965389033527
1324,-0.24720806212721813
1325,-0.0719838610942918
1326,0.10800253903938084
1327,0.162614576259244
1328,0.30200651649883326
1329,0.43325926911864476
1330,0.45841867571318395
1331,0.5411735852256538
1332,0.4968557374036615
1333,0.5245794903539884
1334,0.5087220032701397
1335,0.5046448177733565
1336,0.4418816457132032
1337,-0.6454199712123656
1338,-0.5120079446812758
1339,-0.32200990084365255
1340,-0.10872273251414219
1341,-0.03397413383442643
1342,0.13049032569124405
1343,0.2663981534336989
1344,0.32087378298354724
1345,0.408515698877316
1346,0.3619337855410569
1347,0.4011649658881416
1348,0.38848460611130925
1349,0.3894529534065977
1350,0.33168938645195856
1351,-1.1688782142791005
1352,-1.0017568281376408
1353,-0.7684978926785949
1354,-0.5105543066844425
1355,-0.3437496298257522
1356,-0.1286185271948453
1357,0.01957941893311392
1358,0.08772255896976237
1359,0.20829110102490406
1360,0.16064163521923439
1361,0.20683004022144197
1362,0.20412389699921663
1363,0.20718660712866527
1364,0.15895144107732861
1365,-1.1005640463749884
1366,-1.0847945325448256
1367,-0.9663850679489452
1368,-0.9769731220497491
1369,-0.7521925520634531
1370,-0.4610998673070357
1371,-0.27239359187188794
1372,-0.1985112567019806
1373,-0.07140241936180661
1374,-0.11048271898781098
1375,-0.05853364105022825
1376,-0.0571676976025141
1377,-0.04474509733507472
1378,-0.08358236844043362
1379,-1.264917487927352
1380,-1.2624820310844216
1381,-1.1501949289960791
1382,-0.932533229050943
1383,-0.9644871411625944
1384,-0.8841513433295918
1385,-0.7017393260298128
1386,-0.5685014029241252
1387,-0.4260252894777581
1388,-0.42557864888219965
1389,-0.37152853019390625
1390,-0.35433149737896363
1391,-0.3116470039468033
1392,-0.33713795019326875
1393,-1.42567331821433
1394,-1.4232378613713992
1395,-1.3178682051813932
1396,-1.105204722052311
1397,-1.1757016040330688
1398,-0.927157478172291
1399,-0.8358346183614727
1400,-0.7426574244929163
1401,-0.580459326067745
1402,-0.5206775391620571
1403,-0.46949530062725875
1404,-0.44252528503203326
1405,-0.4026221359726353
1406,-0.41825333610318355
1407,-1.6696596188653057
1408,-1.563566934981357
1409,-1.3584922415614418
1410,-1.4405250097352196
1411,-1.0882872979712643
1412,-0.97869745757531
1413,-0.9326020356284612
1414,-0.7539499229752586
1415,-0.6605362148431816
1416,-0.5872835531943792
1417,-0.5468502551132608
1418,-0.4905119643718298
1419,-0.4908303386070904
1442,1.02972048462693
1443,1.0071615299984855
1444,1.0534298940576976
1445,1.1593128135908861
1446,1.1348962601584813
1447,1.176537064783917
1448,1.2065047344752897
1449,1.2460178179125443
1450,1.2374143942216023
1451,1.178770762186422
1452,1.1828804712923109
1453,1.1417123136035683
1454,1.1076805957002294
1455,1.0707497385422222
1456,0.9198272745450884
1457,0.8905552294451216
1458,0.947002280084067
1459,1.058177683639776
1460,1.0326737503983958
1461,1.0885151733106344
1462,1.131035214552424
1463,1.1771216695269957
1464,1.1753605733575
1465,1.1187048286446757
1466,1.1274352871900635
1467,1.084575983763745
1468,1.0478755540376945
1469,1.014317484084395
1470,0.8049752994411598
1471,0.780883209932785
1472,0.8598469469603987
1473,0.9804282755753218
1474,0.9552510173422895
1475,1.0177985487424528
1476,1.0663791563236718
1477,1.127550348849696
1478,1.1119703217380024
1479,1.0539953036216203
1480,1.0660308694951588
1481,1.0291350329939397
1482,0.9993901629281772
1483,0.9661323051760757
1484,0.723844477282035
1485,0.6537331792023091
1486,0.7355705212874658
1487,0.8690411333989307
1488,0.8545562664441693
1489,0.9308515804274758
1490,0.9895782029261582
1491,1.0551528546802698
1492,1.0351877576532413
1493,0.9843740204761142
1494,0.9980476197039254
1495,0.9644339464313538
1496,0.9495717145356242
1497,0.9147569591741087
1498,0.4313753628698949
1499,0.4313575325554837
1500,0.520254715339377
1501,0.6674379842574404
1502,0.6762002231959446
1503,0.7510721201739528
1504,0.8178047150996894
1505,0.8754146966230567
1506,0.8668630738593035
1507,0.8334827830696685
1508,0.8429299792665558
1509,0.80908107861816
1510,0.808131218515899
1511,0.7697557496989431
1512,0.148279031336532
1513,0.16606821561862062
1514,0.266524159029066
1515,0.4280535935706218
1516,0.45085315061291686
1517,0.5330635262962917
1518,0.6197077227046048
1519,0.700455624341185
1520,0.7031429878708575
1521,0.6813048703549718
1522,0.6943757986103545
1523,0.6662503106043637
1524,0.6658459837269876
1525,0.6246058914465988
1526,-0.2130249832253954
1527,-0.170520469985538
1528,-0.018975612135003206
1529,0.16338575726431726
1530,0.2143838209097155
1531,0.32483011274268897
1532,0.4547329541601074
1533,0.5309650324768692
1534,0.5688809468583834
1535,0.5523210310664605
1536,0.5708344800434126
1537,0.5463110336406185
1538,0.5469603106270345
1539,0.5082912087353664
1540,-0.3059914449381362
1541,-0.43443396955233776
1542,-0.26183153363152833
1543,-0.05095480702787563
1544,0.025259197632447376
1545,0.15376885531834603
1546,0.29747198371595085
1547,0.3998663209886989
1548,0.44496773843033577
1549,0.43062714302727667
1550,0.4448284007092458
1551,0.4324848221032864
1552,0.43857583014691587
1553,0.4035537647763087
1554,-0.7237615332286053
1555,-0.9243185655276331
1556,-0.709702167205406
1557,-0.4516203453189672
1558,-0.2902355564848902
1559,-0.10455985528108587
1560,0.049889165419341415
1561,0.18163935272039716
1562,0.24391673016269755
1563,0.22919599683669528
1564,0.25168229392434527
1565,0.2506096968721974
1566,0.2609732116516639
1567,0.2349211276617722
1568,-1.1013345328117932
1569,-1.0773120220584995
1570,-0.9811207079911004
1571,-0.9344793830344347
1572,-0.7179461983703543
1573,-0.4579806776237201
1574,-0.27001726586465963
1575,-0.1238893706106622
1576,-0.05032339858429327
1577,-0.04772180948495955
1578,-0.013461840117586506
1579,-0.010294923375721375
1580,0.007530750653606366
1581,-0.006438590689484332
1582,-1.287015802384123
1583,-1.276327348618062
1584,-1.1894416432489097
1585,-0.9697788262520696
1586,-1.0080825117593004
1587,-0.878483759937951
1588,-0.6934886022903393
1589,-0.5067181832952905
1590,-0.40192911165676937
1591,-0.3715510781170484
1592,-0.3240042999441294
1593,-0.3158749806579898
1594,-0.2786802873984534
1595,-0.2602754735202055
1596,-1.4454002947987517
1597,-1.4338223193402404
1598,-1.3523716500398126
1599,-1.132708833042975
1600,-1.215016624885099
1601,-1.0000748993906772
1602,-0.8702998608317951
1603,-0.690280864817794
1604,-0.577310565992653
1605,-0.4837306957085962
1606,-0.44368109076261364
1607,-0.42014202032997444
1608,-0.3963451701478412
1609,-0.3689561383604367
1610,-1.5276526262352377
1611,-1.5160746507767269
1612,-1.4346239814762984
1613,-1.220285080799551
1614,-1.3189032641919314
1615,-1.1285990164085558
1616,-1.0617808836734377
1617,-0.9282034388174112
1618,-0.7402211531879515
1619,-0.6145143407972355
1620,-0.5522739399536314
1621,-0.5117753548243067
1622,-0.473578763267622
1623,-0.4294140235702288
1646,0.951489081699143
1647,1.022805528497508
1648,1.047917851512155
1649,1.0934699445129281
1650,1.1381800601539345
1651,1.1664673710528648
1652,1.2086391418507163
1653,1.2134798663259354
1654,1.1468430920982593
1655,1.165927027429404
1656,1.1323893635608178
1657,1.0677680561670178
1658,1.0199441422850548
1659,0.9303536040790008
1660,0.811397445074767
1661,0.8945632166436481
1662,0.9249929098312049
1663,0.9766004188938948
1664,1.0409506464182177
1665,1.0746179492937888
1666,1.1253716800429303
1667,1.1330190076451836
1668,1.0642386765239205
1669,1.089063972202462
1670,1.0582083996740184
1671,0.9872972620376739
1672,0.9399524702244917
1673,0.8467738642110336
1674,0.683477395958355
1675,0.7971043306136966
1676,0.8326107691890153
1677,0.8913391262939921
1678,0.9514228599801412
1679,1.0085623182239112
1680,1.0660643003405932
1681,1.0658268005864815
1682,1.001551767480898
1683,1.0269700492917757
1684,0.9999781756380104
1685,0.9412070002944263
1686,0.8927154384763358
1687,0.8187027654417284
1688,0.5456116675197482
1689,0.6683053920690506
1690,0.7086972121027146
1691,0.7792059893468686
1692,0.8532478680373479
1693,0.923080142746762
1694,0.9882534426118863
1695,0.992860664215758
1696,0.9297275055206178
1697,0.9668083185553176
1698,0.9425335441880103
1699,0.8950700728659614
1700,0.8408598874461828
1701,0.7660124789087673
1702,0.35377117026578386
1703,0.4932826743197706
1704,0.5457901212411695
1705,0.6240162348044999
1706,0.7231253381453921
1707,0.7764136113314926
1708,0.8512558287542435
1709,0.856539977051015
1710,0.8017807863308517
1711,0.8460350627930067
1712,0.8312982498491803
1713,0.7976705427935031
1714,0.7410708548940476
1715,0.6132756685159921
1716,0.12051005890170874
1717,0.2725684276644483
1718,0.3360602428255516
1719,0.4282974291024909
1720,0.5413194739137043
1721,0.6196924418072344
1722,0.7236618501923742
1723,0.7517679830768698
1724,0.7161080239566271
1725,0.7641516127552612
1726,0.7593557398594676
1727,0.7314567329998785
1728,0.6723544555734806
1729,0.52283547288823
1730,-0.20877721328809123
1731,-0.03307851695178683
1732,0.07567832866161332
1733,0.19216230930235165
1734,0.3300610944751372
1735,0.4401801264744732
1736,0.5759186228857424
1737,0.6337140827664864
1738,0.6139662718027389
1739,0.6667175036747167
1740,0.6660710080569417
1741,0.6399042641341015
1742,0.5833652616881062
1743,0.4287110039780486
1744,-0.4540594438211714
1745,-0.2601834400568639
1746,-0.12152190987210017
1747,0.05709965444481162
1748,0.20090855271988345
1749,0.32177994208087335
1750,0.4627488113658924
1751,0.5300703476515648
1752,0.5159557577885489
1753,0.573400367642755
1754,0.5761919828192645
1755,0.5689634233106373
1756,0.511926455871855
1757,0.3957290606920278
1758,-0.9934268326398674
1759,-0.7642564878070016
1760,-0.5838122285385262
1761,-0.3350872974623456
1762,-0.08070316685078191
1763,0.09446353909252288
1764,0.2570127717722255
1765,0.31724763989531
1766,0.3134195648399114
1767,0.3728777725005011
1768,0.3827984085837748
1769,0.3910585759758448
1770,0.3365129895608968
1771,0.2519720296352685
1772,-0.9608046588038324
1773,-0.8610280938685527
1774,-0.8028807193451232
1775,-0.8076447496889609
1776,-0.5235494290364138
1777,-0.2738970524462043
1778,-0.08888959323581055
1779,0.004778880746967709
1780,0.03182454989551939
1781,0.11177738158447126
1782,0.1284256378084294
1783,0.14410201963191246
1784,0.09808890623222245
1785,0.0281122323967546
1786,-1.0980112446365515
1787,-1.02087071670064
1788,-0.9591217565600938
1789,-0.8003688831303791
1790,-0.6957896845076194
1791,-0.643621101418011
1792,-0.4605648522201212
1793,-0.2893574046182411
1794,-0.2404987933032438
1795,-0.1422473860345055
1796,-0.1229049351970398
1797,-0.10062694461988027
1798,-0.12750153522439867
1799,-0.0957998034712739
1800,-1.2402494667604675
1801,-1.1627295887383715
1802,-1.0962609253053472
1803,-0.9375080518756316
1804,-0.8927740716978095
1805,-0.7239242051159801
1806,-0.7421221410154872
1807,-0.5829845624361683
1808,-0.5199837246131771
1809,-0.42450022819668376
1810,-0.37383171319400577
1811,-0.34795862775657616
1812,-0.37867406413918786
1813,-0.254451165750244
1814,-1.4341329541884456
1815,-1.3566130761663495
1816,-1.2959905375464151
1817,-1.147270301925578
1818,-1.1049784610016211
1819,-0.990661936518636
1820,-0.9589090644039348
1821,-0.7974734893235895
1822,-0.7087206617840676
1823,-0.5852726766141813
1824,-0.5158469982220881
1825,-0.4782495376378418
1826,-0.488490715240306
1827,-0.6240537085407698
1853,1.0412347430037006
1854,1.0373329867080483
1855,1.08951404849357
1856,1.1349162589039778
1857,1.1905832382598232
1858,1.2124715573140725
1859,1.1873384876844728
1860,1.2280514809963634
1861,1.1861664745358214
1862,1.1498256252186763
1863,1.121086747921835
1864,1.0450807278648622
1865,1.0135786024009965
1866,0.913526277391126
1867,0.909600751174064
1868,0.9128949149131506
1869,0.9712402735273826
1870,1.0207804217227268
1871,1.0981881490137804
1872,1.1253648375954235
1873,1.106044834732487
1874,1.1507925984378935
1875,1.1112088067696835
1876,1.0715633460378124
1877,1.0482298403171195
1878,0.9675415037926096
1879,0.9365237198115051
1880,0.8299465375231586
1881,0.783690183313276
1882,0.810904427683087
1883,0.8839906517611399
1884,0.9409078424427322
1885,1.0279080614694927
1886,1.061202940891606
1887,1.0482804459799349
1888,1.0860096892664135
1889,1.0417208047538167
1890,1.0003254229107863
1891,0.9850444862062886
1892,0.9145810918862969
1893,0.8863019809735513
1894,0.7890907723909825
1895,0.6731310132571041
1896,0.6890054054765526
1897,0.7679317356067485
1898,0.8353003261830245
1899,0.9386932893087644
1900,0.9833217198387292
1901,0.976788399560209
1902,1.0191291342596163
1903,0.9639640980307751
1904,0.9330118759696537
1905,0.9171501675393465
1906,0.8798775981613343
1907,0.84190962518164
1908,0.7425831581463775
1909,0.4670744292774179
1910,0.5317366352247213
1911,0.6377360165344717
1912,0.7175886577284976
1913,0.8420226594890592
1914,0.8966037340550269
1915,0.9019089362674526
1916,0.9343292523711251
1917,0.884894140234054
1918,0.8620625035476626
1919,0.8491323648283536
1920,0.8283864300575845
1921,0.7950100676070945
1922,0.6912264588790779
1923,0.3051603448194702
1924,0.32542836997202446
1925,0.4749780597757045
1926,0.5671918784434492
1927,0.7078397678846737
1928,0.7754238269584373
1929,0.8016994544208984
1930,0.8426042840464498
1931,0.8102776307393897
1932,0.789377307696993
1933,0.7933253927709369
1934,0.7725313740470855
1935,0.7287441502553175
1936,0.6207954354237788
1937,-0.1521171101053182
1938,-0.0489772239290646
1939,0.2517373280808238
1940,0.36322251038630426
1941,0.5580137043130269
1942,0.6391650696388473
1943,0.6888811058743598
1944,0.7291816489966314
1945,0.7343198992663691
1946,0.7187220855292097
1947,0.7251193788048379
1948,0.7064502582032539
1949,0.6511358328246937
1950,0.5291197685598164
1951,-0.2233683246536699
1952,-0.2911835701875538
1953,0.032802268805569246
1954,0.19457976813121922
1955,0.4183014233114102
1956,0.5236366991934546
1957,0.5828349989909243
1958,0.6293494178450685
1959,0.647885637125718
1960,0.6386269444218551
1961,0.6475943639202946
1962,0.6339519123284187
1963,0.5827161473298884
1964,0.4952902107734819
1965,-0.6649489687732605
1966,-0.783013311003276
1967,-0.4281240991970071
1968,-0.19918136009577878
1969,0.1795600591736682
1970,0.3167382897407169
1971,0.3891060007196812
1972,0.439396119879388
1973,0.476540541154862
1974,0.46684377470914795
1975,0.48768143168542794
1976,0.484028375882986
1977,0.4360245022728496
1978,0.3687551867765692
1979,-1.0040956655284734
1980,-0.9374970185128358
1981,-0.5781890595441151
1982,-0.6334345709517812
1983,-0.17398825928719489
1984,-0.007473941331856929
1985,0.11454649940102016
1986,0.1881655007941423
1987,0.24692509754983583
1988,0.2510424372299764
1989,0.27909082184270617
1990,0.28160480195758986
1991,0.24648210535705306
1992,0.2246289518146819
1993,-1.1315933036207593
1994,-1.0653909100151735
1995,-0.7755703071406798
1996,-0.6341523619048186
1997,-0.1838610576481273
1998,-0.346618342580801
1999,-0.2407791113628762
2000,-0.07120844942623533
2001,-0.00454527702014065
2002,0.016862191008324597
2003,0.049140793455641985
2004,0.06017157660682953
2005,0.0441099482070774
2006,0.0523144317679519
2007,-1.265855514751068
2008,-1.1996531211454835
2009,-0.9173171398470148
2010,-0.7690312301697911
2011,-0.3776721613901496
2012,-0.6302869241402039
2013,-0.4071157561273745
2014,-0.31215167253041926
2015,-0.19362335843150222
2016,-0.16081368589206668
2017,-0.09106919577903001
2018,-0.06817582213717704
2019,-0.0953995279784324
2020,-0.0417981306482262
2021,-1.325284265264116
2022,-1.260168837621945
2023,-0.9798683263451649
2024,-0.8510317217394876
2025,-0.5141981473976619
2026,-0.4755154922962177
2027,-0.3820883004093554
2028,-0.44328905455645706
2029,-0.3095861939435073
2030,-0.2400366673692379
2031,-0.16170993820455026
2032,-0.1154279122183918
2033,-0.12921537681344733
2034,-0.2915237727598254
2061,1.0297242745827153
2062,1.072644684160267
2063,1.11547681685206
2064,1.1773026377419493
2065,1.207581762475632
2066,1.2331489808709644
2067,1.25667912738898
2068,1.2668106719229497
2069,1.1708035104798848
2070,1.133404405265125
2071,1.1087945702022917
2072,1.0402456985507815
2073,1.0384242163179218
2074,0.7890489474935708
2075,0.8987711735197399
2076,0.9514613072120068
2077,1.00055675911408
2078,1.0687845331308132
2079,1.116643954108988
2080,1.1458247027626722
2081,1.1784812337878834
2082,1.1909260887895003
2083,1.0966093987063403
2084,1.0605013589804169
2085,1.0347811369093713
2086,0.9615221675783368
2087,0.9601905597453333
2088,0.7031987622500585
2089,0.7777304420668834
2090,0.8515866902093068
2091,0.911841830978563
2092,0.9829583069376844
2093,1.0420626975678258
2094,1.0774634493961173
2095,1.1180038436528794
2096,1.1242399413410913
2097,1.0262202907491935
2098,0.9894122626174999
2099,0.970585495866279
2100,0.9106589213218245
2101,0.907364032713754
2102,0.6621558794726544
2103,0.6473806932534241
2104,0.7299330396872026
2105,0.796343334039656
2106,0.8768533753495846
2107,0.950178203946932
2108,0.9967280723711303
2109,1.043941243716611
2110,1.0550813665192735
2111,0.9513588223988104
2112,0.9344440165892767
2113,0.9047897733077259
2114,0.8772115980986105
2115,0.8600404731880058
2116,0.6164796744953792
2117,0.49000659398828905
2118,0.5733427618550161
2119,0.6655372091408944
2120,0.7631104011535976
2121,0.85781102339134
2122,0.9124294878289649
2123,0.9697667712604268
2124,0.9754463529456678
2125,0.8724871650873822
2126,0.8671097747918015
2127,0.8421758353258595
2128,0.827146815815232
2129,0.8026627386227779
2130,0.5692022353912136
2131,0.2889624472326502
2132,0.3830637711469812
2133,0.5078323338494797
2134,0.6278383525215798
2135,0.7321028105793999
2136,0.7999313455492801
2137,0.8778763653634697
2138,0.8920765532407875
2139,0.8057146802770196
2140,0.80426261455672
2141,0.7908352603560572
2142,0.7834368618390259
2143,0.757770163764221
2144,0.5342259309144729
2145,-0.09333265885262065
2146,0.012985592572003317
2147,0.2880108677448414
2148,0.43374672254048685
2149,0.5938151634171843
2150,0.6768564348739883
2151,0.7770380645599275
2152,0.7986569290350405
2153,0.734440363181204
2154,0.7374657305085037
2155,0.7265954427429981
2156,0.7245221113634568
2157,0.6887696783554997
2158,0.4506071071998294
2159,-0.3491181080970158
2160,-0.22247237845070233
2161,0.09261041230615105
2162,0.26873411949750814
2163,0.4565923852646835
2164,0.5640728117427338
2165,0.6698302687286177
2166,0.7016460239628652
2167,0.6514423236759648
2168,0.6611101745576871
2169,0.6547273483886987
2170,0.6576254650218141
2171,0.6240061561028519
2172,0.4181360862185886
2173,-0.8665459703509925
2174,-0.7073615374763383
2175,-0.36509603520900313
2176,-0.12467686033706707
2177,0.22741194224522662
2178,0.3597524404795168
2179,0.48179204467376574
2180,0.520773598018536
2181,0.48683443933492965
2182,0.49561389472439166
2183,0.4966500240598405
2184,0.5143681701625065
2185,0.48300640200492256
2186,0.2987256078312039
2187,-0.9085754525609312
2188,-0.9078522276385996
2189,-0.5438584568044774
2190,-0.5634611428228463
2191,-0.14199203941221525
2192,0.03504974416545696
2193,0.18591928167543076
2194,0.2524046613268503
2195,0.23751528023488616
2196,0.2754135472338966
2197,0.28591820759259934
2198,0.3124898763852338
2199,0.285216371083586
2200,0.1464979338432677
2201,-1.0616781805847104
2202,-1.0575437733636837
2203,-0.7522734621741846
2204,-0.5887563303950418
2205,-0.1615494093917069
2206,-0.31783231923285726
2207,-0.16724600097895845
2208,-0.0104186049772013
2209,-0.005008187242522111
2210,0.041050235223193926
2211,0.058780945881571664
2212,0.09064747848835818
2213,0.08088676819484233
2214,-0.0271197277521008
2215,-1.1730695875988386
2216,-1.1651143687075245
2217,-0.8609227624087691
2218,-0.7120607062271564
2219,-0.3049976753218301
2220,-0.2509545697036314
2221,-0.32609942109587614
2222,-0.1919773183360483
2223,-0.17250193780427786
2224,-0.11138751430256887
2225,-0.07447827726997683
2226,-0.026996308594083866
2227,-0.0425381769352823
2228,-0.0957736842891972
2229,-1.2111279138676032
2230,-1.2029383816866754
2231,-0.8987467753879207
2232,-0.7815698172915452
2233,-0.3952416647944347
2234,-0.3559389772896335
2235,-0.2790104172501882
2236,-0.30827789250668614
2237,-0.2580993958366916
2238,-0.177189980504579
2239,-0.11785404388493566
2240,-0.055450357136930736
2241,-0.05975667081659869
2242,-0.2819872197778741
2270,-0.2114713153739041
2271,-0.046239408952049
2272,0.0750287532312316
2273,0.1788389008910702
2274,0.2351932083042017
2275,0.3557871698621329
2276,0.5002621031014592
2277,0.5676618673844728
2278,0.6124173670940305
2279,0.6259685126782533
2280,0.7219720092462681
2281,-0.08281894374678386
2282,0.10088392163548388
2283,0.26024677509264355
2284,0.3565930666727001
2285,0.4538629695967997
2286,0.5460798727719165
2287,0.6384923490517451
2288,0.6531400798191451
2289,0.7087866448130258
2290,0.7585748126335325
2291,0.8263768688125505
2292,-0.10085029043259772
2293,0.09864777247215718
2294,0.27868846639249983
2295,0.3438466222273836
2296,0.4343489669162296
2297,0.5582558333774361
2298,0.5442636903293386
2299,0.6242471758484076
2300,0.7246262614282859
2301,0.723541363060554
2302,0.8063787032479368
2303,-0.045279061053891026
2304,0.16018493840365775
2305,0.34140922847058675
2306,0.3765227757687067
2307,0.4375451617834978
2308,0.5550790820264913
2309,0.6629779262848692
2310,0.6587201649239014
2311,0.6896348259180873
2312,0.7664230147951641
2313,0.8610895947049446
2314,-0.08156323648318173
2315,0.11550609859416085
2316,0.29990748213112617
2317,0.3108109648162668
2318,0.3342761304185934
2319,0.4390339584172229
2320,0.6375072653388917
2321,0.6956084575150758
2322,0.6413299061858231
2323,0.7711773894838364
2324,0.862966982535889
2325,-0.11572269201774553
2326,0.08422492212964454
2327,0.2647528545256054
2328,0.255699905903263
2329,0.2511091483875512
2330,0.36939610417526336
2331,0.5534898160036993
2332,0.6351842879577837
2333,0.7025338920750794
2334,0.7653671533111676
2335,0.8399745012925048
2336,-0.09976661576631508
2337,0.09711323033525467
2338,0.2865948933395098
2339,0.2491609303958658
2340,0.2616359248268186
2341,0.38613490635905257
2342,0.4842182626834586
2343,0.6307933728527739
2344,0.7175530592767679
2345,0.6880138246091584
2346,0.8472179579229069
2347,-0.09358788505729548
2348,0.08005763424154151
2349,0.28267984570945426
2350,0.21314572898069473
2351,0.2863766630648412
2352,0.4365116407282573
2353,0.572069616113499
2354,0.7074588350874758
2355,0.7735516592000111
2356,0.8288790596489288
2357,0.9216624316818622
2358,-0.13501481950624178
2359,0.062189231511509666
2360,0.2691639105443309
2361,0.20273415477200835
2362,0.31200790055304706
2363,0.46735557780985304
2364,0.65194972751471
2365,0.7279505083501616
2366,0.7976106942272696
2367,0.8389584867774986
2368,0.9200450618772984
2369,-0.1791562502554175
2370,0.01952779865188861
2371,0.23321638535959316
2372,0.19199741699768014
2373,0.20732552988411052
2374,0.41153302293771954
2375,0.5543731371233478
2376,0.6306060903146077
2377,0.708427929238941
2378,0.7685468725969189
2379,0.8763417183670016
2380,-0.22400016346961407
2381,-0.043003362130916226
2382,0.16938762596754117
2383,0.16610082053745434
2384,0.23083265214634777
2385,0.1631616566129013
2386,0.37198277424325643
2387,0.4844457499872529
2388,0.6356132166335555
2389,0.7015053377377085
2390,0.8306634536045497
2391,-0.4344175354527964
2392,-0.2289556579062869
2393,-0.0163476050610151
2394,0.046085340839758654
2395,0.17462063527255972
2396,-0.23300068569629828
2397,0.08168581276569165
2398,0.24430456057167602
2399,0.3944525656152692
2400,0.4986116317757207
2401,0.7312354169804496
2402,-0.619614736049304
2403,-0.3947727529988603
2404,-0.1085541109330871
2405,0.08049930413296201
2406,0.2941665580222583
2407,0.44233805425936745
2408,-0.3088597129570254
2409,0.03770802263843556
2410,0.21769560384014497
2411,0.36195668629208466
2412,0.65975186410417
2413,-0.6912934503342102
2414,-0.4565117115126283
2415,-0.1486816346878538
2416,0.15841364220440785
2417,0.2874430874650984
2418,0.4468100395053843
2419,0.5833264313578751
2420,0.6564984669658737
2421,0.7299594898238548
2422,0.7910362531611337
2423,0.8725388251451125
2424,-0.8303284241323832
2425,-0.6328633490349981
2426,-0.2904249902429783
2427,0.09891039685192231
2428,0.23456033551996608
2429,0.4092273062154481
2430,0.5463888672749481
2431,0.6401433967292507
2432,0.7253108355516364
2433,0.7802587451032367
2434,0.859655362790085
2435,-0.992057508721561
2436,-0.8661421346221143
2437,-0.48150008701411506
2438,-0.07349023721574485
2439,0.08947847739631593
2440,0.39369760098941775
2441,0.539040867518225
2442,0.650057792689944
2443,0.7363832737127713
2444,0.7895804644769957
2445,0.8731324631942072
2446,-0.17006111465788523
2447,0.010795744458508297
2448,0.20948421257738653
2449,0.3407508878515165
2450,0.4268614632668844
2451,0.5252902650529476
2452,0.5898315662098208
2453,0.42903664540267483
2454,0.523935970734366
2455,0.5751806110781674
2456,0.7543764330530665
2457,-0.18055461755511623
2458,0.0039128157616321185
2459,0.2240104872183801
2460,0.3222037924198995
2461,0.4425486351427279
2462,0.5464215927502225
2463,0.5685610851622541
2464,0.5836051282150518
2465,0.6924754725852741
2466,0.7079975809064476
2467,0.774799608346139
2468,-0.15570801239509496
2469,0.046981283440618554
2470,0.26666758915628286
2471,0.34218482863796407
2472,0.43252969659291784
2473,0.5984136600789846
2474,0.6137743878872242
2475,0.7090460255600626
2476,0.7605249031469639
2477,0.7871235324308721
2478,0.856226398669655
2479,-0.1337679883461811
2480,0.07727360852862712
2481,0.30267830875604235
2482,0.3537628001964104
2483,0.4221222609468154
2484,0.5630043457407401
2485,0.6520271237928181
2486,0.7138720577970572
2487,0.7751491206040488
2488,0.7968003206283057
2489,0.8774876867172748
2490,-0.15530195325745536
2491,0.046573890770349624
2492,0.27601778648445846
2493,0.3061993102936098
2494,0.33058386360423375
2495,0.47055540500998394
2496,0.660549475590785
2497,0.7753233817071714
2498,0.707353428848336
2499,0.7982451477301873
2500,0.889804328388892
2501,-0.2156879488117719
2502,-0.004369383186994626
2503,0.22459246877045508
2504,0.236493302403581
2505,0.250622692908235
2506,0.4028015978457481
2507,0.5660402963097264
2508,0.6904363296749303
2509,0.7610284461878927
2510,0.8079851245138454
2511,0.8674904348990318
2512,-0.198120206167119
2513,0.008752825604383799
2514,0.244215785375768
2515,0.18664230860669262
2516,0.19534649803765552
2517,0.3484691877287014
2518,0.44102683319955227
2519,0.6176408136744664
2520,0.690526380203796
2521,0.6503009599169767
2522,0.817660336030481
2523,-0.23473599282601948
2524,-0.020492095746323824
2525,0.22452643529057514
2526,0.1776599896359652
2527,0.2510465694266711
2528,0.4127706548000835
2529,0.5284333533004928
2530,0.6995623162821443
2531,0.7787655893307555
2532,0.8153220493355477
2533,0.912353197788082
2534,-0.31400855565418384
2535,-0.10174525015336947
2536,0.18708792164420532
2537,0.1208599509224196
2538,0.22829438882718311
2539,0.40982444503853827
2540,0.5752939428245628
2541,0.7047814381036711
2542,0.7880893643587468
2543,0.818214695358853
2544,0.9138094977356238
2545,-0.3492782874880551
2546,-0.14420126635389965
2547,0.13717596088710002
2548,0.09560877056043587
2549,0.10665575143853738
2550,0.3402462244264761
2551,0.44073074059303413
2552,0.6080534066667611
2553,0.6731361942018784
2554,0.7200917683278834
2555,0.8364643290654413
2556,-0.227124863173369
2557,0.03990699378657993
2558,0.033147845885968995
2559,0.09292628113608004
2560,0.09265899348688225
2561,0.29299905255906533
2562,0.46035899799872665
2563,0.5941000585101148
2564,0.6480950797726683
2565,0.80160154236891
2566,0.672181710425465
2567,0.8028761364306376
2568,-0.641686393774351
2569,-0.29001335575847953
2570,-0.018177357696275376
2571,0.04384561479126141
2572,0.1511162640765888
2573,0.03529815358112151
2574,0.26857959268804865
2575,0.4477085271840819
2576,0.7542071879909898
2577,0.7832644925385015
2578,0.8510789892113251
2579,-0.6381688414395348
2580,-0.4591338686563546
2581,-0.0952307378974581
2582,0.01876626716025942
2583,0.22366430542474208
2584,0.3755682413443451
2585,0.5001179997849088
2586,0.6338922058447243
2587,0.7141919574176211
2588,0.769869098783166
2589,0.8483066021983354
2590,-0.8026466445690607
2591,-0.6248036686777307
2592,-0.1921550887288818
2593,0.059880538170992904
2594,0.17592452975246536
2595,0.34226418116844387
2596,0.34368348117516145
2597,0.5159860974918948
2598,0.6171948418175398
2599,0.7069526299332127
2600,0.8037168798790638
2601,-0.9382142791924842
2602,-0.8683970483443042
2603,-0.4058565182625329
2604,-0.01825599965240476
2605,0.10479321057635446
2606,0.3188100428843874
2607,0.4662521164664696
2608,0.6025002741502076
2609,0.7015940579430069
2610,0.7516604306787079
2611,0.8306339767674724
2612,-0.9764516898351876
2613,-0.8438986304556758
2614,-0.5212728279118246
2615,-0.10730241778337109
2616,0.052088462429621424
2617,0.30338726342474
2618,0.46081569218220986
2619,0.6054633005514813
2620,0.7036944277305248
2621,0.7526989819501335
2622,0.8356310383918348
2623,-0.297205439225981
2624,-0.1087577634543828
2625,0.1121032342034396
2626,0.2403700057550126
2627,0.3309119411525276
2628,0.4532886216779538
2629,0.5664986178248628
2630,0.6703346683878101
2631,0.7098825630912772
2632,0.7352850584529472
2633,0.7903987087526984
2634,-0.39596475545979815
2635,-0.15084413394201163
2636,0.06895845611596269
2637,0.2016229377192817
2638,0.34189789463369746
2639,0.46126397997611995
2640,0.5572514613463591
2641,0.5303331045054831
2642,0.6077353807450813
2643,0.6500244985059154
2644,0.7629090224911063
2645,-0.4032472352920605
2646,-0.1429919010709611
2647,0.09336495680898423
2648,0.20273100441291553
2649,0.3460465658880587
2650,0.5144911292714874
2651,0.4490866981613526
2652,0.5672267313612138
2653,0.590087115000248
2654,0.6544520619612674
2655,0.7600297418451116
2656,-0.4311507039903467
2657,-0.15378823031888544
2658,0.07825126644391431
2659,0.15948886043758023
2660,0.2719429870592255
2661,0.4491746856048583
2662,0.5625652406708157
2663,0.5657413890984367
2664,0.5163237626478518
2665,0.6051253269827612
2666,0.7431454641883548
2667,0.0932084649672478
2668,0.1456547724383448
2669,0.21978559884091803
2670,0.3750396175161902
2671,0.5732414758731047
2672,0.6811472983293266
2673,0.5615592350722823
2674,0.7270448620453006
2675,0.8361073077494154
2676,0.7507361191083458
2677,0.8378681090921496
2678,0.7570796762059857
2679,0.840029918080968
2680,-0.17215907109985876
2681,0.0668933181995594
2682,0.09608444884534151
2683,0.14305444901249986
2684,0.31856989767425137
2685,0.48637657019110603
2686,0.614986226801535
2687,0.6945034953200728
2688,0.7806715817537337
2689,0.8650966624710189
2690,0.7749933792338839
2691,0.8401608733171873
2692,0.32630508889612014
2693,0.3912750200752318
2694,0.595088877343142
2695,0.6902683205472437
2696,0.5962757363735434
2697,0.804917785230659
2698,0.3147327424309454
2699,0.4174499827221037
2700,0.6100651760411175
2701,0.704737466363258
2702,0.6661262304569067
2703,0.82311203276575
2704,-0.17427384216712855
2705,0.048885406742820964
2706,0.0449183103308011
2707,0.14895622368873027
2708,0.33110948628034004
2709,0.464379477735946
2710,0.6272372652528825
2711,0.7085749216466142
2712,0.7637826326858972
2713,0.862870827255654
2714,0.7939266940260128
2715,0.8680059894770217
2716,-0.49878372118789427
2717,-0.24279352757222555
2718,-0.01967852665779201
2719,-0.046228185115599396
2720,0.11984666119539643
2721,0.31432519918845603
2722,0.4878683010863091
2723,0.62047656021405
2724,0.7054444873678174
2725,0.7628810060213029
2726,0.8404210102004531
2727,-0.5559413911604466
2728,-0.30564789884690835
2729,-0.07917537237420469
2730,-0.06401550751514488
2731,-0.006375028932272611
2732,0.23010324172873203
2733,0.3912360646538807
2734,0.5223779601850616
2735,0.6182574332744522
2736,0.690997940552762
2737,0.8055731061903779
2738,-0.6132198850805423
2739,-0.3839133524540067
2740,-0.1546694006754726
2741,-0.10315621060030611
2742,0.0008435200437944684
2743,0.0006878343413965066
2744,0.222024743427559
2745,0.3776900431274067
2746,0.5249710064611119
2747,0.596941510969722
2748,0.7396497713088159
2749,-0.8671213654489626
2750,-0.6673170264353813
2751,-0.401139427054612
2752,-0.2780987236400044
2753,-0.10958699895919508
2754,-0.4994311904222817
2755,-0.15190839287702312
2756,0.1224928774978846
2757,0.5934286779657607
2758,0.5504105463564888
2759,0.6781894706888152
2760,-1.013814444606837
2761,-0.804806486529121
2762,-0.4645405107342648
2763,-0.2897368242133558
2764,-0.023305881026496528
2765,0.1852387515782665
2766,-0.48070475407814794
2767,-0.17493170397315388
2768,0.05451951678509942
2769,0.28899547643710743
2770,0.5548977975897522
2771,-0.8672883732775062
2772,-0.4579775749871912
2773,-0.1211850693867704
2774,0.05383743207089753
2775,0.2804184027618978
2776,0.44946515087572764
2777,0.5979381999751873
2778,0.70343241337847
2779,0.7681085459413475
2780,0.8471487439820521
2781,0.766360382123008
2782,0.8462959762493101
2783,-1.0812364959286025
2784,-0.9378477015095849
2785,-0.6034991900600342
2786,-0.21973935336083467
2787,-0.03338184602153807
2788,0.19989902888716776
2789,0.375192788397752
2790,0.5353592595859353
2791,0.6467462413827474
2792,0.712026122708549
2793,0.7933879610192778
2794,-1.1234963871743977
2795,-0.9738013719429872
2796,-0.6987370861280919
2797,-0.2922211281680052
2798,-0.09451208518539227
2799,0.17298366899387058
2800,0.3513291931864648
2801,0.5078913774242017
2802,0.6188140763878315
2803,0.7026922707707506
2804,0.7882395719005053
2993,-0.4014581559215893
2994,-0.1507480654262435
2995,0.0597810956012669
2996,0.2340043693902295
2997,0.324592561287678
2998,0.4078282955971604
2999,0.5199932857792224
3000,0.6682183329169457
3001,0.7148346994297082
3002,0.7680469743228306
3003,0.81514952206835
3004,0.33761445776320864
3005,0.4375042962932296
3006,0.5397996597335548
3007,0.5608023073455464
3008,0.6344615283148237
3009,0.6904598837627174
3010,0.7926964143753487
3011,0.5434132420312165
3012,0.6232126634474925
3013,0.6912259868362927
3014,0.7416381852693013
3015,0.7999451631891908
3016,0.4753005104364224
3017,0.4159032647413099
3018,0.56354774131447
3019,0.6313760317018648
3020,0.69395621404241
3021,0.8006140177855625
3022,0.46736047734532826
3023,0.455057327459227
3024,0.5861237570259519
3025,0.6616669011709975
3026,0.7185564771368061
3027,0.8085924466711106
3028,0.05722985915526529
3029,0.1524431906869194
3030,0.2642997957614408
3031,0.4273835237589977
3032,0.5434541457123847
3033,0.5568768854931739
3034,0.49139427820682957
3035,0.5880705078028018
3036,0.7194427358671247
3037,0.6077922921849273
3038,0.6712655558420073
3039,0.7602609071133738
3040,0.1481178337498455
3041,0.21745541817003794
3042,0.3573879451341222
3043,0.5675826102470954
3044,0.6772197835885387
3045,0.5676178580183321
3046,0.7247153492341165
3047,0.8169044581194149
3048,0.6919423731729037
3049,0.6568928179274226
3050,0.7736529153018736
3051,0.8522356215207032
3052,0.05601732488901788
3053,0.10329159181127319
3054,0.14286452396232907
3055,0.2984428030071259
3056,0.4881030600493711
3057,0.6247186700121763
3058,0.700613868433377
3059,0.7649241617263836
3060,0.8368287107293313
3061,0.7218334507816377
3062,0.7843675052287513
3063,0.8427362462121601
3064,0.11608220363058369
3065,0.2795408654590786
3066,0.41181088828716494
3067,0.6160825871760832
3068,0.6509411620663684
3069,0.612332050551788
3070,0.8167151628205398
3071,0.4333601028002262
3072,0.6149160456798384
3073,0.6979767186091637
3074,0.6855452503643067
3075,0.8362600996692848
3076,0.44954626104934703
3077,0.6139944701356019
3078,0.6912168953136013
3079,0.7522644256811679
3080,0.8565407435145188
3081,0.15663584876730136
3082,0.31897567754255546
3083,0.46385223504975626
3084,0.6377269022580614
3085,0.7208240909944061
3086,0.7827777154836559
3087,0.8644457609358235
3088,-0.011559044683183764
3089,0.17352454788439278
3090,0.3503723141723859
3091,0.507555962522863
3092,0.6512737773620196
3093,0.7460724580010281
3094,0.8008576984533375
3095,0.8693553241915651
3096,0.66941109428696
3097,0.7527571945259492
3098,0.8125137773988418
3099,0.8744689936434444
3100,0.35948114254634733
3101,0.5486586263826492
3102,0.6512271776998478
3103,0.7315009244498638
3104,0.8435533286095261
3105,-0.054701523513338984
3106,0.1715958964054637
3107,0.34699129253730776
3108,0.49593174678001195
3109,0.589270586746559
3110,0.673123724894777
3111,0.84569408696231
3112,-0.6850718327649885
3113,-0.40756994536187896
3114,-0.1755061357280876
3115,-0.12013121622713037
3116,-0.026980053218321993
3117,-0.031272909364659124
3118,0.19870668120662288
3119,0.37660660768008536
3120,0.49334990703463755
3121,0.6242749753798019
3122,0.7591531852756821
3123,-0.6784599938229503
3124,-0.4089770067272944
3125,-0.17147464468082083
3126,-0.0911124832745458
3127,0.04927775664371463
3128,-0.07770467155939975
3129,0.17109953707624806
3130,0.3671044847504562
3131,0.6606047160330082
3132,0.7231097693419943
3133,0.7821703977072858
3134,-0.012720474920808578
3135,0.10094535318681146
3136,0.2818069023682736
3137,0.4590815384217788
3138,0.5446435615873297
3139,0.6181577588803342
3140,0.7047253178329926
3141,0.3432135226109227
3142,0.21245688444118055
3143,0.4093607486846369
3144,0.5078217154635527
3145,0.7115219155539807
3146,0.07585654466824931
3147,0.28197788183584516
3148,0.38414533698869335
3149,0.5775133968459032
3150,0.6701294433574145
3151,0.7757897586092751
3152,0.7888261922921905
3153,0.4510298801109244
3154,0.6068148726855657
3155,0.7066227882308965
3156,0.7805669754037177
3157,0.8532419740933321
3158,-0.7260771898592986
3159,-0.2196759284926148
3160,-0.035871517642138334
3161,0.17606199373018522
3162,0.357334935465786
3163,0.5260055186183015
3164,0.6315806885273431
3165,0.7060441025044488
3166,0.7814493315976785
3167,0.629482495355133
3168,0.704567722225065
3169,0.780989609183657
3170,-1.1121763442652088
3171,-0.8239150510841098
3172,-0.29619518057019456
3173,-0.10270443918843142
3174,0.14360931799497634
3175,0.3356860358520945
3176,0.5024650501062294
3177,0.6085990881938625
3178,0.6892399534857125
3179,0.7706350919948028
3180,0.6869673230312769
3181,0.7695533923813598
3182,-0.44560928636283714
3183,-0.1466217969982918
3184,0.06023956741257963
3185,0.16570446542191494
3186,0.2773967326258803
3187,0.364000316187597
3188,0.4760560738240695
3189,0.37644637584787877
3190,0.5107704245690767
3191,0.5635981348951911
3192,0.7252868075859279
3193,-0.4634041736097645
3194,-0.1756749069350827
3195,0.03762612506997477
3196,0.1354232551070676
3197,0.28128480310918935
3198,0.3711672574606773
3199,0.43550690736258446
3200,0.5623236548360904
3201,0.5980600153189356
3202,0.5937297001664266
3203,0.7013545363168918
3204,-0.44822091954618337
3205,-0.1435618132183003
3206,0.07396169035048644
3207,0.14602017720271457
3208,0.2591517510250471
3209,0.40458118221425443
3210,0.4497000564049842
3211,0.5582952008033195
3212,0.6515674116585402
3213,0.716870119557781
3214,0.8059148597184302
3215,-0.43017575865056534
3216,-0.16504173879568923
3217,0.05609964562271504
3218,0.12659698467425526
3219,0.21786117419973008
3220,0.3602773925041688
3221,0.5060269333889847
3222,0.5420044573955392
3223,0.598887425415563
3224,0.6880970445530515
3225,0.8005039730230901
3226,-0.4481677231993268
3227,-0.2027425965763789
3228,0.011907217555999362
3229,0.07636878729817013
3230,0.1453398451320667
3231,0.2780664664253212
3232,0.5152735340452782
3233,0.6114855947671018
3234,0.569759678589013
3235,0.7042928896556198
3236,0.8129898133185529
3237,-0.48610671002137945
3238,-0.24177616026526233
3239,-0.031147572747712262
3240,0.01052913284245284
3241,0.06454189978450213
3242,0.21585430243084197
3243,0.4368806741523704
3244,0.5439113314132811
3245,0.6288006953099803
3246,0.6977632429638292
3247,0.7909190833078611
3248,-0.5163238627979364
3249,-0.26495559953009673
3250,-0.021608863129697176
3251,0.008521879425886704
3252,0.09331498100844572
3253,0.24713739737446644
3254,0.40754498028835173
3255,0.5794400365701933
3256,0.6638225031604725
3257,0.7078379391457539
3258,0.8307860235560977
3259,-0.5478592492041853
3260,-0.3066375521557758
3261,-0.08917869267036274
3262,-0.07578219615074529
3263,0.08799654004552436
3264,0.2607303229621054
3265,0.4191021810226906
3266,0.5832708087663534
3267,0.6668622430615047
3268,0.7440619076036052
3269,0.8566212717946571
3270,-0.4928469462500793
3271,-0.2671514703022885
3272,-0.10156586274209563
3273,-0.11009707117583303
3274,0.12622735338707078
3275,0.30338273708979935
3276,0.5254063964692168
3277,0.6328900352200448
3278,0.7178009062084032
3279,0.7986593295491189
3280,0.8974630159070591
3281,-0.658362946927976
3282,-0.5217158937561305
3283,-0.3486654505534251
3284,-0.28449992290422144
3285,-0.1918603071385153
3286,0.045500165611687446
3287,0.23062078982232825
3288,0.35270732650258363
3289,0.45835439547402756
3290,0.5343924740131587
3291,0.6730125803822951
3292,-0.6646595880469987
3293,-0.5463995139358266
3294,-0.3727337541175959
3295,-0.2770218978659248
3296,-0.14140419202729215
3297,-0.2153028530988884
3298,0.035001666915140305
3299,0.1893777175339194
3300,0.3816157800084316
3301,0.4751146929525885
3302,0.6233991706653217
3303,-1.1585819101580448
3304,-1.14981275896047
3305,-0.9988806556884168
3306,-0.5675094442123589
3307,-0.338128820332005
3308,-0.6047937296039265
3309,-0.2989657558456045
3310,-0.09974664040721623
3311,0.05509682539133162
3312,0.18137381822056692
3313,0.41877471724101234
3314,-1.1318004749991544
3315,-1.0851647144515777
3316,-0.8347512346832668
3317,-0.44857290724020643
3318,-0.16117945387171118
3319,0.013664980711566743
3320,-0.4668317849417353
3321,-0.13707448315817766
3322,0.04811141653083775
3323,0.19488630435730794
3324,0.4567820711489081
3325,-1.2278001896270616
3326,-1.1121170778723006
3327,-0.7339415229829382
3328,-0.4302833188301479
3329,-0.13936318913909332
3330,0.07507715442149668
3331,0.2501046259778813
3332,0.3886366097505065
3333,0.48138207041359815
3334,0.559936329566931
3335,0.6575908154070259
3336,-1.264882172113296
3337,-1.1757504794307665
3338,-0.8461827528681691
3339,-0.4955164643639308
3340,-0.1824008876400559
3341,0.025248466175818655
3342,0.2143492148654195
3343,0.3578568585354586
3344,0.4605383355759667
3345,0.5429932597282128
3346,0.6472889558832103
3347,-1.386234863102353
3348,-1.2770691972243973
3349,-1.0002358551821169
3350,-0.626944455598385
3351,-0.3153944467203531
3352,-0.04893996644374527
3353,0.16005732999512093
3354,0.31780105565809746
3355,0.41988133609101075
3356,0.51709823189495
3357,0.6261958248648377
3358,-0.4443607880868161
3359,-0.2369163177448367
3360,-0.0253405163883002
3361,0.24883482910909602
3362,0.3612569911830033
3363,0.48237655894485726
3364,0.6059653270147854
3365,0.4618348837352332
3366,0.566869777274548
3367,0.6367945217403663
3368,0.8052333768156521
3369,-0.3509448208553381
3370,-0.10934711170699504
3371,0.11864711226066146
3372,0.24400555390763567
3373,0.3914094419060876
3374,0.5132404727075897
3375,0.5918232073323826
3376,0.6710637596451134
3377,0.7086412222614416
3378,0.733091917762363
3379,0.8103115405494489
3380,-0.34804931055428
3381,-0.07786826856334267
3382,0.1550383207664397
3383,0.2524318361993747
3384,0.3739582850033949
3385,0.5581973679478333
3386,0.6275687004562933
3387,0.7453895175421092
3388,0.829765903093507
3389,0.8640276176336377
3390,0.9250252685825746
3391,-0.3171868352188884
3392,-0.047301453064980806
3393,0.18700810408843982
3394,0.2603141313037304
3395,0.3554210391772399
3396,0.5154613873563386
3397,0.6619016986236489
3398,0.7580271027126346
3399,0.8494983807562061
3400,0.9171341231722641
3401,0.9850538195043104
3402,-0.33317771987499134
3403,-0.06923248724580898
3404,0.16801788126590367
3405,0.21909911598041326
3406,0.27593794785843795
3407,0.4365204980502454
3408,0.6863800243201099
3409,0.8122209424830686
3410,0.8058343065529162
3411,0.901999761161173
3412,0.9729697200389105
3413,-0.3834138212886815
3414,-0.11711236085277514
3415,0.12043690186335099
3416,0.1491156044642667
3417,0.18882317806285268
3418,0.36538131880122937
3419,0.6066362872410339
3420,0.7336757179846334
3421,0.8099172988537071
3422,0.8619647679369409
3423,0.9364901345396898
3424,-0.3807689538572023
3425,-0.12995487492256413
3426,0.113972100619227
3427,0.11680588921044846
3428,0.19161602587048476
3429,0.3758674178833725
3430,0.5491099984728921
3431,0.7018466107914245
3432,0.7896271012877423
3433,0.7804702638469471
3434,0.955815025029171
3435,-0.41776541369044184
3436,-0.2094368712555159
3437,0.0745523195056752
3438,0.05045188664273388
3439,0.1747086426185268
3440,0.3343119764813898
3441,0.511429876878652
3442,0.678131839813839
3443,0.7588907794073277
3444,0.8427848092545084
3445,0.91373551905711
3446,-0.465866631888353
3447,-0.21772271254694636
3448,0.01749905897043874
3449,-0.008542635750742357
3450,0.140970845332139
3451,0.34091767893454594
3452,0.5673994968476094
3453,0.711895848766738
3454,0.7947834276292303
3455,0.8484998377623243
3456,0.9272564769686711
3457,-0.49400406935710983
3458,-0.24843963536022018
3459,0.002626547292278611
3460,0.013458504904706636
3461,0.06669896519383439
3462,0.32378946289763666
3463,0.49765870630135145
3464,0.6469816807274771
3465,0.7425492518445528
3466,0.7976720538352344
3467,0.9051529480771001
3468,-0.6163242981853193
3469,-0.40098896175560794
3470,-0.1572979666016063
3471,-0.08935203388023127
3472,0.019596482225542063
3473,0.016420438739053314
3474,0.2589912820750989
3475,0.44033183337051324
3476,0.6124937945066489
3477,0.6861956426608709
3478,0.8150453871862806
3479,-0.8609698321398859
3480,-0.636432881280665
3481,-0.3849714364027854
3482,-0.1934656561315354
3483,-0.02037469607603533
3484,-0.3673600919318683
3485,-0.00935683350988012
3486,0.2210330904590381
3487,0.3823160066293422
3488,0.49267169252733267
3489,0.7322994994525125
3490,-1.1291512492349725
3491,-0.9068183299635594
3492,-0.5831175955381036
3493,-0.20968488919453404
3494,0.04765174531154065
3495,0.2548326135458882
3496,-0.4301052536288802
3497,-0.05550717834735652
3498,0.15677164517798758
3499,0.308410826767856
3500,0.6224501432536536
3501,-1.0202617970509231
3502,-0.8150885242605592
3503,-0.3957265999376567
3504,-0.07756050715993786
3505,0.09196352885828728
3506,0.3167098882205954
3507,0.5054377950707536
3508,0.6631247166479188
3509,0.7627016909783892
3510,0.819742466213669
3511,0.9012809128478161
3512,-1.1298271333193954
3513,-0.9617057270547386
3514,-0.5343934131714418
3515,-0.15289361023453413
3516,0.030733108901196585
3517,0.2623660719924146
3518,0.45759259741568653
3519,0.6249892789953487
3520,0.7294133373107939
3521,0.7899858009306775
3522,0.8734884746256508
3523,-1.133997114337076
3524,-0.964417794472397
3525,-0.6187715847280113
3526,-0.21401379151579525
3527,-0.020024433925889054
3528,0.25119597691018836
3529,0.45251121530034144
3530,0.6203038194788323
3531,0.722071991859797
3532,0.7833130033642018
3533,0.8706852483132399
5594,-0.3788780872386896
5595,-0.07859840299780259
5596,0.14140029420250405
5597,0.3246641574572011
5598,0.42490278309238855
5599,0.5437232679255571
5600,0.6600711890767335
5601,0.7682446115860453
5602,0.8280950402263065
5603,0.880735740451666
5604,0.9406293402587129
5605,-0.3741891830905306
5606,-0.05722102455820213
5607,0.1822575908974724
5608,0.3751273868221855
5609,0.4924558965259492
5610,0.6005498721549345
5611,0.7291542692661261
5612,0.8367554346586882
5613,0.8975085352389707
5614,0.9384519922951111
5615,1.00707441777909
5616,-0.3695080711367567
5617,-0.04529707322212988
5618,0.20223957189769476
5619,0.39536755992255895
5620,0.5084235734542076
5621,0.6274091276196778
5622,0.7484987191264378
5623,0.8608192024669605
5624,0.922114825836323
5625,0.9776151849961605
5626,1.044152490964572
5627,-0.3714535883862505
5628,-0.022450488404102346
5629,0.2278309941747641
5630,0.42635966284228943
5631,0.54399794379857
5632,0.669963042962384
5633,0.8001052346539617
5634,0.9221752047997573
5635,0.9944307573062823
5636,1.0624306086233668
5637,1.1036624587079245
5638,-0.4280062026506888
5639,-0.0634403761354526
5640,0.1924188273001153
5641,0.4077748036693478
5642,0.5284447354987347
5643,0.657806881539541
5644,0.7936045326631199
5645,0.9093417200362904
5646,0.9868695626168859
5647,1.0559591228036411
5648,1.1226697921233526
5649,-0.4853946198871779
5650,-0.12103080143562106
5651,0.1449111289801281
5652,0.36545558633026026
5653,0.492898600123722
5654,0.6262236971715212
5655,0.7638910576557265
5656,0.8855566749498918
5657,0.9781909742103563
5658,1.0375080524034976
5659,1.1084040807201507
5660,-0.6028757255175423
5661,-0.1908620599578857
5662,0.06997609214461163
5663,0.32956804185955746
5664,0.4708740623190762
5665,0.6306728741167447
5666,0.7799768136043885
5667,0.9073895447527427
5668,0.9859651707945447
5669,1.0631161029153735
5670,1.135068583465751
5671,-0.7043253212730346
5672,-0.22812868375319525
5673,0.038292920538203476
5674,0.2896118949503267
5675,0.44354334796732153
5676,0.6071145909266821
5677,0.7839969008700512
5678,0.912513261006768
5679,0.9975147219142015
5680,1.0685799602908623
5681,1.1445287971298082
5682,-0.9430055477603148
5683,-0.4706370571955506
5684,-0.10777014928608195
5685,0.13289963049986558
5686,0.30104643717969504
5687,0.48754436865847645
5688,0.6820548726572375
5689,0.8297556976183449
5690,0.9226696466829161
5691,0.9996210282652678
5692,1.0829040598189916
5693,-1.181377171924279
5694,-0.8639187020662822
5695,-0.4607282953859936
5696,-0.038126921800777966
5697,0.15584936388867224
5698,0.3766140082854916
5699,0.5661105073727366
5700,0.7387062995288907
5701,0.8468868608679936
5702,0.9342665605625486
5703,1.0349822436473337
5704,-1.2904040349203003
5705,-1.1591918258000877
5706,-0.6935525198163008
5707,-0.13842449778851695
5708,0.08352962650098492
5709,0.3621034900280016
5710,0.5555147431635558
5711,0.7510861533903949
5712,0.8718176841957204
5713,0.9653231032636599
5714,1.0671704477338544
5715,-0.4001362294249838
5716,-0.08792872819241748
5717,0.1627005429735733
5718,0.3487683333964599
5719,0.4578336369656515
5720,0.586932125224914
5721,0.6650765483826381
5722,0.7454461960042265
5723,0.8283927627045768
5724,0.8864177114456978
5725,0.9408163270756951
5726,-0.37681918471865383
5727,-0.0779742438866694
5728,0.1736347599912822
5729,0.3832881517700087
5730,0.4858407258718083
5731,0.6180222138518215
5732,0.7134125120210406
5733,0.8007182942028558
5734,0.8962995866656294
5735,0.9427040093806559
5736,1.0029002220348928
5737,-0.38547451051613174
5738,-0.06858984706028415
5739,0.18566515562530383
5740,0.3859438095260759
5741,0.5118629907277499
5742,0.6473946066389655
5743,0.7568525421336388
5744,0.8442722320765754
5745,0.9388134930473397
5746,0.9917196497914225
5747,1.058360442615727
5748,-0.4004252937471939
5749,-0.10249532662213345
5750,0.1635259226362062
5751,0.38655742073838334
5752,0.5248331301640096
5753,0.6604688776909677
5754,0.7727366884066352
5755,0.8602053764404463
5756,0.9607482515659165
5757,1.0283023863673064
5758,1.112560505615289
5759,-0.43320973376181504
5760,-0.10571358088655557
5761,0.16601582070238274
5762,0.3871967417742754
5763,0.5147166055444341
5764,0.6645666594904457
5765,0.7748097058501446
5766,0.8683723608509011
5767,0.9666292083497692
5768,1.027230716789725
5769,1.0980839349796685
5770,-0.49912815493348006
5771,-0.15903671834689753
5772,0.16177056648220095
5773,0.3888331850952699
5774,0.5419418151247848
5775,0.6866831261334485
5776,0.7976496566168125
5777,0.8874492604554285
5778,0.9837774224200444
5779,1.0588561606052038
5780,1.1302596352742238
5781,-0.6087851690650112
5782,-0.2524740092671407
5783,0.018009434643504824
5784,0.29719936051175055
5785,0.5076775120598569
5786,0.685984539012847
5787,0.8166192785131905
5788,0.9144903756879621
5789,1.007990232935176
5790,1.0768404449695865
5791,1.1518138532999518
5792,-0.7324805149692586
5793,-0.2941985884671507
5794,-0.02701539645775284
5795,0.20488224380628534
5796,0.4093662147214099
5797,0.5835617470887946
5798,0.7468371946601433
5799,0.8468600637280443
5800,0.9437391993782069
5801,1.0138208582765098
5802,1.0916604314353484
5803,-1.0027148650232023
5804,-0.60327105501469
5805,-0.26978130260212607
5806,0.059630955637454255
5807,0.2593977651209572
5808,0.4206765806741
5809,0.6095096195490275
5810,0.7443558529401939
5811,0.8600377458281029
5812,0.9372475588848188
5813,1.0209544536616195
5814,-1.1214573146764135
5815,-0.8704244767431121
5816,-0.5066576932347916
5817,-0.13989317093398543
5818,0.10423630667623855
5819,0.313602028033468
5820,0.5042326113081949
5821,0.6570586413478408
5822,0.789589504076607
5823,0.876545610208467
5824,0.9760602638604688
5825,-1.50584150089935
5826,-1.2799112159080503
5827,-0.8240943916177996
5828,-0.36211583996233887
5829,-0.04773156003119197
5830,0.23207391051765044
5831,0.44471642946655066
5832,0.6112991120800448
5833,0.7536467611511546
5834,0.8431374272276457
5835,0.9426783122056761
5836,-0.2685671186094518
5837,-0.015530315636965102
5838,0.22579685906852803
5839,0.3936553399959229
5840,0.49901245193423616
5841,0.6237261982834654
5842,0.759445539076345
5843,0.9055363611747731
5844,0.9572028717741219
5845,1.0059747729891964
5846,1.062392186968197
5847,-0.2859686520142437
5848,0.004783086789629416
5849,0.2416551171698296
5850,0.4354483145660748
5851,0.5273284859486383
5852,0.6624953222534009
5853,0.7982434645176903
5854,0.9361156559827744
5855,0.9680961419869092
5856,1.0343035989945102
5857,1.0940984459915246
5858,-0.31194071150658853
5859,-0.0017351368409099371
5860,0.25887944036721605
5861,0.43524880085547085
5862,0.5482310719186357
5863,0.6640405403083829
5864,0.8069488386811857
5865,0.9669314511416793
5866,1.0291311414007858
5867,1.0845720305343407
5868,1.1417080195377194
5869,-0.3241687529123377
5870,-0.011865905423585996
5871,0.25301102430884514
5872,0.4449321121999126
5873,0.5700492020174047
5874,0.6943806157383777
5875,0.8428648288931926
5876,0.9969499249316514
5877,1.0659156578967317
5878,1.1272886771671908
5879,1.1829500579568348
5880,-0.3706850461777386
5881,-0.047251212500667036
5882,0.22910817455669333
5883,0.43086930633696485
5884,0.5522831898790639
5885,0.6812849430501262
5886,0.8334713144222252
5887,0.984373848563233
5888,1.0540064102695714
5889,1.1073858581131542
5890,1.1674773321837655
5891,-0.40664671926751234
5892,-0.031248065403882613
5893,0.2620045298772426
5894,0.4359269437460844
5895,0.5632674826118315
5896,0.6974243235023048
5897,0.8611884887483309
5898,1.0316443971957538
5899,1.1029969895017055
5900,1.1728531438103689
5901,1.2295317919469857
5902,-0.5101908890720235
5903,-0.12576009266284888
5904,0.18002023421978247
5905,0.39924370785758423
5906,0.5299393549605064
5907,0.6995484861747161
5908,0.874759442349524
5909,1.0540429400437537
5910,1.1266926716659165
5911,1.1761150931505504
5912,1.2432872578040657
5913,-0.6936422724072714
5914,-0.27272933886147693
5915,0.047817552166039994
5916,0.29733653252984427
5917,0.45288997678867027
5918,0.6196243829775381
5919,0.8171908666137537
5920,0.9888993339282037
5921,1.0657945702164864
5922,1.1305755082379267
5923,1.205975566629545
5924,-0.8806987682215558
5925,-0.4597458241746305
5926,-0.10598055766934579
5927,0.1516173902917386
5928,0.32391902226788855
5929,0.5316560826786632
5930,0.7494361611273832
5931,0.9303828616890233
5932,1.0174074367039978
5933,1.0875923297423813
5934,1.1757156615995576
5935,-1.008375830614274
5936,-0.7220342146256724
5937,-0.29342188136238734
5938,0.023961259477803094
5939,0.21234224396247597
5940,0.4491740798548516
5941,0.6747341144519866
5942,0.8539404726679252
5943,0.9532990460717401
5944,1.0317243420015063
5945,1.1340808947923873
5946,-1.076357160538664
5947,-0.9400483806657494
5948,-0.45599446924059506
5949,-0.09923385798196355
5950,0.11778690996659115
5951,0.4258582892496433
5952,0.6272255246343834
5953,0.8300053300276777
5954,0.943361252534403
5955,1.021841720826054
5956,1.125191237711509
5957,-0.0271197277521008
5958,0.1529226674268834
5959,0.2987256078312039
5960,0.4181360862185886
5961,0.4506071071998294
5962,0.5406506644980886
5963,0.5756269689748293
5964,0.6229044080789949
5965,0.6621558794726544
5966,0.7096234958336742
5967,0.7954736810771865
5968,0.08098022909555189
5969,0.2865588550235671
5970,0.4846624371198662
5971,0.6254470773110481
5972,0.6899243784952407
5973,0.7586250312185432
5974,0.8014639636394655
5975,0.8585281492591206
5976,0.9054963081256971
5977,0.9564626186605616
5978,1.0257422646457555
5979,0.09361350010239387
5980,0.3148164615630948
5981,0.5163151241563487
5982,0.6594479581215487
5983,0.724453850902161
5984,0.7850439435996339
5985,0.8285962805999345
5986,0.8800965517946684
5987,0.9132948943125304
5988,0.9635499512665855
5989,1.0437478937006026
5990,0.061147334670794126
5991,0.2882142814505214
5992,0.5004960790099319
5993,0.6547282945432127
5994,0.7284913269437034
5995,0.7914869825063064
5996,0.8439153829129991
5997,0.9084087746133234
5998,0.976311248853546
5999,1.0400364192824656
6000,1.1145129578214918
6001,0.041172799316638115
6002,0.2756227850823688
6003,0.49556541530286535
6004,0.6620184561593886
6005,0.7382598742382918
6006,0.8049833050068345
6007,0.8677092876885435
6008,0.9348971481452275
6009,0.9894394587267752
6010,1.0610505960124448
6011,1.1337600363459321
6012,0.004093336190554471
6013,0.23931316016940302
6014,0.48678623895140927
6015,0.6515244668537504
6016,0.7410388742302239
6017,0.8057343392546341
6018,0.8789207610340064
6019,0.957644677119301
6020,1.0443177043310465
6021,1.1027120733751548
6022,1.1886674997462916
6023,-0.012181414331843204
6024,0.25220501338203716
6025,0.5196253195335779
6026,0.7018827337976723
6027,0.7989842289886204
6028,0.8924218154424188
6029,0.9754528696281419
6030,1.056039397873143
6031,1.1250666360234414
6032,1.1854605122253044
6033,1.261212194406705
6034,-0.1390619032672575
6035,0.21537725972610267
6036,0.5096907887716935
6037,0.6979007144330749
6038,0.8046627011453611
6039,0.9056791676233626
6040,0.9936076952394792
6041,1.0696598974138003
6042,1.1416748237936434
6043,1.2035331656101225
6044,1.2817811915729909
6045,-0.3166432030001377
6046,0.0363854029867796
6047,0.36123739192886306
6048,0.5656537100371724
6049,0.6777148406628966
6050,0.8003240786163432
6051,0.9140605587012092
6052,0.9974627149141413
6053,1.0782887233392795
6054,1.146996250594493
6055,1.2338388800293494
6056,-0.1615494093917069
6057,-0.13797673519083256
6058,0.2295357966197689
6059,0.45865548456362126
6060,0.5941503649097204
6061,0.7334134189035327
6062,0.8586916295050754
6063,0.9517470256660749
6064,1.043643167879953
6065,1.117500860428933
6066,1.20908419364874
6067,-0.5887563303950418
6068,-0.5561856315418104
6069,-0.12189015208171258
6070,0.27139101284915224
6071,0.43625966501823243
6072,0.6285904181534591
6073,0.7654620285042177
6074,0.878538275097761
6075,0.976723328890856
6076,1.0613965302158408
6077,1.1712007034859402
6078,-0.7522734621741846
6079,-0.5438584568044774
6080,-0.3629786894055491
6081,0.09325981459950014
6082,0.2889117546278105
6083,0.5089702856094366
6084,0.6667990788766622
6085,0.7983603887841617
6086,0.9133908163910233
6087,1.0021485968342914
6088,1.1170079768956251
6392,0.0521218421250592
6393,0.2246289518146819
6394,0.3687551867765692
6395,0.4952902107734819
6396,0.5291197685598164
6397,0.6126262168950027
6398,0.6830572403503018
6399,0.7344139396176016
6400,0.7991120392977985
6401,0.8382284571631841
6402,0.9218081970311516
6403,0.044189576565711576
6404,0.24729018099727912
6405,0.43652850465318516
6406,0.5907179792904038
6407,0.6516645468888864
6408,0.7376135081881041
6409,0.7977187556385219
6410,0.8765495404662387
6411,0.8984601994110215
6412,0.9735588575755132
6413,1.050978005367313
6414,0.05377931303441164
6415,0.2815238378231691
6416,0.47868770402374694
6417,0.6287403841718089
6418,0.7015449211359512
6419,0.7679565832590375
6420,0.8236020587999338
6421,0.8694554704774391
6422,0.9211342472960009
6423,0.9574859328390007
6424,1.0506322324014712
6425,0.08033080748622054
6426,0.2663428289079624
6427,0.4861847075854189
6428,0.6360403680656607
6429,0.7136807518503108
6430,0.7817075675936207
6431,0.8564225511476136
6432,0.9215415685003345
6433,0.9881634988416321
6434,1.0532895234050836
6435,1.1244041954693744
6436,0.017114592052869866
6437,0.25111232518935767
6438,0.4667875411797632
6439,0.6319280084291735
6440,0.7120360784491435
6441,0.7805872986037588
6442,0.8567525727549223
6443,0.9245707645697239
6444,1.0201709291214345
6445,1.0908279842513537
6446,1.1647826834992143
6447,-0.0013238285811384802
6448,0.24712179875525808
6449,0.4769457956789921
6450,0.6477352243297996
6451,0.7341384463343986
6452,0.8096227025822498
6453,0.8778336011517998
6454,0.9571300900064857
6455,1.0461357362091075
6456,1.104787064285723
6457,1.179911525782877
6458,-0.07090698168040088
6459,0.18899256058547126
6460,0.4391500767297498
6461,0.6291814157745361
6462,0.7290518576845662
6463,0.8412883416249761
6464,0.928106729924776
6465,1.0181358409526386
6466,1.1066956502145748
6467,1.1716283091493829
6468,1.2494738596174786
6469,-0.24017875940024722
6470,0.18813425196616007
6471,0.39462992672238184
6472,0.5829747466023085
6473,0.7645772311466359
6474,0.876896181489863
6475,0.9772055730637776
6476,1.0521182092995738
6477,1.1239594315612271
6478,1.18025915890754
6479,1.2617178529177386
6480,-0.3456646693929888
6481,-0.003983524034243804
6482,0.31974180586417755
6483,0.5208661685450082
6484,0.6376614730584476
6485,0.7753850066956882
6486,0.8943753755494979
6487,0.9809165448486303
6488,1.0573941286873483
6489,1.1222198146203233
6490,1.2094110749364206
6491,-0.2029927260035343
6492,-0.17976333617136814
6493,0.17257211597879918
6494,0.41884909266346854
6495,0.5580519086121851
6496,0.7074786136138358
6497,0.8407552581230073
6498,0.9377558715310982
6499,1.0263962078052447
6500,1.097006317409125
6501,1.189377769521126
6502,-0.6341523619048186
6503,-0.586680653350365
6504,-0.19377148559569654
6505,0.1997924555555714
6506,0.3658215257082499
6507,0.5697002205574193
6508,0.7171666977696464
6509,0.8351582078761928
6510,0.9400096604450126
6511,1.0197407561849063
6512,1.1337213268945914
6513,-0.7755703071406798
6514,-0.5781890595441151
6515,-0.42358529342871454
6516,0.03724219958647912
6517,0.25492405978035204
6518,0.47720849330774373
6519,0.6391606574821163
6520,0.7688078634497137
6521,0.8833454748775973
6522,0.9703843658797423
6523,1.0892778698970509
6524,-0.0796964226554181
6525,0.0442156132126103
6526,0.2682197622045751
6527,0.4118324415078838
6528,0.4449587365473555
6529,0.5390832054575365
6530,0.6279838414184249
6531,0.782260211478074
6532,0.8313062396110157
6533,0.8593773383803206
6534,0.942957078248288
6535,-0.1079303198014927
6536,0.11638523041839517
6537,0.35532538019265913
6538,0.5305485733610358
6539,0.6018269177005992
6540,0.6912328124537505
6541,0.7578988713057144
6542,0.8464703438547079
6543,0.9026395429144145
6544,0.94287110783171
6545,1.0191758012255783
6546,-0.09890753484130313
6547,0.1442808338236405
6548,0.39054393366893203
6549,0.5681853126836024
6550,0.6454524574706704
6551,0.7203968448167397
6552,0.8051553588476812
6553,0.9022035576925003
6554,0.9289111509152908
6555,0.9746885034747501
6556,1.0545176521707715
6557,-0.1420781417186851
6558,0.10920091477917816
6559,0.3634872653928656
6560,0.5564537373088845
6561,0.6498368877475192
6562,0.7417328459833923
6563,0.8134344623677047
6564,0.9335607631422701
6565,1.0282445400677296
6566,1.086325597084195
6567,1.1606188312593781
6568,-0.14171340206560565
6569,0.11202692002699172
6570,0.37197635291985864
6571,0.5720536864343448
6572,0.6653052914226977
6573,0.7605936409829952
6574,0.8485482628058767
6575,0.9689352892450704
6576,1.0329370166046878
6577,1.0952891087332224
6578,1.171537644246469
6579,-0.23430043692842573
6580,0.04392903964029321
6581,0.3254723021480078
6582,0.542231803405776
6583,0.6254620685147634
6584,0.7433833323341075
6585,0.8288607475079475
6586,0.954664449726886
6587,1.0394529388126053
6588,1.1007366416737883
6589,1.1798187027190183
6590,-0.28939970471585985
6591,-0.0008470538768501276
6592,0.3166663414140095
6593,0.5321986181806665
6594,0.6345518517798809
6595,0.7485524250151019
6596,0.8526719922315118
6597,0.9879599634032115
6598,1.0615143102916687
6599,1.1283176905363776
6600,1.2084561998105636
6601,-0.4589819426232077
6602,-0.08663137724674762
6603,0.25880915665308857
6604,0.464967215785176
6605,0.578903773775941
6606,0.726824286626514
6607,0.7769596723330325
6608,0.9137386668985358
6609,0.9765674739611869
6610,1.0351413827321652
6611,1.1181657858322462
6612,-0.6449865174712408
6613,-0.2758314797078033
6614,0.09358776365540576
6615,0.3228825450476937
6616,0.44184865006569823
6617,0.6211617452108145
6618,0.7782881282274566
6619,0.9251804778469654
6620,1.0103928994295477
6621,1.0759875182376009
6622,1.1693605716218376
6623,-0.6957896845076194
6624,-0.527599297163017
6625,-0.08446740954811813
6626,0.19973879384992946
6627,0.3290341348634611
6628,0.5412428703725726
6629,0.7294084658069162
6630,0.8590753494037024
6631,0.9556686962108186
6632,1.0458333656607968
6633,1.1467059745289765
6634,-0.7786685855835426
6635,-0.8182732148504974
6636,-0.3451782389300011
6637,0.07070538853629212
6638,0.2077981402075424
6639,0.42767266813441024
6640,0.6229902183241776
6641,0.7790933860064517
6642,0.8914895629041077
6643,0.9780269990778683
6644,1.0952012043722528
6645,-0.9815541661996232
6646,-0.8253131289846509
6647,-0.6000428200222743
6648,-0.13723096819942696
6649,0.06426266248545348
6650,0.3242257070628629
6651,0.5353240894082105
6652,0.701230806415577
6653,0.8243928014397947
6654,0.9149298627834149
6655,1.0541988821052202
6656,-0.33914324099290327
6657,-0.08327480892288042
6658,0.15974548350505852
6659,0.33376602465330174
6660,0.4457943471203909
6661,0.5626327189655039
6662,0.6810430772158369
6663,0.803949572816772
6664,0.8638098311033221
6665,0.9181071672213854
6666,0.9847332413209657
6667,-0.3111058580379509
6668,-0.04479111629023343
6669,0.20732668838358598
6670,0.3813233044489669
6671,0.4942310572654556
6672,0.6137084456710801
6673,0.7143713309376112
6674,0.8557994651645331
6675,0.9174960180465237
6676,0.9721129604426217
6677,1.0213087081556083
6678,-0.3544938381431332
6679,-0.057504698783834754
6680,0.20373929759914503
6681,0.38851021559032284
6682,0.5090028594075753
6683,0.6305790821362416
6684,0.7339694754355275
6685,0.854459764866374
6686,0.985493360322018
6687,1.0516698004627973
6688,1.113898602430055
6689,-0.3751230833304129
6690,-0.05853624095819465
6691,0.2072774459067891
6692,0.4018954768570399
6693,0.508382337326152
6694,0.6323050207519578
6695,0.7461166711062248
6696,0.8833314944656312
6697,0.9621615120092555
6698,1.04432126943972
6699,1.108881232731851
6700,-0.4265705362237793
6701,-0.1147013751041773
6702,0.16319260805121702
6703,0.36557019153642517
6704,0.4923292904692138
6705,0.6203565847554386
6706,0.7397710938698572
6707,0.8720416622729046
6708,0.9458659934973666
6709,1.0078246762209648
6710,1.0650756194896236
6711,-0.44932821749161056
6712,-0.09590724391926386
6713,0.18509563682665336
6714,0.3855221199082474
6715,0.5245650643948276
6716,0.6518494624180762
6717,0.7732378052507406
6718,0.9189479659148648
6719,0.9953289021919822
6720,1.075635474296484
6721,1.1285656415719196
6722,-0.5678716278794198
6723,-0.1962008372775254
6724,0.09314950905453344
6725,0.3265851911685419
6726,0.47588975272573514
6727,0.6479921215231609
6728,0.7656752766272091
6729,0.923593603573787
6730,1.0075825677841594
6731,1.0637644543049478
6732,1.1384417509934872
6733,-0.7100762434666269
6734,-0.27663447182355105
6735,0.0113802964991257
6736,0.25952996835075887
6737,0.42513402714758186
6738,0.5875943197891891
6739,0.7526209311222892
6740,0.9039027770482755
6741,0.9688963791137103
6742,1.0391534769983273
6743,1.0977623687083669
6744,-0.8889350156504703
6745,-0.4651903920422986
6746,-0.1331714104333192
6747,0.12560340960891297
6748,0.2928368893248485
6749,0.4890564124086596
6750,0.6678376891077407
6751,0.8319743456461242
6752,0.9181499827194295
6753,0.9938147450010135
6754,1.0659183894051718
6755,-0.9644871411625944
6756,-0.7566450271410647
6757,-0.3468112877263162
6758,-0.03741208831336821
6759,0.15781338202593614
6760,0.3951840061222207
6761,0.5904040571859828
6762,0.7533453054437269
6763,0.8556293695538066
6764,0.9424110959777516
6765,1.042429201883031
6839,-0.2114713153739041
6840,-0.046239408952049
6841,0.0750287532312316
6842,0.1788389008910702
6843,0.2351932083042017
6844,0.5387226783005181
6845,0.6221285043317896
6846,0.652127395663036
6847,0.5982187989726915
6848,0.5643359976689761
6849,0.6849198458968093
6850,-0.08282491220163143
6851,0.10101070938827128
6852,0.26663263715516694
6853,0.35623159854783076
6854,0.46018319106054595
6855,0.5469157532172261
6856,0.6390379381380549
6857,0.6757112706179345
6858,0.7298442349346468
6859,0.7428894165672768
6860,0.7878274196745643
6861,-0.05666227479204297
6862,0.13956195172146207
6863,0.32072411738929163
6864,0.3844115057127825
6865,0.47370242628912884
6866,0.6009885236248659
6867,0.5986905074819198
6868,0.6783569405344169
6869,0.7292147317616093
6870,0.7793166366245567
6871,0.8563541859998225
6872,-0.031980882388153685
6873,0.1729609449667368
6874,0.3542243202218749
6875,0.3896166047168484
6876,0.4487436476463882
6877,0.5633076663346995
6878,0.6738481123732436
6879,0.6884125518099238
6880,0.7755085037403264
6881,0.8137224834088969
6882,0.9009558783064412
6883,-0.08214355599094786
6884,0.11524407759845925
6885,0.29758613318597404
6886,0.3071213490943291
6887,0.3269686964743146
6888,0.43235075614747714
6889,0.6406180079039149
6890,0.6982580911513245
6891,0.6839379185426973
6892,0.7804377284454991
6893,0.8680987126441089
6894,-0.13015358941717092
6895,0.07331488075206458
6896,0.25414676652226303
6897,0.24363145006567777
6898,0.24136274623581555
6899,0.36013075004572925
6900,0.5561197303838459
6901,0.6384537002958208
6902,0.7071362031405746
6903,0.7685830610040159
6904,0.8398759188826673
6905,-0.09715523992259112
6906,0.09979954665228011
6907,0.28958812373776294
6908,0.25059426613089825
6909,0.26383544081413696
6910,0.3821676365931057
6911,0.516598367858933
6912,0.6739516420056941
6913,0.7342452752638116
6914,0.7251571481070207
6915,0.8882131921783274
6916,-0.10155567049867614
6917,0.0799982427613246
6918,0.273432983093975
6919,0.2114359060768073
6920,0.2843051768717586
6921,0.43780483225515854
6922,0.575331386352183
6923,0.7110477998842987
6924,0.7768155234232785
6925,0.8325010484184625
6926,0.9225878096249773
6927,-0.13655145133190028
6928,0.05725377015547956
6929,0.2649016353402972
6930,0.2077286294505324
6931,0.30279639241044193
6932,0.4673418336199669
6933,0.6633069443641133
6934,0.7391110492193054
6935,0.809196193837102
6936,0.8411730114165423
6937,0.9271415951427167
6938,-0.17923948746988336
6939,0.019130545575662794
6940,0.2328048948329639
6941,0.19188059083559833
6942,0.20806008938799767
6943,0.417976801418666
6944,0.5605569780236443
6945,0.6384426035075809
6946,0.7160832716037432
6947,0.7726427336962464
6948,0.8777804055459878
6949,-0.22585509545340457
6950,-0.04511423252266061
6951,0.16820789737866054
6952,0.1660261666541482
6953,0.23080801094797376
6954,0.1617946019338222
6955,0.3688943480477258
6956,0.48224048376734924
6957,0.6405100335087679
6958,0.7040591668740336
6959,0.833195364914002
6960,-0.4344175354527964
6961,-0.2289556579062869
6962,-0.0163476050610151
6963,0.04712923780248099
6964,0.17859759581198864
6965,-0.2218974346004322
6966,0.09332075784090943
6967,0.2490188559507885
6968,0.42070851325759817
6969,0.5064309057585161
6970,0.7373969187694271
6971,-0.619614736049304
6972,-0.3947727529988603
6973,-0.1085541109330871
6974,0.08086203379444655
6975,0.2932243155363419
6976,0.4805673953532458
6977,-0.22062984574900663
6978,0.08777944109084859
6979,0.27949688340433576
6980,0.45341502485417745
6981,0.704260549879903
6982,-0.7064677262425872
6983,-0.5019752080976663
6984,-0.11671027501345094
6985,0.15399665245405192
6986,0.2807206059334817
6987,0.4394186267037239
6988,0.5760621104677013
6989,0.6497376423272188
6990,0.7294348649678286
6991,0.7842550170986881
6992,0.8662561104549913
6993,-0.8303284241323832
6994,-0.6524409474139133
6995,-0.291728751650787
6996,0.09768305613473145
6997,0.23332020793691216
6998,0.40815710941685446
6999,0.5445204909023621
7000,0.6387491475450443
7001,0.7242695584985828
7002,0.7794756881228723
7003,0.8588960136311565
7004,-0.992057508721561
7005,-0.8661421346221143
7006,-0.4834200706463591
7007,-0.07677922294478254
7008,0.08705497500715681
7009,0.3923456413371333
7010,0.5372836562577521
7011,0.6487707385698822
7012,0.7342332520785435
7013,0.7883162969275848
7014,0.8722538260711584
7015,-0.16792705074913822
7016,0.01310631471960523
7017,0.21049896993561412
7018,0.3338208153056673
7019,0.4258371783764304
7020,0.5381989780638057
7021,0.5990259630205174
7022,0.5153125591204445
7023,0.6083061997950475
7024,0.6563567370107498
7025,0.7862650833591135
7026,-0.1754182201933254
7027,0.010954643963535168
7028,0.2299114390379902
7029,0.3251567938300453
7030,0.43741697777010485
7031,0.5379532126936858
7032,0.38084322439427454
7033,0.5153790552014176
7034,0.617672892991272
7035,0.6406674613094083
7036,0.7769306920330201
7037,-0.15791049070839724
7038,0.046354630893748625
7039,0.2656362931592219
7040,0.33070637958820664
7041,0.4168362954321952
7042,0.5706631195586449
7043,0.6253816314504425
7044,0.5767507322032609
7045,0.5574519412057289
7046,0.5610145062050207
7047,0.7014626512165691
7048,-0.13460596860768126
7049,0.06415271054303387
7050,0.2902974993620274
7051,0.3040434604589781
7052,0.3671369461856582
7053,0.4922686792453498
7054,0.5903695825874133
7055,0.7017919918049893
7056,0.629495607216255
7057,0.6802684075319321
7058,0.815918505049847
7059,-0.1554561654625258
7060,0.048690248419782506
7061,0.27537251672277097
7062,0.29949758279279004
7063,0.3178186710539619
7064,0.45568691733237127
7065,0.6758531964565023
7066,0.7407366341667325
7067,0.7792817404336231
7068,0.7874685750713291
7069,0.8795173732471856
7070,-0.22397412287483848
7071,-0.013409804223487427
7072,0.21251174055248293
7073,0.2111120156728818
7074,0.22265815615263446
7075,0.3758391169834663
7076,0.5974464938499338
7077,0.6948275986914958
7078,0.7667464781618443
7079,0.7804417803789574
7080,0.823086193285683
7081,-0.18385033502206088
7082,0.02897455084217521
7083,0.2679500149514429
7084,0.24061228137820978
7085,0.26979038199102
7086,0.4324037927895426
7087,0.5962004383179501
7088,0.7567979531540163
7089,0.8368090902354512
7090,0.8689038873282472
7091,0.9237813084266715
7092,-0.23601628754625092
7093,-0.03346144933554522
7094,0.21065146959544603
7095,0.1645993859286271
7096,0.2527475646052133
7097,0.43464695388603947
7098,0.5509538276168906
7099,0.7521870761016234
7100,0.8271364937766988
7101,0.8687528463502363
7102,0.945869513994144
7103,-0.3038569943751128
7104,-0.09589523475623063
7105,0.17824635074796735
7106,0.11428116790802198
7107,0.20455758347805736
7108,0.3864329322288885
7109,0.5840286916206108
7110,0.7085124037850936
7111,0.7905088381418487
7112,0.8256548632101028
7113,0.8987430794535578
7114,-0.3521767041679113
7115,-0.14588974233845084
7116,0.12273294061070751
7117,0.08346955013993484
7118,0.09561186421120307
7119,0.34980454102107206
7120,0.49144837559659144
7121,0.6262739621186966
7122,0.7212335220513548
7123,0.7696360150360033
7124,0.8674013648787934
7125,-0.41462649864683954
7126,-0.22733765676197798
7127,0.03774714714205146
7128,0.03392083415347907
7129,0.0992473572818815
7130,0.08299006611451143
7131,0.2860146791978562
7132,0.4537232312260949
7133,0.6288741064983283
7134,0.6879360042513829
7135,0.8125037028963598
7136,-0.641686393774351
7137,-0.4743522344846985
7138,-0.1808119982211006
7139,-0.09640734131124376
7140,0.0287672074282139
7141,-0.3290535798008025
7142,-0.0011091211963373815
7143,0.22026016591872066
7144,0.393124704785851
7145,0.49553156149360045
7146,0.7188411919555258
7147,-0.6381688414395348
7148,-0.5151292364283154
7149,-0.1512261056694194
7150,-0.000908296521984946
7151,0.20540751437388502
7152,0.3952704016244227
7153,-0.4500241152681379
7154,-0.013274203812835589
7155,0.18823374154905437
7156,0.3290829169129404
7157,0.6192904222936128
7158,-0.8026466445690607
7159,-0.6248036686777307
7160,-0.2748908891554246
7161,0.07366871696428845
7162,0.1732561109140927
7163,0.36280683327065943
7164,0.5147183824723112
7165,0.6265017682664873
7166,0.7255012388181656
7167,0.7722713292628864
7168,0.8280516240507774
7169,-0.96855271496073
7170,-0.8398214499774657
7171,-0.4196041689888726
7172,-0.02966180759017771
7173,0.09247556193035568
7174,0.3062649766858949
7175,0.45397172081864434
7176,0.5916827944828905
7177,0.6906167103892152
7178,0.7402077709100113
7179,0.8196926016099868
7180,-0.9764516898351876
7181,-0.8438986304556758
7182,-0.5244542113792449
7183,-0.1098672381316489
7184,0.04688529577720138
7185,0.2998067101147489
7186,0.45654829432054794
7187,0.6009329994998942
7188,0.6992382293830964
7189,0.7481109921990745
7190,0.8322189827184832
7246,-0.2949113437854802
7247,-0.1064636680138818
7248,0.1236564105777673
7249,0.2536173870105377
7250,0.3448285504015974
7251,0.4688466874916904
7252,0.5790717123059078
7253,0.6919707989038333
7254,0.7331601501719668
7255,0.7588225343577943
7256,0.7764496008936693
7257,-0.41561058398021744
7258,-0.15070808859959023
7259,0.05026062971313076
7260,0.19916662696340176
7261,0.34344048081037865
7262,0.4460074737318546
7263,0.5597642185710717
7264,0.5909253590075483
7265,0.6658634785394104
7266,0.7199045310839
7267,0.7984112685226867
7268,-0.4085456740995037
7269,-0.12918332741521749
7270,0.08749573873851002
7271,0.19125091369300823
7272,0.3277936736294793
7273,0.49689385320884405
7274,0.4799966401572767
7275,0.5985070982550911
7276,0.6755758065366069
7277,0.7298765111491552
7278,0.8180778099285531
7279,-0.4136210742241785
7280,-0.15323966710386455
7281,0.07938888166178681
7282,0.17327740390923474
7283,0.25716746320197825
7284,0.4469594729757017
7285,0.564497270097517
7286,0.5799361730283357
7287,0.605323448317619
7288,0.7262209266113306
7289,0.8037088760762465
7290,-0.4034806019986513
7291,-0.14490625283535596
7292,0.10264559919612315
7293,0.14838927429243381
7294,0.21386949816454556
7295,0.3718871763931603
7296,0.5762674059355353
7297,0.6841707027268782
7298,0.6374733059406732
7299,0.7592430182629311
7300,0.8523407717922626
7301,-0.44099892107118444
7302,-0.16875581668592124
7303,0.06710518862346666
7304,0.09589536705415691
7305,0.14128569718351858
7306,0.31456159767869185
7307,0.513227287464823
7308,0.6385143739455512
7309,0.7183808749655491
7310,0.7767114623080309
7311,0.8483934728482896
7312,-0.4611248606246187
7313,-0.1635268277640758
7314,0.04087690227067007
7315,0.04278099944257604
7316,0.1058303771572178
7317,0.2834183916746651
7318,0.41325995170843777
7319,0.5934194793893687
7320,0.6818480538608818
7321,0.6763007005875501
7322,0.8350533631398375
7323,-0.44564460123483884
7324,-0.18308566331505405
7325,0.050363150831425355
7326,0.0527300575671755
7327,0.16113458933875047
7328,0.3444913504436551
7329,0.47077725710073304
7330,0.6413391537909001
7331,0.7276311390365491
7332,0.7917212190085189
7333,0.8675208021568726
7334,-0.49881469021033253
7335,-0.24329047838600035
7336,-0.02805887256699604
7337,-0.03830734272969973
7338,0.11354210312575004
7339,0.3061628244899272
7340,0.4973817341308401
7341,0.626724885301248
7342,0.7157497945700129
7343,0.775176177667562
7344,0.8546748265588962
7345,-0.5471697581031038
7346,-0.3080731933574331
7347,-0.0860070401688323
7348,-0.06860449681471552
7349,-0.01870942154202651
7350,0.2601511865844871
7351,0.4096418561979042
7352,0.5515253779308371
7353,0.6476058180573627
7354,0.7200377307561889
7355,0.8098382898711247
7356,-0.6164876533173168
7357,-0.38468961986233075
7358,-0.15929176196893968
7359,-0.10472016982276425
7360,0.0026199469708665796
7361,-0.007283776292644692
7362,0.2152817629875346
7363,0.38918671189673726
7364,0.5554204889144327
7365,0.6280054697694697
7366,0.7592910242948546
7367,-0.8671213654489626
7368,-0.6673170264353813
7369,-0.401139427054612
7370,-0.27526092626933274
7371,-0.1007637452604427
7372,-0.4377678414929609
7373,-0.11875627036454611
7374,0.11530754901831958
7375,0.2803207969760697
7376,0.3983830108420494
7377,0.6300755413297003
7378,-1.013814444606837
7379,-0.804806486529121
7380,-0.4645405107342648
7381,-0.22878526210172334
7382,0.02833348507627001
7383,0.23689682401934437
7384,-0.4430821450055087
7385,-0.06274858992080146
7386,0.132159338248275
7387,0.2877564215089317
7388,0.5821841718396381
7389,-0.9686493673117336
7390,-0.878971117670379
7391,-0.4585792031831399
7392,-0.12183882194449391
7393,0.05304996014630303
7394,0.2756134818355369
7395,0.4483697193174888
7396,0.5906988566048788
7397,0.7010929643792974
7398,0.7663054775255433
7399,0.8453830652420273
7400,-1.0812364959286025
7401,-0.9546686552236426
7402,-0.6035938187009875
7403,-0.23014993644219503
7404,-0.0426152206416823
7405,0.18990877204463802
7406,0.36502949872492907
7407,0.5243687219600833
7408,0.6351326138178441
7409,0.7103801561920922
7410,0.7915288562336831
7411,-1.1234963871743977
7412,-0.9738013719429872
7413,-0.7015727895616841
7414,-0.2947575804398153
7415,-0.09636860085164266
7416,0.16986994148682227
7417,0.34918072095814245
7418,0.5063582525946939
7419,0.6172537263419224
7420,0.6883899334654999
7421,0.7740830394980003
7475,-0.4291275574593139
7476,-0.2537575606190281
7477,-0.1436950843129368
7478,-0.0641545669465138
7479,-0.0376288826955315
7480,0.0378820087654936
7481,0.1434186490202526
7482,0.2342114250017686
7483,0.2929385546928199
7484,0.3202212523329302
7485,0.3766272599256291
7486,-0.2904881934652257
7487,-0.115117579955345
7488,0.001978146417081
7489,0.35038543575898384
7490,0.419791370295179
7491,0.5096268103529189
7492,0.5908255406963417
7493,0.3938869811281993
7494,0.48778852813370704
7495,0.546393952909818
7496,0.7236726245578831
7497,-0.07564199150953607
7498,0.11278984292572967
7499,0.2778483026075205
7500,0.3659065122505568
7501,0.4692441951749416
7502,0.5619629730054989
7503,0.6433560389457487
7504,0.6915574212740718
7505,0.7137288591117671
7506,0.696952739313033
7507,0.7769995814951645
7508,-0.047104941106295276
7509,0.16024520175968507
7510,0.33312641201412174
7511,0.384885140458282
7512,0.46380630957058144
7513,0.5958792985150093
7514,0.6366479228130381
7515,0.6989223516533698
7516,0.7364139784728143
7517,0.7802276720303136
7518,0.8307817613707686
7519,0.002467269087651283
7520,0.2175769476751355
7521,0.39499353124288367
7522,0.42027943106254406
7523,0.4683514830353924
7524,0.5824038678659715
7525,0.6916100750843315
7526,0.7308166427237657
7527,0.8207523060253201
7528,0.8941409249519809
7529,0.9600154591787373
7530,-0.012145339244864287
7531,0.20113933621994562
7532,0.38161415000430937
7533,0.3890646570551688
7534,0.39622907163922627
7535,0.5077513654012562
7536,0.7156803527032457
7537,0.7915974640781361
7538,0.7915940218072379
7539,0.8742968234016333
7540,0.9403002365405524
7541,-0.09358248046737044
7542,0.09203040748694728
7543,0.26988038549777393
7544,0.2544965625687879
7545,0.24876500569142307
7546,0.3722795145395542
7547,0.5938405083887905
7548,0.6943031406641728
7549,0.7504492554679678
7550,0.7946854860147752
7551,0.8358524242416694
7552,-0.07914888570056317
7553,0.1169475098462909
7554,0.2741275092448784
7555,0.2615445962342352
7556,0.23125193553447604
7557,0.40999916404562003
7558,0.629071175536219
7559,0.7304172616117051
7560,0.7665787488030715
7561,0.8529278175810551
7562,0.9246069334356007
7563,-0.09077620711379261
7564,0.10214977109460288
7565,0.3107964051869546
7566,0.2390858637800861
7567,0.35035147429601243
7568,0.492884170983245
7569,0.6145312654775181
7570,0.7815669265641525
7571,0.8406025527543273
7572,0.885084673739284
7573,0.9565080023752698
7574,-0.07604927828467933
7575,0.12645462052792844
7576,0.34218729886950716
7577,0.19731236681503483
7578,0.2079526089378866
7579,0.45928151351347035
7580,0.6686886582061089
7581,0.731637045028396
7582,0.7665745821667
7583,0.7638395243025342
7584,0.8365940588111261
7585,-0.16307909007927174
7586,0.02102932228455902
7587,0.22887080422308967
7588,0.21521452466103672
7589,0.27335778495165475
7590,0.2306705600339577
7591,0.43022638203696206
7592,0.5320845734322163
7593,0.6545494798609266
7594,0.7243923520361483
7595,0.8478050264397448
7596,-0.4711589745686758
7597,-0.2766273146837691
7598,-0.0504375000896758
7599,0.0673748046989758
7600,0.17813032771683104
7601,-0.2784346719882938
7602,0.04702092307080763
7603,0.23144989047746226
7604,0.5129903460766349
7605,0.5170163236597557
7606,0.7247047922049417
7607,-0.4268241564037128
7608,-0.208120895569621
7609,0.0460963357410587
7610,0.17832450375172432
7611,0.3892302054613406
7612,0.5121738258174364
7613,0.4002492174260484
7614,0.41377077926507744
7615,0.6465890027962738
7616,0.5790734965530371
7617,0.7080570871054681
7618,-0.6311085860780915
7619,-0.3938447837471151
7620,-0.0865589424346162
7621,0.17411179892058526
7622,0.3139727963069574
7623,0.4645259186462493
7624,0.4019335496325393
7625,0.540635990510375
7626,0.6370878035419404
7627,0.7428596200623547
7628,0.8499793481423183
7629,-0.8356366625825129
7630,-0.6371310530576314
7631,-0.2364755000451786
7632,0.15181642148696545
7633,0.28223365024466335
7634,0.4523203301804953
7635,0.5831665155288543
7636,0.6811238810781295
7637,0.7646142671374572
7638,0.822758878322905
7639,0.8980306910542291
7640,-1.0279667865714042
7641,-0.9007291038576936
7642,-0.451717279170738
7643,-0.04405173837000416
7644,0.11668307244205704
7645,0.41725875550107705
7646,0.5561176358034267
7647,0.6751760538423308
7648,0.7538759204022605
7649,0.8100146696198969
7650,0.8905884272234381
7772,-0.3908555602197375
7773,-0.1401454697243917
7774,0.0643171254589301
7775,0.20205625545660083
7776,0.3310868819664501
7777,0.41849573577076016
7778,0.5287484953730661
7779,0.39070750156378303
7780,0.5020895780484664
7781,0.584113049068495
7782,0.7417903134210626
7783,-0.4412265310157544
7784,-0.1489293541475667
7785,0.06138539125087948
7786,0.19726527353744
7787,0.34179038776416
7788,0.4425250825848362
7789,0.5444598446350745
7790,0.6547367854677529
7791,0.7099736243277666
7792,0.7171272351140359
7793,0.773075892585412
7794,-0.4579856618331566
7795,-0.15513998514827487
7796,0.09805113299027496
7797,0.21063927181821845
7798,0.33662518329957875
7799,0.4903334358339505
7800,0.49625861281126743
7801,0.6384037948546091
7802,0.7165827102738143
7803,0.7773762241815694
7804,0.8480536211347751
7805,-0.46982882601036224
7806,-0.16134224244346224
7807,0.0661666569293154
7808,0.17226409075075486
7809,0.288150368082159
7810,0.4291068784371279
7811,0.5549941057438219
7812,0.5861845675249497
7813,0.6972769942573585
7814,0.7528002093800292
7815,0.8378999217684922
7816,-0.46020549324401483
7817,-0.13906012073000942
7818,0.09154853694684392
7819,0.15894301273528294
7820,0.21731994036085373
7821,0.3581400089589667
7822,0.5952238046660583
7823,0.7153557264223629
7824,0.7332615319685389
7825,0.822645752940184
7826,0.8924819688865775
7827,-0.4932668180900198
7828,-0.17834496146612894
7829,0.04970004055651726
7830,0.0941701170265046
7831,0.13231299641738992
7832,0.27740510321303846
7833,0.5112126984801209
7834,0.6446951392116975
7835,0.7215487866187922
7836,0.779148876340635
7837,0.8420083424829936
7838,-0.4838844789440313
7839,-0.16870697657115064
7840,0.0658832872082797
7841,0.08459765251375195
7842,0.14158473398408639
7843,0.30646916840306154
7844,0.480194455140086
7845,0.6694959677335994
7846,0.7707522765330459
7847,0.7764811309529229
7848,0.8849059127199506
7849,-0.5041387839497609
7850,-0.18881180543717563
7851,0.02700068509159218
7852,0.03888073819489535
7853,0.1393364445082501
7854,0.2975003636958739
7855,0.4454120062295419
7856,0.6273977012856138
7857,0.7097673846467978
7858,0.7766355329635357
7859,0.8608878977277185
7860,-0.49756817695957023
7861,-0.18011291159040665
7862,0.015056918261758923
7863,-0.004724622739753145
7864,0.17238493894386106
7865,0.34946782049240904
7866,0.5263328519632215
7867,0.6711454986627274
7868,0.7567988243016313
7869,0.8146454446636817
7870,0.8865790559550935
7871,-0.6514808568311157
7872,-0.3612201141700014
7873,-0.12542646799138013
7874,-0.10608347989909311
7875,-0.055190258743332686
7876,0.17708537777984856
7877,0.3553501999455749
7878,0.5063301671867284
7879,0.6040144046934901
7880,0.6861542939206002
7881,0.7952916008578457
7882,-0.6845030632085192
7883,-0.4071940849743317
7884,-0.17594715109573633
7885,-0.11995296014950475
7886,-0.02564278854519206
7887,-0.034200407927749726
7888,0.1939547255531926
7889,0.3727669326554484
7890,0.5028832226062236
7891,0.5990697436766219
7892,0.7324213808115843
7893,-0.6815803161719161
7894,-0.4087605847784722
7895,-0.17158955951924906
7896,-0.08756197533462869
7897,0.05504331528927643
7898,-0.07018340899557948
7899,0.18022727920605988
7900,0.37663683172380613
7901,0.4118715276892998
7902,0.7040417888664916
7903,0.6711717311146046
7904,-1.1032219702813684
7905,-0.9260029099431786
7906,-0.6839085309430263
7907,-0.2633125633722426
7908,-0.0010072182460887646
7909,0.1527212042514917
7910,0.3370967380406073
7911,0.19678315839952149
7912,0.3835494718056864
7913,0.3696513682539042
7914,0.5294465334273063
7915,-1.1270526111670338
7916,-0.9434494333149642
7917,-0.6627266714584058
7918,-0.10171417109455794
7919,0.07518422673726124
7920,0.28169296536919
7921,0.44943961239016694
7922,0.6066440930211915
7923,0.7067872168886472
7924,0.7803830747740517
7925,0.8466766657493913
7926,-0.44932316617934676
7927,-0.13417923548468164
7928,0.06045406755883466
7929,0.18150728296346474
7930,0.2982966151097885
7931,0.39826361895720364
7932,0.5027359913415106
7933,0.4698963190403969
7934,0.561503592371199
7935,0.645999244029387
7936,0.7676857442788594
7937,-0.4719640192913826
7938,-0.18486204357148422
7939,0.02890508358668509
7940,0.11667860600964217
7941,0.27223476405965163
7942,0.3787666549504475
7943,0.26177270935223373
7944,0.4020406257023438
7945,0.5553337534889832
7946,0.6385645594269148
7947,0.7770419265181147
7948,-0.44811582746564527
7949,-0.14646217166560194
7950,0.0699436722962601
7951,0.14310244695593574
7952,0.2536330614310569
7953,0.4157889259760048
7954,0.5182070833862573
7955,0.5088634737802559
7956,0.5376388851767744
7957,0.4960795014312908
7958,0.6420976920806143
7959,-0.4082233294594018
7960,-0.1451388539932041
7961,0.07628784050888812
7962,0.14759458688657542
7963,0.23181188436502742
7964,0.3678380958294216
7965,0.522133451671569
7966,0.6050841213504641
7967,0.6672959624310275
7968,0.6659585260692794
7969,0.7649085138369613
7970,-0.44896462885122623
7971,-0.20279936167460472
7972,0.02399871234181427
7973,0.08250737471753478
7974,0.145396894242644
7975,0.2782309273124009
7976,0.5371668645082779
7977,0.6400263219953
7978,0.7109474251676609
7979,0.7362250445318812
7980,0.7684656999393632
7981,-0.4861254252101741
7982,-0.2422946913570536
7983,-0.03169690099093016
7984,0.007353874883831268
7985,0.06217970660865794
7986,0.22366940168575197
7987,0.46100186687838723
7988,0.5563271837491968
7989,0.6433659317805811
7990,0.6697736097003009
7991,0.7057138741743922
7992,-0.5121211505967186
7993,-0.26552039833089086
7994,-0.012760556651228203
7995,0.021980264742887577
7996,0.11039490394734015
7997,0.2641097995998351
7998,0.49156492018392584
7999,0.6472606464745214
8000,0.7454703487469903
8001,0.8238582606707796
8002,0.8739594598827776
8003,-0.5722711822849347
8004,-0.34534278356920617
8005,-0.1361530524527846
8006,-0.10457309321127836
8007,0.09144377154933821
8008,0.27525639321123446
8009,0.4398689527168301
8010,0.6353858958232979
8011,0.7263982439152541
8012,0.7852198582307113
8013,0.8847935017569646
8014,-0.4839435636015936
8015,-0.2430817428155314
8016,-0.07927228615755132
8017,-0.09372210163306903
8018,0.13306321527620169
8019,0.27469117760484096
8020,0.5486092400726741
8021,0.6532914911720797
8022,0.7378895900786963
8023,0.8059772467779441
8024,0.908549354058465
8025,-0.6482849645435399
8026,-0.5175337123776595
8027,-0.3430674952658669
8028,-0.28252913359844434
8029,-0.17609737437521955
8030,0.08331663192868648
8031,0.2644254470932319
8032,0.3877591984835753
8033,0.48793789520142244
8034,0.5713926216506557
8035,0.688047601692637
8036,-0.6654643673984791
8037,-0.5477365761726802
8038,-0.37569807066351874
8039,-0.2580766489964551
8040,-0.11953563876936851
8041,-0.20315410445022372
8042,0.03724017303328411
8043,0.193143861353555
8044,0.47098783984178627
8045,0.5552050686165916
8046,0.6803873212918098
8047,-1.0392693946451912
8048,-1.0156596716219568
8049,-0.8366318678803188
8050,-0.4853065273231821
8051,-0.2426714609473014
8052,-0.4147367638733107
8053,-0.13731718179427552
8054,0.061498150370994105
8055,0.2105369612333844
8056,0.34194792760114356
8057,0.5255329815323868
8058,-1.1533837784898744
8059,-1.1067480179422975
8060,-0.856334538173987
8061,-0.4557638861430745
8062,-0.17430897159954045
8063,-0.0005692031227002015
8064,-0.34367039070925814
8065,-0.04474189319852234
8066,0.23760027786787505
8067,0.3858326236581163
8068,0.591307007934042
8124,-0.4507646677144649
8125,-0.2266103624427586
8126,-0.0150345610862221
8127,0.247955285957832
8128,0.3782577244530105
8129,0.4856144177589484
8130,0.5359720128169414
8131,0.6828145639344715
8132,0.7663344762078316
8133,0.7881582244769878
8134,0.8276382148889347
8135,-0.3581668749777732
8136,-0.11658936592855308
8137,0.11764389728022503
8138,0.23966294146079173
8139,0.3854341565201559
8140,0.5064603854871214
8141,0.6240014799496039
8142,0.7188694485954894
8143,0.7787292194573878
8144,0.8040754292340472
8145,0.8747310462259543
8146,-0.34963569146338824
8147,-0.07903417074738212
8148,0.15545212058273114
8149,0.25330606635313613
8150,0.3774913665956222
8151,0.561913051704626
8152,0.6056282667246913
8153,0.7193969331008953
8154,0.7521027094097037
8155,0.800526270556442
8156,0.8831452378670984
8157,-0.3176957010022897
8158,-0.04705213435453105
8159,0.1868807709766837
8160,0.26294118956138074
8161,0.3370680410790742
8162,0.4929774042034407
8163,0.6297223605727261
8164,0.6695126965027686
8165,0.687435935802261
8166,0.755986554961848
8167,0.8503189020011769
8168,-0.3286794259606578
8169,-0.06922308777850254
8170,0.142516754582372
8171,0.19543519042312482
8172,0.25619675112506335
8173,0.4155253804719201
8174,0.6505551979057184
8175,0.7835781022252583
8176,0.6956142059723951
8177,0.836691964673862
8178,0.9303958939538566
8179,-0.3777256522385159
8180,-0.11079498143382865
8181,0.12695767752779535
8182,0.15735433129009646
8183,0.20649015674926816
8184,0.3833170900631767
8185,0.5917729399364489
8186,0.7319900395223835
8187,0.8003923111497203
8188,0.8555179847601473
8189,0.9194982049171336
8190,-0.3737831293176057
8191,-0.10560184280528599
8192,0.13784377207732865
8193,0.14272171782872156
8194,0.17310081089387827
8195,0.36812654445017484
8196,0.4742455378547998
8197,0.6821811403585881
8198,0.7698378911317137
8199,0.6982904282311544
8200,0.8877603513034626
8201,-0.41186325981411864
8202,-0.163793391560953
8203,0.08753662793778758
8204,0.08266239814085227
8205,0.17203555130547563
8206,0.35479060640198967
8207,0.5107650569963235
8208,0.6792284852516839
8209,0.7601661295545337
8210,0.8210053877218213
8211,0.9262959377736655
8212,-0.4622762519236442
8213,-0.21349665021613437
8214,0.061283253940629584
8215,0.0320893552924818
8216,0.20128679350972317
8217,0.39528354359607787
8218,0.5874305752854307
8219,0.7213551461579113
8220,0.8025007924684886
8221,0.851391006166875
8222,0.93987267932208
8223,-0.4914240938035377
8224,-0.24765685396938503
8225,0.0016403622396955475
8226,0.013779428296281891
8227,0.061513235611863046
8228,0.2970556748006468
8229,0.47626155291268263
8230,0.6297369389065814
8231,0.7246450144330878
8232,0.8162478116382446
8233,0.9407339295474886
8234,-0.6148467211055079
8235,-0.3984163503713303
8236,-0.14160275774581924
8237,-0.09107935496943036
8238,0.013223552548986196
8239,0.025617434056425012
8240,0.2654599653303929
8241,0.44687512885960906
8242,0.5780779749423292
8243,0.6527693335448779
8244,0.8020208197484425
8245,-0.8609698321398859
8246,-0.4231693620745901
8247,-0.1643873589541062
8248,-0.055552602669102336
8249,0.09478777802197566
8250,0.0007997270258877226
8251,0.26809155914134375
8252,0.45865266812110184
8253,0.7447755865356109
8254,0.8102357173472878
8255,0.8903114487721256
8256,-1.0807109113925586
8257,-0.8611516000276712
8258,-0.5371575467472416
8259,-0.1980608593694993
8260,0.05693350845902717
8261,0.21628449898818453
8262,0.3951886082481272
8263,0.546697863681268
8264,0.7352170459435289
8265,0.8057233716082041
8266,0.8971885561596082
8267,-1.0082654551422714
8268,-0.8208311805343288
8269,-0.4747415508069492
8270,-0.07101308051102516
8271,0.10423091773265737
8272,0.3283819597208704
8273,0.44492231401800664
8274,0.6336856251399113
8275,0.7346020991031976
8276,0.7632993305218592
8277,0.8946601163467416
8278,-1.132738388078834
8279,-0.9875633823951853
8280,-0.5207928527268045
8281,-0.14347142481934128
8282,0.03877733738856486
8283,0.26849747962716874
8284,0.4627859550911391
8285,0.6304751336735326
8286,0.734905969155077
8287,0.7964599563325221
8288,0.8795377973687774
8289,-1.1335401258569462
8290,-0.9639608059922672
8291,-0.6051990310503161
8292,-0.20383808148179997
8293,-0.009560032982843712
8294,0.25926697542298716
8295,0.4591016883934299
8296,0.6264580551676991
8297,0.7270303659761235
8298,0.7882435102157839
8299,0.8748670761215747
8472,-0.8793671193614547
8473,-0.7273089750664226
8474,-0.5948668005598863
8475,-0.4862352747123465
8476,-0.4269745102422979
8477,-0.3246928836720179
8478,-0.1305434163974271
8479,-0.0217588222837879
8480,0.0416660715763038
8481,0.0952935516191775
8482,0.1866180676525583
8483,-0.8463108766487054
8484,-0.6055947663174169
8485,-0.4386041025075703
8486,-0.29989929852766123
8487,-0.21132698947578743
8488,-0.10106849889071406
8489,0.046300597929225404
8490,0.1416375163689978
8491,0.21360625734447208
8492,0.27299018278526777
8493,0.34065553331492193
8494,-0.7596131101800921
8495,-0.5257701254347857
8496,-0.3614409433122333
8497,-0.2128923368804161
8498,-0.1097276477524996
8499,0.006776660850575461
8500,0.15370459106697235
8501,0.242843637008451
8502,0.30948281862440025
8503,0.3509943941638063
8504,0.4186186562327066
8505,-0.6365294758567563
8506,-0.35996312032993116
8507,-0.19166039558871695
8508,-0.021869044874064776
8509,0.09444907657134155
8510,0.2066115582023234
8511,0.3642325735695683
8512,0.46879485547651384
8513,0.5327463283495956
8514,0.5760240610152683
8515,0.6333936806858804
8516,-0.5984650603831148
8517,-0.330695826808353
8518,-0.15600219170661755
8519,0.015385368987468645
8520,0.12963953006365347
8521,0.24027772176007495
8522,0.3967466789081605
8523,0.4993623607861256
8524,0.5625491188116268
8525,0.6101373494457061
8526,0.6627147840326022
8527,-0.5062191950596284
8528,-0.2433750540721763
8529,-0.052121794641232864
8530,0.11870089644577604
8531,0.23023360367347373
8532,0.33923237109981175
8533,0.48719927100241534
8534,0.5889796575759969
8535,0.6534626349825368
8536,0.7028847280162092
8537,0.7580268288449843
8538,-0.4729746886584384
8539,-0.21904492032645778
8540,-0.009712207049163715
8541,0.16909365026082662
8542,0.29074830755166237
8543,0.42092375183596353
8544,0.5747339937878176
8545,0.6921831387590298
8546,0.7459111974934591
8547,0.7918997714161096
8548,0.8544418046573159
8549,-0.4649555426433876
8550,-0.21431839506995165
8551,0.0010495183146755852
8552,0.1774700128951019
8553,0.3018205706159195
8554,0.4309882689180058
8555,0.5805912347147186
8556,0.700140214913068
8557,0.7689622795509886
8558,0.8027804544432284
8559,0.8626792835457515
8560,-0.4346760303067526
8561,-0.1890938339899487
8562,0.025799517210500757
8563,0.2113395537217886
8564,0.334167601695862
8565,0.46268330727699314
8566,0.6127336288409099
8567,0.7307137026869646
8568,0.7890201668486705
8569,0.8374373358327141
8570,0.8975170524453782
8571,-0.43792712945092005
8572,-0.1825896015819641
8573,0.04034216593994081
8574,0.22904349536791802
8575,0.35885037426646116
8576,0.48805342431313214
8577,0.6436345839397433
8578,0.768578982540296
8579,0.8244845686454256
8580,0.8746805840037739
8581,0.9379097670209773
8582,-0.44391855314551387
8583,-0.17584634944974242
8584,0.04746748600174966
8585,0.24055659841887223
8586,0.3726436768167634
8587,0.502685194443199
8588,0.6607195913083497
8589,0.786241291805134
8590,0.8433653563225867
8591,0.8924164570478545
8592,0.9564822309936054
8593,-0.45705780648000927
8594,-0.19129322000141072
8595,0.05310759948650294
8596,0.25383076785591197
8597,0.38565399844738535
8598,0.5162192024129969
8599,0.6639099138896932
8600,0.7867464749374209
8601,0.8432032215268354
8602,0.892328732314214
8603,0.9596406123576022
8604,-0.49233329886174304
8605,-0.1939454252438593
8606,0.05883516733040927
8607,0.26053498218342763
8608,0.39326325713566934
8609,0.5271893874974174
8610,0.6810694893344447
8611,0.8091625566409302
8612,0.8657672659373259
8613,0.9151337797212155
8614,0.9836817010321783
8615,-0.5009521667782596
8616,-0.19953025961405854
8617,0.04997665246245461
8618,0.2538952912919667
8619,0.3925375972924171
8620,0.5287871003497149
8621,0.6871747068555927
8622,0.8209707536675672
8623,0.8780003130981737
8624,0.9288828640062017
8625,0.9949663040774634
8626,-0.5472304461572335
8627,-0.19381955880053237
8628,0.06952289814600211
8629,0.28332150687562196
8630,0.42050432349385447
8631,0.5588576700073794
8632,0.7189674979720122
8633,0.8630193616702535
8634,0.9331349703343459
8635,0.9969577550094637
8636,1.0595820341649307
8637,-0.5762751576644394
8638,-0.24202008059103558
8639,0.03067252578752282
8640,0.2495491008986797
8641,0.3935498749776939
8642,0.535109760242162
8643,0.6997402568777462
8644,0.8363765506977023
8645,0.9089594114013408
8646,0.9739801895410111
8647,1.0378422821823126
8648,-0.6122137602055238
8649,-0.22667099682279968
8650,0.03144448853930481
8651,0.2534345339599706
8652,0.40427539284293174
8653,0.5470481646570156
8654,0.7166373131854604
8655,0.8512744828707606
8656,0.9202282558793475
8657,0.9861536102281778
8658,1.053147446638754
8659,-0.6123956894485683
8660,-0.28743137473300273
8661,-0.01184989307091977
8662,0.2185277994283245
8663,0.3744058531397125
8664,0.5215184020961343
8665,0.691234493905842
8666,0.8244195167247409
8667,0.8983576763483979
8668,0.9654338261436866
8669,1.0338788117431215
8861,-1.071194750124702
8862,-0.7973865248971036
8863,-0.5913922075061276
8864,-0.3691968126102949
8865,-0.2312332658873295
8866,-0.1479008642146086
8867,-0.1132714935749482
8868,-0.1519991783770678
8869,-0.094591816966399
8870,-0.0453118865701857
8871,0.0835761414732543
8872,-0.9922013333387792
8873,-0.6714800435198357
8874,-0.479568923351475
8875,-0.2980701662621228
8876,-0.18225123414059885
8877,-0.08694960383035852
8878,-0.021728633387808713
8879,-0.00027691349431006873
8880,0.0682921556235343
8881,0.123529436261143
8882,0.199295083238075
8883,-0.9046804625310569
8884,-0.5894083142215902
8885,-0.40010886696628856
8886,-0.2093187583530935
8887,-0.08345107705286597
8888,0.01728598239026549
8889,0.08188972915837262
8890,0.09853938537465037
8891,0.1622112197939824
8892,0.20748349254071702
8893,0.28449713052982684
8894,-0.8048856812028444
8895,-0.4817771610775213
8896,-0.3040253374926297
8897,-0.1093964803084715
8898,0.0360116974392726
8899,0.13313299256244487
8900,0.24204020193896214
8901,0.29110837628275565
8902,0.3640500603780805
8903,0.4150678146839707
8904,0.49784232440988874
8905,-0.7955108186952755
8906,-0.4571656584707946
8907,-0.2697795189014559
8908,-0.0697450032085897
8909,0.0751028705558492
8910,0.17184996647665002
8911,0.2821819178797476
8912,0.3361647219193779
8913,0.4118154493971088
8914,0.46282347257686474
8915,0.5447617190182727
8916,-0.7261356254619611
8917,-0.39131339847673396
8918,-0.190463726084926
8919,0.012151446415942718
8920,0.15634342690408204
8921,0.25365172823877347
8922,0.3688130151590221
8923,0.4508310475660032
8924,0.5186674097366665
8925,0.570942689747629
8926,0.6465785006098579
8927,-0.7216057768674755
8928,-0.38354382915630425
8929,-0.16249605820867577
8930,0.04493214479335811
8931,0.19153950057324415
8932,0.2922129838769715
8933,0.40673726768877816
8934,0.5174517454067697
8935,0.5961192065390029
8936,0.656557631753957
8937,0.7364849727030764
8938,-0.6744175031882012
8939,-0.3456467633280648
8940,-0.117082305604162
8941,0.09528264761099972
8942,0.2389116459675371
8943,0.33467738360246874
8944,0.4294868818963664
8945,0.5343632004221419
8946,0.6327192696012038
8947,0.6875496207406313
8948,0.7517566952111965
8949,-0.7078489646483004
8950,-0.3574813433833822
8951,-0.1237961206359531
8952,0.09344591512798517
8953,0.24435753371950797
8954,0.35545057289128923
8955,0.46090518284826953
8956,0.5623142899401907
8957,0.6682530367587749
8958,0.7226373409245908
8959,0.7900173875401534
8960,-0.7085668423911864
8961,-0.3491000128823108
8962,-0.11394287129656844
8963,0.1075192472186616
8964,0.2663605865694729
8965,0.3781819213870828
8966,0.49509072167632157
8967,0.5976757002083102
8968,0.7034965591848722
8969,0.761522381989011
8970,0.8351362498635178
8971,-0.7151270363212294
8972,-0.36088570207785076
8973,-0.1092585600940425
8974,0.11636368338268885
8975,0.28684059098822556
8976,0.40229369722359776
8977,0.5173839211417246
8978,0.6243886319221847
8979,0.7320835325480365
8980,0.7920295888619854
8981,0.8675777286201768
8982,-0.7346984169587858
8983,-0.3724600618165965
8984,-0.11180911222943626
8985,0.1197097805149535
8986,0.30128228432787185
8987,0.42112830894263187
8988,0.5353858956376001
8989,0.6477004578037195
8990,0.7587812612220974
8991,0.8009408274857663
8992,0.8756297585070083
8993,-0.7783796785228607
8994,-0.38705703905633804
8995,-0.12137468187770564
8996,0.14620022753148165
8997,0.28226315548798364
8998,0.4113358092678122
8999,0.535588203748618
9000,0.63238402553417
9001,0.7485974685150083
9002,0.8090612002244615
9003,0.8821527933114588
9004,-0.7932085238068842
9005,-0.4108914426544047
9006,-0.15081285985964873
9007,0.08999184315292053
9008,0.2791375072244644
9009,0.41002595423328203
9010,0.5331876647751714
9011,0.6414807034166787
9012,0.7544866624632418
9013,0.8219304562566905
9014,0.8960578586800378
9015,-0.8083738259958224
9016,-0.42303464922128065
9017,-0.1626639982650895
9018,0.07538614306562513
9019,0.26676376072545577
9020,0.40641143487306497
9021,0.5312912643864355
9022,0.6471804325411685
9023,0.7563731340601163
9024,0.8073164492631563
9025,0.8836112875196869
9026,-0.48873637986883256
9027,-0.2390032712754513
9028,0.022267443484289242
9029,0.1350049884619046
9030,0.3201851246471408
9031,0.43332776779330084
9032,0.5704929212379861
9033,0.712132575312219
9034,0.7618714195873939
9035,0.8344186596138803
9036,-0.7253423221502153
9037,-0.2990264248483407
9038,-0.005321724544811057
9039,0.283461493064828
9040,0.4189830800014157
9041,0.5572755017441103
9042,0.6903666027098683
9043,0.8146502879832509
9044,0.8885239762981881
9045,0.9707444184556706
9046,-0.8166002780812371
9047,-0.3495021293234909
9048,-0.03700021125029896
9049,0.2306039292723062
9050,0.3891537835620884
9051,0.5347941933291338
9052,0.6623965728711059
9053,0.7859453462231135
9054,0.8612217644723845
9055,0.9438169860603975
9372,-0.6385570475796778
9373,-0.5827154494761978
9374,-0.4594965585929793
9375,-0.3577574398444698
9376,-0.3406803745310433
9377,-0.2483440231147942
9378,-0.144959158284558
9379,-0.0709735032893942
9380,0.0022376970420441
9381,0.0651908727221164
9382,0.1666610215188533
9383,-0.6385570475796778
9384,-0.5827154494761978
9385,-0.4594965585929793
9386,-0.3577574398444698
9387,-0.3406803745310433
9388,-0.2483440231147942
9389,-0.144959158284558
9390,-0.0709735032893942
9391,0.0022376970420441
9392,0.0651908727221164
9393,0.1666610215188533
9394,-0.6454804277873705
9395,-0.4658992735896613
9396,-0.3089907016983975
9397,-0.1791079416906354
9398,-0.1272513467957455
9399,-0.040162726213265706
9400,0.04461437035009232
9401,0.09920260999140246
9402,0.1674644956460643
9403,0.2318461408005716
9404,0.30437156660648734
9405,-0.5667802762229304
9406,-0.3920521231490353
9407,-0.23713734469817127
9408,-0.09944204299941045
9409,-0.037361375696063515
9410,0.0546842433530572
9411,0.13911120768858068
9412,0.189110530895433
9413,0.2529293414777896
9414,0.3071865050267083
9415,0.37243498911918366
9416,-0.4232737547047405
9417,-0.2302240498555596
9418,-0.0796871935087134
9419,0.07333098751867631
9420,0.13973066247324278
9421,0.2297221150061172
9422,0.3245089404919247
9423,0.38783633586319227
9424,0.4513551831179563
9425,0.5202591817408494
9426,0.5904826786193393
9427,-0.41406195184816064
9428,-0.19441926129341672
9429,-0.0287718010157623
9430,0.13200100170249635
9431,0.21025163236318778
9432,0.297812226796634
9433,0.3943466635392756
9434,0.4544624355552415
9435,0.5174780636808326
9436,0.5762651939529453
9437,0.6471824443350005
9438,-0.35914005864270226
9439,-0.1639839718008151
9440,0.005089909357660065
9441,0.1642590024626512
9442,0.23530420493096244
9443,0.31933929081284906
9444,0.41596438696647287
9445,0.479654994296155
9446,0.5438987665321973
9447,0.6026521700383014
9448,0.6717255818873966
9449,-0.30307280381675217
9450,-0.10498714301023451
9451,0.09814174880549098
9452,0.2699249016485379
9453,0.3375360909083372
9454,0.41769999243035594
9455,0.5211214943800725
9456,0.5831124308694875
9457,0.6365375526778733
9458,0.7001623615817406
9459,0.7723919257373407
9460,-0.2852856417993687
9461,-0.07081976665032433
9462,0.14557877013392329
9463,0.3197918719077637
9464,0.40427366969117295
9465,0.5040673330734049
9466,0.5928575047647291
9467,0.6773117653957436
9468,0.7344406125319036
9469,0.798963131458853
9470,0.8745895722923983
9471,-0.24816374124446566
9472,-0.051845107161392096
9473,0.16195871219507263
9474,0.3423141539145569
9475,0.42592885939154307
9476,0.5254612254303187
9477,0.6159445514773111
9478,0.6933265235808662
9479,0.7526668933318844
9480,0.8176378870479903
9481,0.8931677634838409
9482,-0.2561794901842047
9483,-0.044318816840719366
9484,0.17637081228182
9485,0.36519729506152454
9486,0.4518248851414216
9487,0.5558002487195195
9488,0.6481881544678953
9489,0.7281586046156403
9490,0.7850453161020645
9491,0.8518876008400877
9492,0.9317858047314023
9493,-0.2877322153335335
9494,-0.05389189670579064
9495,0.16865558259076321
9496,0.35724019375981064
9497,0.44759853138397254
9498,0.5484671911894706
9499,0.6470405384655127
9500,0.7285438015028773
9501,0.7857938366426087
9502,0.8517036081769955
9503,0.9321384111338549
9504,-0.2896759343858737
9505,-0.06059449781420902
9506,0.181926206096439
9507,0.3784387501489194
9508,0.45780531445461753
9509,0.5726624561004492
9510,0.6649162274108942
9511,0.7352704717121519
9512,0.7941579365369513
9513,0.8598213810245725
9514,0.9436302711358102
9515,-0.3161095522071291
9516,-0.06419347641227721
9517,0.18715882167913986
9518,0.38469253210579857
9519,0.47554393926464167
9520,0.5843995276806793
9521,0.6711795769114035
9522,0.7489228103807413
9523,0.8019196153022448
9524,0.8678409889979033
9525,0.952683341373533
9526,-0.33766671959878597
9527,-0.06815216943741637
9528,0.18082389086504413
9529,0.38120279831929693
9530,0.47126398685026183
9531,0.5807947737471328
9532,0.7020539501244386
9533,0.7862305251725918
9534,0.8050562123402412
9535,0.8726686818668449
9536,0.9561222901256877
9537,-0.39017699327755734
9538,-0.05965620966169971
9539,0.15296209966859736
9540,0.36445871917018335
9541,0.5100707708901058
9542,0.5839556988833141
9543,0.6788413300452887
9544,0.77696817899865
9545,0.8809389481164993
9546,0.9216696357380688
9547,0.9987682457184464
9548,-0.4249601131727252
9549,-0.13571426722098498
9550,0.1443808604345884
9551,0.35438218407211375
9552,0.46426984848247044
9553,0.5787823773806319
9554,0.6760843526891036
9555,0.7674908694148836
9556,0.8344008549736481
9557,0.9172040941611496
9558,0.9968002088715928
9559,-0.43475324437213514
9560,-0.11599468716906461
9561,0.15506205219868738
9562,0.3726214736971837
9563,0.49011669764366017
9564,0.6079109753276589
9565,0.7103409351543335
9566,0.8100672511713567
9567,0.8759641832679734
9568,0.9596884774084603
9569,1.0406463998373217
9570,-0.8372022700213536
9571,-0.7306859977351451
9572,-0.5885357102841604
9573,-0.4835185360394642
9574,-0.4071729828658625
9575,-0.3084428708651898
9576,-0.1880098213943106
9577,-0.0812914926553058
9578,-0.0132090663880121
9579,0.0485598651228452
9580,0.145780594691214
9581,-0.8860630660625066
9582,-0.6587102563593462
9583,-0.4923092204939304
9584,-0.354342260763329
9585,-0.2610225550598726
9586,-0.1494561193494694
9587,-0.03780377024438391
9588,0.056754130781516976
9589,0.13341457452783945
9590,0.19699459071207362
9591,0.2677700144566805
9592,-0.8023681836060148
9593,-0.5812766348492571
9594,-0.41733484816705574
9595,-0.27013932363779053
9596,-0.16281417906312307
9597,-0.045392288960843186
9598,0.06584646645342122
9599,0.15410705857659715
9600,0.2254533594578425
9601,0.27797526634073
9602,0.3418428757217709
9603,-0.6952397269690713
9604,-0.4275253742081503
9605,-0.2572988262693548
9606,-0.09003413196954396
9607,0.031826370334097825
9608,0.14593695054487524
9609,0.2684990014342966
9610,0.371889990974485
9611,0.4405367337702793
9612,0.49590289107889496
9613,0.5652595537018847
9614,-0.6386904248866561
9615,-0.39088161376638775
9616,-0.2163443039157053
9617,-0.03827776155623758
9618,0.06979415028524281
9619,0.1894468482620026
9620,0.30382738434379847
9621,0.4058373606011736
9622,0.47402369116348375
9623,0.525806513810164
9624,0.5820280596629761
9625,-0.5501009413203701
9626,-0.3029852568678808
9627,-0.10339821491224539
9628,0.0689928756617024
9629,0.1829786301243455
9630,0.29406861755587144
9631,0.4121037705155713
9632,0.5114749067281308
9633,0.5804769469696072
9634,0.6345343219592972
9635,0.6938851014392604
9636,-0.527966589691967
9637,-0.27111368185149054
9638,-0.0585387379805266
9639,0.11811183925128638
9640,0.24635726740342884
9641,0.3783937026285205
9642,0.4988048570201129
9643,0.6052171550360015
9644,0.6642869123901227
9645,0.7145009471761787
9646,0.7773603670058322
9647,-0.48962079110758516
9648,-0.24608135886795782
9649,-0.03167195362282348
9650,0.14600288954213214
9651,0.27481710811643983
9652,0.405447243319738
9653,0.5239916325019092
9654,0.6272099112268461
9655,0.6873520708774425
9656,0.7380221838035881
9657,0.8003774715107257
9658,-0.5159285051469527
9659,-0.25124029924398183
9660,-0.033897370845126285
9661,0.15470889470995955
9662,0.28774204242857193
9663,0.42268732363659967
9664,0.5414920764939153
9665,0.646024419296378
9666,0.7070545177638191
9667,0.7588485706138297
9668,0.8220406553942643
9669,-0.4983810161559217
9670,-0.2367204229005001
9671,-0.013550676518418805
9672,0.17386853146592152
9673,0.3145815253994063
9674,0.44622628490461225
9675,0.5728183816254082
9676,0.6794953304421463
9677,0.7401443606036078
9678,0.794713907626813
9679,0.8616529481153864
9680,-0.5034538803683142
9681,-0.2328902999175757
9682,0.01100723245312843
9683,0.20741269162469206
9684,0.34635146944131495
9685,0.4799597461707378
9686,0.6033288753941807
9687,0.7105603399548248
9688,0.7724887028548206
9689,0.8263556209941858
9690,0.8974312277286606
9691,-0.5262046953168198
9692,-0.24160493813015252
9693,0.01107649845567997
9694,0.20866396257938646
9695,0.35001045568518985
9696,0.4867055809439803
9697,0.6109992918331262
9698,0.7179010558963819
9699,0.7810023654898454
9700,0.8354507256524296
9701,0.9074097955286771
9702,-0.5459422553547797
9703,-0.2431321720817386
9704,0.006910426707220502
9705,0.20788316292609066
9706,0.3540444563395165
9707,0.4916664019031236
9708,0.6187427764606577
9709,0.7393217781368548
9710,0.8148366624477843
9711,0.8767682581250559
9712,0.9429132505700819
9713,-0.6002726490617256
9714,-0.2468375483826093
9715,0.010861898875396618
9716,0.2222955457935542
9717,0.3645752400312431
9718,0.5053069369328196
9719,0.6364145558675722
9720,0.7630261248756453
9721,0.8405163546028647
9722,0.907321823276213
9723,0.9720742852703856
9724,-0.6440440595528885
9725,-0.3099766405869432
9726,-0.04038882572247423
9727,0.1722578490263445
9728,0.3223480474965945
9729,0.46606773998596945
9730,0.6003346009982591
9731,0.7197336037871329
9732,0.7999096262859313
9733,0.8693617324609175
9734,0.9355330513235468
9735,-0.6475231805263413
9736,-0.2996010661798526
9737,-0.040824355817663645
9738,0.18098955853473783
9739,0.3407846275153199
9740,0.48595198516698546
9741,0.622415564190263
9742,0.7439400448928454
9743,0.8239697107368221
9744,0.8945981721377064
9745,0.9626208488621502
9746,-0.6740633887919593
9747,-0.33231277200567283
9748,-0.09370523912219914
9749,0.13039465707790232
9750,0.28887022032606813
9751,0.44021706517513803
9752,0.5793088709357801
9753,0.6911662389298964
9754,0.7752572360145227
9755,0.8502531521128406
9756,0.9187487927764684
9757,-0.08547851903028553
9758,0.13695712911728813
9759,0.3039610941534485
9760,0.46259646979065305
9761,0.6032903953168559
9762,0.734188631407779
9763,0.820375694944878
9764,0.8918248252184982
9765,0.962340190381169
10032,-0.5582423426825452
10033,-0.4271120998424823
10034,-0.3727677676581291
10035,-0.3266576259167616
10036,-0.2991070812259523
10037,-0.2567489354339037
10038,-0.1611635075714483
10039,-0.0753967674653989
10040,-0.0038567379069244
10041,0.056591534345189
10042,0.1651165484998777
10043,-0.5455087311935762
10044,-0.3521182676766833
10045,-0.23161343593874092
10046,-0.14471871473134804
10047,-0.09684217778947027
10048,-0.03453035567066497
10049,0.04793726508138965
10050,0.10734678525719991
10051,0.17176892939071106
10052,0.2343163736784808
10053,0.307287867301613
10054,-0.5156146899460673
10055,-0.33319346961246865
10056,-0.20991156741084685
10057,-0.12246909525740382
10058,-0.07025414176217995
10059,-0.004799769618646685
10060,0.07744588050972413
10061,0.13765589503052605
10062,0.20195393153267552
10063,0.272115588861824
10064,0.3455015932927385
10065,-0.6590780117824093
10066,-0.4659404011599722
10067,-0.34784647756855597
10068,-0.2485696149307955
10069,-0.1911158744370775
10070,-0.12317535329370599
10071,-0.041262659086156145
10072,0.014451535394685328
10073,0.07133837590744857
10074,0.12347501282762416
10075,0.176874775722763
10076,-0.2972277600627721
10077,-0.0803647109736794
10078,0.046930454861907514
10079,0.17129446922459438
10080,0.2391886267413469
10081,0.30516039052045607
10082,0.38991821738225807
10083,0.45027833117082827
10084,0.5088809274385068
10085,0.5659561364380583
10086,0.6367564432491428
10087,-0.27261462247177026
10088,-0.05997470069002886
10089,0.07548141135837366
10090,0.20374267711312677
10091,0.27331380666361826
10092,0.33712907842202366
10093,0.42151969124277266
10094,0.48116340408004854
10095,0.5393705150861943
10096,0.5892108117241855
10097,0.6585022548506214
10098,-0.16253410052379336
10099,0.04461860360515646
10100,0.19920896415748932
10101,0.345633135078382
10102,0.41249843306329304
10103,0.46753880570036727
10104,0.534337884528097
10105,0.5819059486109717
10106,0.6402722833755318
10107,0.6906793094260307
10108,0.7616651163996083
10109,-0.13882858525546496
10110,0.07911013012599939
10111,0.2510428108663021
10112,0.40468935784307747
10113,0.47883883321113196
10114,0.550967229719856
10115,0.6158516264798042
10116,0.6799521673611089
10117,0.7292390760637559
10118,0.7794561356770161
10119,0.8553856126809818
10120,-0.08992944050909839
10121,0.11095157822836635
10122,0.2851841029645552
10123,0.4399548937079173
10124,0.5146894221212495
10125,0.6032101613847968
10126,0.6652101004250547
10127,0.7103860754960878
10128,0.7608208420536047
10129,0.8117103966083098
10130,0.8866958614336674
10131,-0.13477711108729012
10132,0.09265460536518672
10133,0.26964470552298714
10134,0.4330912042856315
10135,0.5125202668108162
10136,0.6054050517580369
10137,0.6676380877795899
10138,0.7139275117995476
10139,0.7643400978115553
10140,0.8161033175360473
10141,0.8919045037746767
10142,-0.12168673238109572
10143,0.10780624166402615
10144,0.28623203830910227
10145,0.45020107355195116
10146,0.5329262419288028
10147,0.6181035197173445
10148,0.6923259710162517
10149,0.7382287584810656
10150,0.788295803561919
10151,0.8412581037985869
10152,0.9207947155289395
10153,-0.12791885355606944
10154,0.1121376561143004
10155,0.31481089988686417
10156,0.4829988995864508
10157,0.5654574483546664
10158,0.6519253243294338
10159,0.7173481101389233
10160,0.7755168112387073
10161,0.8260989308549097
10162,0.8824504669493366
10163,0.9632740491530536
10164,-0.12853994966013643
10165,0.12817681168129014
10166,0.3385340197935438
10167,0.5081241465102965
10168,0.5928860454733977
10169,0.6717964929476379
10170,0.7338839990878212
10171,0.7924751965726904
10172,0.8329548779161174
10173,0.8866067733745422
10174,0.9684199854529446
10175,-0.17574919607071465
10176,0.09550769216754967
10177,0.3018195450622851
10178,0.4747291168718909
10179,0.5637531295671285
10180,0.6413680444271523
10181,0.7039429201044866
10182,0.7592170895697662
10183,0.8003457796327121
10184,0.8617226637238844
10185,0.936111606710416
10186,-0.18671287080195412
10187,0.1275400246588278
10188,0.34969248446983514
10189,0.529848161205148
10190,0.6191903665605871
10191,0.6991382553999094
10192,0.7619494726036933
10193,0.8289137416486558
10194,0.9010295340433851
10195,0.9669271360365883
10196,1.0455588476745512
10450,-0.7072078266202234
10451,-0.5063542508937546
10452,-0.39089163451003195
10453,-0.2997345803371616
10454,-0.2572112151982303
10455,-0.19178716140977137
10456,-0.10849379662098019
10457,-0.04759599184118643
10458,0.014388842810887537
10459,0.07006694143072717
10460,0.1298436837512253
10461,-0.6885247018361429
10462,-0.502435215338858
10463,-0.3874855438252871
10464,-0.29146735257836487
10465,-0.2450306458433888
10466,-0.17622121121757728
10467,-0.09314570648264034
10468,-0.03146223133702841
10469,0.030400793974676127
10470,0.08518529912946973
10471,0.14468868709384772
10472,-0.6189095420059908
10473,-0.43880115330325414
10474,-0.32527460142076137
10475,-0.22317998907736916
10476,-0.1693878000526619
10477,-0.09672292231381419
10478,-0.01391974263516807
10479,0.042894219482673385
10480,0.10075256864243629
10481,0.14604543644149784
10482,0.19775178430978546
10483,-0.2407373697042811
10484,-0.040795498633168094
10485,0.07832558453877164
10486,0.20340954707577458
10487,0.26319150187462664
10488,0.33398401223158003
10489,0.4185416577450875
10490,0.4799445877703144
10491,0.5391496478125927
10492,0.5886063674696959
10493,0.6568356595761435
10494,-0.23320238359554857
10495,-0.020308351472876685
10496,0.11091761809877881
10497,0.24281732160431066
10498,0.30853077423639025
10499,0.37738560962966494
10500,0.4627542263194052
10501,0.5235976025716195
10502,0.5826186769991338
10503,0.6263794298538463
10504,0.6947078194713797
10505,-0.19764618593494127
10506,-0.0009224038284861237
10507,0.1345623563920879
10508,0.2696088349077226
10509,0.3337999913846839
10510,0.3992142650993966
10511,0.48516471714168247
10512,0.5456124628056052
10513,0.6053691535556044
10514,0.6492693495254513
10515,0.7159700949526513
10516,-0.17734085989428783
10517,0.023168862958080485
10518,0.18215089928825542
10519,0.3317914293687586
10520,0.3936755943014767
10521,0.4550979192073066
10522,0.5234268092176023
10523,0.5730584269326434
10524,0.6321712466715499
10525,0.6813669370600262
10526,0.753162302446942
10527,-0.13458081583069945
10528,0.08016555269167
10529,0.2591795662557616
10530,0.41388152374404513
10531,0.48294230965193174
10532,0.5654496103729798
10533,0.6315780038475773
10534,0.6787053436877477
10535,0.7292639645637593
10536,0.7743032335650162
10537,0.8497970296371136
10538,-0.09188520197445448
10539,0.10876440755808235
10540,0.28843871986039504
10541,0.4403508162228076
10542,0.5108918523215131
10543,0.5928291274689024
10544,0.6546833724559575
10545,0.7017683333215923
10546,0.75319032539629
10547,0.7982417148408365
10548,0.8714392123544642
10549,-0.10930564820248262
10550,0.09802045963144587
10551,0.2785831349621951
10552,0.437232146282847
10553,0.5076660864327217
10554,0.591426910086092
10555,0.6545556508392123
10556,0.7027803729408868
10557,0.7551002114407152
10558,0.8010057509861821
10559,0.8751638813511748
10560,-0.0796723996387967
10561,0.14138775414919558
10562,0.32441788856071585
10563,0.4854204990015795
10564,0.5622918307514563
10565,0.6413235434364963
10566,0.7119725157306811
10567,0.7623329027698904
10568,0.8130235461730195
10569,0.8637847822479965
10570,0.9409861654375835
10571,-0.08545975800239142
10572,0.14839452286219612
10573,0.33287851588503764
10574,0.4966553145257381
10575,0.575610972328809
10576,0.6553600913075482
10577,0.7313117339150115
10578,0.7830083837589417
10579,0.8339499265073824
10580,0.8803371902183746
10581,0.9583473373840148
10582,-0.09528788871366056
10583,0.1371990135729748
10584,0.3462419354128277
10585,0.512485870002168
10586,0.5896506039041918
10587,0.6702009719707113
10588,0.7369601598203832
10589,0.7981835413421989
10590,0.849988788725224
10591,0.9011852182676585
10592,0.9809800847178822
10593,-0.8818980456997908
10594,-0.6379285320225557
10595,-0.4875244711658338
10596,-0.4689225266209889
10597,-0.4149153406635422
10598,-0.3327598190035401
10599,-0.2343320029210968
10600,-0.1194419041059127
10601,-0.04593246259399
10602,0.0293698518259761
10603,0.1255284111441436
10604,-0.9088858300577809
10605,-0.6093824813291764
10606,-0.43976706159991735
10607,-0.3441521606070036
10608,-0.26291833027025824
10609,-0.163877180333584
10610,-0.06404901482529751
10611,0.03397197539201932
10612,0.11202169474267447
10613,0.1814138635031347
10614,0.25043430998567157
10615,-0.8296688383961847
10616,-0.5334091951880026
10617,-0.369885630016587
10618,-0.2662760024530628
10619,-0.1741404548234407
10620,-0.06974058636625323
10621,0.0295139434581193
10622,0.12276365420128653
10623,0.19520477708152728
10624,0.25474783319325406
10625,0.31582854405447314
10626,-0.7469139423723716
10627,-0.42567847396934233
10628,-0.2456208809398081
10629,-0.0942784586620978
10630,0.019372841671911105
10631,0.13396158851272666
10632,0.24470180681083153
10633,0.34318156783641107
10634,0.414783805577873
10635,0.4758499990365547
10636,0.5322030607130718
10637,-0.6711200012866896
10638,-0.35772218556399515
10639,-0.176697128127351
10640,-0.029900885587586416
10641,0.07281539019845334
10642,0.17065977852484066
10643,0.2818184737252656
10644,0.3733732305627288
10645,0.4447671737791722
10646,0.5066565855418889
10647,0.5717359227864768
10648,-0.632351923426003
10649,-0.3211294723303853
10650,-0.10871542550537777
10651,0.09323241731350214
10652,0.19812236948484105
10653,0.2963085402396558
10654,0.4017367736618112
10655,0.5071566263049199
10656,0.5732098605744054
10657,0.6194541394316099
10658,0.6797188410093686
10659,-0.6277657458133525
10660,-0.3059525185751982
10661,-0.08401760968250006
10662,0.12180705024473625
10663,0.2427337952347695
10664,0.34470842017909786
10665,0.4701017236480023
10666,0.5914823654045078
10667,0.6521055364506588
10668,0.7085282994901458
10669,0.7729654140910387
10670,-0.5784260841086898
10671,-0.277186660654842
10672,-0.05725415636308987
10673,0.1501250322929303
10674,0.26993767367736504
10675,0.3730324450522058
10676,0.49742423197912455
10677,0.6132281563515983
10678,0.6750695872254768
10679,0.7330220635298912
10680,0.7926302193048125
10681,-0.6121584693152775
10682,-0.28481905555196896
10683,-0.05940788007244409
10684,0.15370112289706578
10685,0.27871823178744715
10686,0.38629369474777325
10687,0.5135292437953038
10688,0.6345118299168863
10689,0.6953210947114279
10690,0.7514173976429613
10691,0.8187856204509294
10692,-0.5997552592718874
10693,-0.26980457658028845
10694,-0.03846254887476926
10695,0.17765969417494615
10696,0.30617261321671546
10697,0.4152512222313973
10698,0.54815404889201
10699,0.669255788151049
10700,0.7316142024645567
10701,0.7952307422336129
10702,0.8624854956306864
10703,-0.6068939949782917
10704,-0.27963914238466414
10705,-0.01729036917850135
10706,0.20910577421279114
10707,0.3384172146120977
10708,0.440436688249095
10709,0.5785784384458714
10710,0.6950305438698974
10711,0.7589694396769873
10712,0.8223023081896885
10713,0.8953235477420294
10714,-0.6407871184885732
10715,-0.29368884251444616
10716,-0.022674934626594864
10717,0.20477165003302605
10718,0.33557006831571223
10719,0.4518963901384132
10720,0.5811087238060326
10721,0.7061530713408402
10722,0.7716269910732104
10723,0.8364538295913042
10724,0.913101293739192
10725,-0.6912259784606885
10726,-0.31511742234349205
10727,-0.04860162845712375
10728,0.1892599522785335
10729,0.3293108396382102
10730,0.44664911708469535
10731,0.5835328836640091
10732,0.7170333637970412
10733,0.7914076188195449
10734,0.8667161158904995
10735,0.9354807505903004
10736,-0.7125944346299562
10737,-0.3208524603842784
10738,-0.05033652112862714
10739,0.1976300998175336
10740,0.33586067150696924
10741,0.4567088459152469
10742,0.5955633294747567
10743,0.7351853854924846
10744,0.8106231397540613
10745,0.8869232519086108
10746,0.9560197220160638
10747,-0.7641871823184792
10748,-0.3431202466303228
10749,-0.06429049572762909
10750,0.1866289697156369
10751,0.3378080043163715
10752,0.45980282822561
10753,0.6041761234718134
10754,0.7361574509126865
10755,0.810774365368182
10756,0.8709362833802552
10757,0.9420006578592407
10758,-0.7826635065282328
10759,-0.39998141320389097
10760,-0.11986320366425318
10761,0.13186656362500043
10762,0.29474381755428086
10763,0.4245992778628084
10764,0.5709778081031598
10765,0.7095718595761071
10766,0.7883834669474459
10767,0.8632765094095505
10768,0.9346823042275234
10769,-0.7604518774395468
10770,-0.4201810181578363
10771,-0.14095344802939824
10772,0.11828629522490869
10773,0.2907238795195979
10774,0.4244668930426223
10775,0.5769419566699512
10776,0.7175080661180415
10777,0.8017625834284363
10778,0.8820438504560134
10779,0.9571140734312216
10780,-0.6484244236538388
10781,-0.21115203764014492
10782,0.07559561848084902
10783,0.2980740693105911
10784,0.43270648875027373
10785,0.5897437088744942
10786,0.7394162173055563
10787,0.8311523385743083
10788,0.915996493617574
10789,0.9940194109586551
11916,0.7961257646718637
11917,0.8878248725903845
11918,0.9444531082995196
11919,0.8234985308242987
11920,0.9575321855293224
11921,1.0740454106954676
11922,0.8125581718950712
11923,0.9498135510261564
11924,1.0688816120209714
11925,0.8182432515487491
11926,0.96118693945956
11927,1.084160265249836
11928,0.7680199379312437
11929,0.92132074223982
11930,1.0737945575617387
