id,log_k
0,1.2252295017242432
1,1.1605969667434692
2,1.0997225046157837
3,1.0238564014434814
4,0.9345991015434265
5,0.8444571495056152
6,0.7386859655380249
7,0.6150277853012085
8,0.47488468885421753
9,0.3156057298183441
10,0.12888947129249573
11,-0.10189332813024521
12,0.8968289494514465
13,0.8281842470169067
14,0.75709468126297
15,0.6762703061103821
16,0.5771838426589966
17,0.4771748185157776
18,0.35574302077293396
19,0.22289255261421204
20,0.06774649769067764
21,-0.10335507243871689
22,-0.3202590346336365
404,-0.32203011395518155
405,-0.3128869654847187
406,-0.3189718848078221
407,-0.34063256343689374
408,-0.3912886768891188
409,-0.4642770768781754
410,-0.5753551228859222
411,-0.7770038229691066
412,-1.0520584637143595
413,-1.1328678131103516
414,-1.3242418766021729
415,-1.414771318435669
416,-1.4560062885284424
417,-1.4618781805038452
418,0.6741318004306895
419,0.7264356822031399
420,0.7576899749600687
421,0.7743909625259024
422,0.7881371479747374
423,0.8042122220034056
424,0.810783465483323
425,0.6976766017750764
426,0.6169265660849547
427,0.5091331670445033
428,0.3793110596121252
429,0.24571846040876294
430,0.10972560089967136
431,0.005551648326218128
432,0.09394660042895346
433,0.13790380516117168
434,0.11867099046361157
435,0.07819369928291643
436,0.01983617234361419
437,-0.020758177200970923
438,-0.1359569318307831
439,-0.3427889735841668
440,-0.2155008763074875
441,-0.2854038178920746
442,-0.34309545159339905
443,-0.3723528981208801
444,-0.41580209136009216
445,-0.5009270906448364
446,0.49015265703201294
447,0.9193964612109964
448,0.9442707408718978
449,0.9640635486918003
450,0.9872675971336006
451,0.9802901635525059
452,1.027870487977599
453,1.0103345993265114
454,0.9035612375996016
455,0.7868867850569812
456,0.6449976777158817
457,0.5246964377879217
458,0.4058485691521081
459,0.2836323076125982
460,-0.09468374401330948
461,-0.045389603823423386
462,-0.022838830947875977
463,-0.018131112679839134
464,-0.02555079385638237
465,-0.0402645580470562
466,-0.0633666068315506
467,-0.09318070113658905
468,-0.12884488701820374
469,-0.1716620922088623
470,-0.22189798951148987
471,-0.27777010202407837
472,-0.3389698565006256
473,-0.39588913321495056
474,-0.4504169523715973
475,-0.5047659277915955
476,0.6512234277293247
477,0.2987780743266405
478,0.6972871481073628
479,0.6157765884249485
480,0.727394685833535
481,0.6289240193463215
482,0.5313980662273721
483,0.46073479403623985
484,0.5807331142243661
485,0.4326877707439362
486,0.09314560608205319
487,-0.5132633753314659
488,-1.2708022599130437
489,0.397019710587409
490,0.3847189497987782
491,0.32439376240935647
492,-0.23287853598594666
493,-0.18563151359558105
494,-0.16659101843833923
495,-0.16658863425254822
496,-0.179874986410141
497,-0.19812388718128204
498,-0.22220763564109802
499,-0.24965596199035645
500,-0.28172022104263306
501,-0.3147340416908264
502,-0.3535188138484955
503,-0.39351993799209595
504,-0.4356776177883148
505,-0.4770747721195221
506,-0.5317649245262146
507,-0.6083970665931702
508,0.6830464601516724
509,0.5852943245674038
510,0.40977944159156166
511,0.5537834169919305
512,0.5655313279482406
513,0.43022448125416246
514,0.26193644772849534
515,0.3247731266703286
516,0.44562666332462186
517,0.2978583533787492
518,-0.009431632206157108
519,-0.6185935686064925
520,-1.3741849668104689
521,0.33793346995157614
522,0.2708453892221132
523,0.21199415475863392
524,-0.3179885745048523
525,-0.08402645239279961
526,-0.08663136532899209
527,-0.099269498935428
528,-0.14933015019874707
529,-0.2359815990335501
530,-0.3533639882588917
531,-0.5689269959905197
532,-0.37184157967567444
533,-0.4914962649345398
534,-0.5762625336647034
535,-0.6010212898254395
536,-0.6174527406692505
537,-0.6551679372787476
538,0.7681270207741103
539,0.8420315194760114
540,0.8628173643147264
541,0.8670029194077784
542,0.8539428188733262
543,0.902769848212622
544,0.9099114947781313
545,0.8419233848657801
546,0.7610854800085709
547,0.6541215211437664
548,0.5284596152886847
549,0.41231565548411075
550,0.3028617656573167
551,0.18110725137892572
552,-0.46609950065612793
553,0.09450026678295391
554,0.12932511126070867
555,0.12574274718859288
556,0.11526651281009431
557,0.08510462284237574
558,0.008678261902529759
559,-0.05999949782315153
560,-0.13943731708488952
561,-0.26976483461966405
562,-0.5491911356144461
563,-0.2431296855211258
564,-0.28755664825439453
565,-0.3232504427433014
566,-0.3633808195590973
567,-0.3923189043998718
568,0.4105331301689148
569,0.8309113409246505
570,0.901721692005282
571,0.9370723424741771
572,0.9787290997511058
573,0.9993242139721986
574,0.9574588915948421
575,1.0007724524037274
576,1.0276237755691509
577,0.9391572968513602
578,0.9241127443901831
579,0.8522226532907631
580,0.7770684908094783
581,0.7031543685483412
582,0.5640465693383401
583,0.25349424428776013
584,-0.24512693670165772
585,-0.23092479612019218
586,-0.24710756385605037
587,-0.28439088353989406
588,-0.35348302333440196
589,-0.41259782062047046
590,-0.5485411782499473
591,-0.7033512433374521
592,-0.6660854816436768
593,-0.842812716960907
594,-0.9658991098403931
595,-1.0008503198623657
596,-0.9956566095352173
597,0.6947669411271096
598,0.7575193185191347
599,0.7861208440286802
600,0.8009600303008763
601,0.7863061920856445
602,0.8258625836081375
603,0.7909892876174263
604,0.7587716870664172
605,0.6881307583428904
606,0.588306187948137
607,0.4587509370431066
608,0.3306646110351944
609,0.2039815279012784
610,0.08438878325895909
611,-0.5970168113708496
612,-0.5798121690750122
613,-0.5798876285552979
614,-0.5967078804969788
615,-0.6264782547950745
616,-0.6667150259017944
617,-0.7160760164260864
618,-0.7742317318916321
619,-0.840837836265564
620,-0.9218137860298157
621,-1.0139496326446533
622,-1.0835288763046265
623,-1.1377347707748413
624,-1.1697485446929932
625,-1.2124099731445312
626,-1.2744042873382568
627,0.5228726339650143
628,0.4554804190092059
629,0.47547853584108446
630,0.5198972357752504
631,0.5388527767247648
632,0.4160569767463278
633,0.38418910283034363
634,0.3335583215657493
635,0.4523888057576927
636,0.2508929367686994
637,-0.11915388986559883
638,-0.4051659220572336
639,-0.8754581587845822
640,0.23238837904390303
641,0.1437998618627517
642,0.06637340775528164
841,0.7016269729207604
842,0.7744748196992977
843,0.8444624020822895
844,0.911795290410945
845,0.9767031408536309
846,1.0322327024020685
847,1.0778776021344532
848,1.171360424215227
849,1.1495774341352694
850,1.1135969162616008
851,1.0867466970114514
852,1.057333923700649
853,1.0154064825063467
854,0.9594154124811876
855,0.5620263860944391
856,0.6445186994867244
857,0.7302225259029763
858,0.8056126809912459
859,0.8832861943662152
860,0.9454752999787679
861,0.9986579013580352
862,1.0978113595629422
863,1.0793178683493196
864,1.0458274092122133
865,1.0218912662760098
866,0.9947006072997251
867,0.9537321069575855
868,0.8981972156999127
869,0.3977213625460636
870,0.49383826605542647
871,0.5956112191750439
872,0.685622206476935
873,0.777457391149862
874,0.8502860782746101
875,0.9117812273013994
876,1.0125655736291617
877,0.998906208763214
878,0.9688424440601456
879,0.9482809867487147
880,0.9225846746895481
881,0.8852250472880485
882,0.8301527934797255
883,0.19832835471380506
884,0.31197889072456964
885,0.42984623838012276
886,0.5398295983740529
887,0.6503093558812848
888,0.737335016119207
889,0.8058462612196315
890,0.9158541753375815
891,0.907266265698365
892,0.8819917392575787
893,0.8634613524441588
894,0.8415770193406003
895,0.8066182073859727
896,0.7538531029681396
897,-0.017446152078697923
898,0.1160996716394391
899,0.25402158312597767
900,0.38974375805058437
901,0.5190895814563341
902,0.626012449541665
903,0.7081311670420382
904,0.8088985112122761
905,0.8061804060324882
906,0.7899494382308354
907,0.7753212719399849
908,0.7512207266614706
909,0.7187866891889472
910,0.6673627668202589
911,-0.3096344536668102
912,-0.14780669333417712
913,0.023361520614390487
914,0.18845806390396647
915,0.338679487459447
916,0.4712203982030364
917,0.5675647839414181
918,0.6776253021168186
919,0.6839722849612215
920,0.6728728188127721
921,0.665077125116263
922,0.6462076775376207
923,0.6153880655252453
924,0.5682567450944427
925,-0.6697296593871332
926,-0.46743716108885813
927,-0.25817077362645
928,-0.0520545672664607
929,0.1331694657254845
930,0.29181575806639026
931,0.4127684542179172
932,0.5218951443950939
933,0.5388015210437652
934,0.5359420969042525
935,0.5335057975303268
936,0.5205126227266246
937,0.49451173641811386
938,0.45070483829070684
939,-1.1442927276414394
940,-0.8865599517048988
941,-0.6251512449391663
942,-0.3629881335246834
943,-0.13033483987300915
944,0.06541650926507826
945,0.2136525908818464
946,0.32844000374864113
947,0.35976756591606246
948,0.36561536948275253
949,0.37261999644513627
950,0.36616358659207016
951,0.3465067421561605
952,0.3088653185719424
953,-1.7569563541852626
954,-1.4299324639208102
955,-1.086383680012994
956,-0.757607269137712
957,-0.46142406949327097
958,-0.22720904473063464
959,-0.03922913549434463
960,0.08972169101293312
961,0.13768912017373838
962,0.14970043888217616
963,0.16874086474728778
964,0.17318011190406468
965,0.15751488344111292
966,0.12656809759755067
967,-1.0813125371932983
968,-1.0711954832077026
969,-1.7018285022869546
970,-1.283646915314155
971,-0.9007061155891212
972,-0.6151101999255201
973,-0.3644225827097346
974,-0.19935616620415977
975,-0.13016392474022792
976,-0.10295231971776375
977,-0.07592518333924188
978,-0.06097179351415474
979,-0.06050109467232784
980,-0.09033747321934196
981,-1.4373136758804321
982,-1.4324028491973877
983,-1.3918005228042603
984,-1.3024924993515015
985,-1.1157859563827515
986,-1.0929314173814006
987,-0.9248974841783963
988,-0.623712147962511
989,-0.5156581105219485
990,-0.4350152119456969
991,-0.3966041933097054
992,-0.3851637058606111
993,-0.3716320886447391
994,-0.38122045636313273
995,-1.878170371055603
996,-1.8796827793121338
997,-1.8431193828582764
998,-1.7504465579986572
999,-1.5465145111083984
1000,-1.5237245557103223
1001,-1.1675998352747805
1002,-0.9556070024818463
1003,-0.8274389144439463
1004,-0.7233529529793375
1005,-0.6459029396270729
1006,-0.6018987747550015
1007,-0.5735835725666578
1008,-0.5681112360463411
1009,-2.0
1010,-2.0
1011,-2.0
1012,-1.7791515588760376
1013,-1.531691074371338
1014,-1.3688715919429584
1015,-1.1857752843210132
1016,-1.0292176282885896
1017,-0.912505440362428
1018,-0.8328593457426714
1019,-0.7808499538892533
1020,-0.7529243405660722
1041,0.5712358355522156
1042,0.8194302302298715
1043,0.8891528865497889
1044,0.9551945714926333
1045,1.0260821645984644
1046,1.087015057025635
1047,1.1387297235191185
1048,1.1366779832669711
1049,1.135599236603706
1050,1.1251248905328755
1051,1.1093002948914406
1052,1.063158740127407
1053,1.0159691490659606
1054,0.9540546526541149
1055,0.4821670651435852
1056,0.6867483342920977
1057,0.7713608953629367
1058,0.8467467490773342
1059,0.9306320763602685
1060,0.9986625845328414
1061,1.0585573430063695
1062,1.0622775769955004
1063,1.0645643878857292
1064,1.05676836672155
1065,1.043829441940614
1066,0.9997498877627314
1067,0.953568119031575
1068,0.8923002844384479
1069,0.38211509585380554
1070,0.5423607475417509
1071,0.642870383065324
1072,0.7333056490204666
1073,0.8328285289245063
1074,0.9101338189644812
1075,0.9803536989804531
1076,0.9792821532753649
1077,0.9880613671691396
1078,0.9839445210862774
1079,0.9736394704631556
1080,0.9315864354826939
1081,0.8885525438894123
1082,0.8272580223695225
1083,0.2701287567615509
1084,0.3597347837669431
1085,0.47677090467967564
1086,0.5866788412782091
1087,0.7072293843972624
1088,0.7989126136045694
1089,0.8771176148305451
1090,0.8853045513281439
1091,0.8982916213962242
1092,0.901071706999166
1093,0.8922872588163548
1094,0.8537677934414389
1095,0.8136268348077338
1096,0.7528382858486348
1097,0.14393290877342224
1098,0.16467633297547013
1099,0.3019633795780329
1100,0.436564940324353
1101,0.5793541661347809
1102,0.6919729339142612
1103,0.7843583898132658
1104,0.7834637738707967
1105,0.8018111793138629
1106,0.8126556783879461
1107,0.800819730863628
1108,0.7666460275047728
1109,0.7288646566125545
1110,0.6701297789285523
1111,0.002176618669182062
1112,-0.10080631832880271
1113,0.06927487483289074
1114,0.2336464209200691
1115,0.4007602597350802
1116,0.5406717134645576
1117,0.6473996929823704
1118,0.655283306899956
1119,0.6828338502041787
1120,0.6992827188794344
1121,0.6941189921421995
1122,0.6643423545425169
1123,0.6288439131865075
1124,0.5737736786017901
1125,-0.16173842549324036
1126,-0.4313087235532006
1127,-0.22220058024476866
1128,-0.017726423387985798
1129,0.18829879825251428
1130,0.35912021840185304
1131,0.4886686751494749
1132,0.5002370398329965
1133,0.540477666684869
1134,0.565194604291708
1135,0.5655255578207792
1136,0.5414608344302353
1137,0.51057933681746
1138,0.46023146691560435
1139,-0.34930285811424255
1140,-0.863964370786986
1141,-0.6017662989066035
1142,-0.3426869824824411
1143,-0.08366242832746057
1144,0.1282752287061638
1145,0.28560486583546546
1146,0.311910698085899
1147,0.3664556828510641
1148,0.4001421763785348
1149,0.40926909771684605
1150,0.3919020201413197
1151,0.3673764537306019
1152,0.3243658258425741
1153,-0.5684431791305542
1154,-1.433820017413835
1155,-1.091496074061317
1156,-0.7644687510505007
1157,-0.4357348752222505
1158,-0.16971442284048274
1159,0.017947893865462333
1160,0.069994717903361
1161,0.14279002539243107
1162,0.18232919523778202
1163,0.2047477892087764
1164,0.1981946249179471
1165,0.1784244746356764
1166,0.14299484553400216
1167,-0.8250215649604797
1168,-0.8510831594467163
1169,-0.8526633977890015
1170,-1.3088155162254576
1171,-0.8852566048355222
1172,-0.5538032444149439
1173,-0.310005277011139
1174,-0.2214420742074083
1175,-0.12310641006383527
1176,-0.07137509147474233
1177,-0.041876903189382315
1178,-0.03650964866757575
1179,-0.04261104735376092
1180,-0.07691268893251219
1181,-1.1731171607971191
1182,-1.1812524795532227
1183,-1.1383609771728516
1184,-0.976711094379425
1185,-1.0651715304458358
1186,-0.8777366201458667
1187,-0.6575208288416121
1188,-0.517647275482815
1189,-0.4307284167734775
1190,-0.3914516813491242
1191,-0.36847844557234816
1192,-0.34507899991460933
1193,-0.35603017882900867
1194,-1.5686290264129639
1195,-1.584821105003357
1196,-1.5457851886749268
1197,-1.3740594387054443
1198,-1.1243839263916016
1199,-1.0753640440785275
1200,-0.915289601355188
1201,-0.7634184645629009
1202,-0.6549269977516414
1203,-0.5746497534810285
1204,-0.5351348295315483
1205,-0.5121846469135809
1206,-0.5079033577518182
1207,-2.0
1208,-2.0
1209,-2.0
1210,-1.873758316040039
1211,-1.5926470756530762
1212,-1.3584554195404053
1213,-1.2994414209923033
1214,-1.0967708477115503
1215,-0.9274672507889297
1216,-0.8167589202542366
1217,-0.7349119476328125
1218,-0.687552150602299
1219,-0.6577636310385468
1239,0.772708814766234
1240,0.8394220261770846
1241,0.9010808202206204
1242,0.9643380804897984
1243,1.0290705427393336
1244,1.0846094083202793
1245,1.1206961514310967
1246,1.1413798170161398
1247,1.163496749319037
1248,1.1015720550698045
1249,1.1034868544315013
1250,1.0788954995850493
1251,1.0385603671199881
1252,0.9665505762048008
1253,0.6319344895053283
1254,0.7082541412911145
1255,0.7849473441114136
1256,0.8564253701789748
1257,0.9336715115575818
1258,0.9956130657551481
1259,1.0390989679194331
1260,1.0656012824122285
1261,1.091085741579664
1262,1.0316262553568831
1263,1.0365624424883433
1264,1.0145679670368346
1265,0.9753602509058825
1266,0.9039842734941094
1267,0.4798296357178893
1268,0.5692299481906559
1269,0.6612049226204496
1270,0.7475156963940625
1271,0.8391843274205989
1272,0.9106922885150209
1273,0.9622964676447099
1274,0.9823345873752305
1275,1.0143384715463648
1276,0.9581841387253607
1277,0.9667148992239474
1278,0.9452878091406319
1279,0.9106673764024916
1280,0.8399469771300956
1281,0.2855119858030356
1282,0.39134713480253724
1283,0.4985370320369209
1284,0.6049434531430129
1285,0.7163391726604114
1286,0.8007200019731332
1287,0.8593740699931354
1288,0.8888639862860392
1289,0.9244492240523521
1290,0.8759986376629769
1291,0.8850671667498503
1292,0.8675237433969729
1293,0.8357911743402049
1294,0.7681561500534625
1295,0.07706929911158503
1296,0.2018094437028068
1297,0.3281683680876779
1298,0.46017205118307447
1299,0.592144305371066
1300,0.6962530701077676
1301,0.7688351837032843
1302,0.7892710751163546
1303,0.8224075107803169
1304,0.7887359329329369
1305,0.8035975459432825
1306,0.7813039900732472
1307,0.7524523560116585
1308,0.6867357556537896
1309,-0.208288042332336
1310,-0.05604350669164847
1311,0.10231661078109242
1312,0.2639251433521151
1313,0.41834530389520486
1314,0.5484861859767132
1315,0.6346665320290037
1316,0.6640197803503289
1317,0.7055840208978337
1318,0.6770986909895034
1319,0.6982890718315804
1320,0.6818249502126147
1321,0.6538089084431388
1322,0.5937615368947938
1323,-0.5677508064117391
1324,-0.37586394922847605
1325,-0.1809493390303212
1326,0.021613420595464346
1327,0.21240331765109996
1328,0.3716114142241287
1329,0.4799052855568087
1330,0.5128160938949204
1331,0.5663571354895018
1332,0.546466179421738
1333,0.5723018223040142
1334,0.5614181706048047
1335,0.5383786194628717
1336,0.48251503087113123
1337,-1.0401150713623142
1338,-0.7941488092914188
1339,-0.550008980206086
1340,-0.29251777988302696
1341,-0.052952635401151485
1342,0.14473328851925993
1343,0.2763805436080835
1344,0.32847116768342544
1345,0.39554633270743117
1346,0.38474283310825513
1347,0.4194992947679669
1348,0.4138388177422776
1349,0.3974914610680197
1350,0.3485466895555799
1351,-1.6598460833197586
1352,-1.3464146215810695
1353,-1.024999751350217
1354,-0.7027393431594685
1355,-0.39888741486513446
1356,-0.15077573213165496
1357,0.010360003617761286
1358,0.09007166668775052
1359,0.1746819770938815
1360,0.1698903325819793
1361,0.21685779961275709
1362,0.22406002822279814
1363,0.21014330997753394
1364,0.16922052611282035
1365,-0.6642484664916992
1366,-0.6770697236061096
1367,-0.6752535700798035
1368,-1.2317569650360505
1369,-0.8401139388596197
1370,-0.531061122153467
1371,-0.3155420797750734
1372,-0.19807911706285106
1373,-0.08736021410235564
1374,-0.07996216155213877
1375,-0.024824807766308743
1376,-0.010691049404614916
1377,-0.0065483993874280964
1378,-0.04558042909400055
1379,-0.9565990567207336
1380,-0.9750515818595886
1381,-0.9806692004203796
1382,-0.9468921422958374
1383,-0.8233541250228882
1384,-1.0327797543461843
1385,-0.8692129954431572
1386,-0.622924434968957
1387,-0.48278199874273275
1388,-0.4190041413747553
1389,-0.3579584206368436
1390,-0.3320870975014695
1391,-0.29955972150155874
1392,-0.3138491708374674
1393,-1.3131599426269531
1394,-1.3382900953292847
1395,-1.3531453609466553
1396,-1.3268531560897827
1397,-1.199841022491455
1398,-1.010577917098999
1399,-1.0595712044668264
1400,-0.873414503083977
1401,-0.7351077123122683
1402,-0.6147836726055678
1403,-0.5400978534249211
1404,-0.4865457209108408
1405,-0.45760628746273796
1406,-0.4542027826126439
1407,-1.7910168170928955
1408,-1.8176511526107788
1409,-1.801358938217163
1410,-1.6703990697860718
1411,-1.4608352184295654
1412,-1.267765998840332
1413,-1.2592653368439524
1414,-1.0653618007435741
1415,-0.8917104990686557
1416,-0.7772675563622861
1417,-0.6914890676566683
1418,-0.6332671323190637
1419,-0.5998212751305183
1442,0.7608694434165955
1443,0.9123117024053683
1444,0.9669282070334251
1445,1.0230337742646758
1446,1.0828381761698775
1447,1.1365874587892126
1448,1.180302676881201
1449,1.2105096464440075
1450,1.2308360751185194
1451,1.1651911928354766
1452,1.165968440497757
1453,1.1443840747471772
1454,1.1184952863582822
1455,1.0489841116927183
1456,0.6785692572593689
1457,0.7808761982456898
1458,0.8498478133634512
1459,0.9145450209821042
1460,0.9860433985788231
1461,1.0468548840776146
1462,1.0973875838467757
1463,1.133777015293219
1464,1.1580542417216617
1465,1.0948136798423813
1466,1.0986564364285103
1467,1.0795026556524414
1468,1.054980530237438
1469,0.9864612397120628
1470,0.5864197015762329
1471,0.6442135073462143
1472,0.7278902650770427
1473,0.8067467629143945
1474,0.8927685319491128
1475,0.9632010985456818
1476,1.0218166042270882
1477,1.0706708455656904
1478,1.0845116167715982
1479,1.0211001213824948
1480,1.0284490983354915
1481,1.0120840710399346
1482,0.9907862261514935
1483,0.9233146153180776
1484,0.4836532473564148
1485,0.4698050883492519
1486,0.568671871747697
1487,0.6662154795191542
1488,0.7718959873955598
1489,0.8558779717854325
1490,0.9221993710186791
1491,0.9803752064711148
1492,0.9983669090230708
1493,0.9426892364648611
1494,0.9517001954620676
1495,0.9395130784825254
1496,0.9208574335974682
1497,0.8555750566731715
1498,0.3683214485645294
1499,0.27961819520121833
1500,0.39761536853703283
1501,0.5191385197748248
1502,0.6456397059826606
1503,0.7489250832535096
1504,0.8302972914142326
1505,0.8838005002516174
1506,0.896371700002351
1507,0.8575833862681199
1508,0.8697793940516889
1509,0.856928177145677
1510,0.8370992663112622
1511,0.7740762505508085
1512,0.23936708271503448
1513,0.027297712145346514
1514,0.17671626004663968
1515,0.3271785645199991
1516,0.4768121332201256
1517,0.604432630031579
1518,0.7022170956873437
1519,0.7653601390015192
1520,0.786410677535416
1521,0.752361840377813
1522,0.7706216565840109
1523,0.7630022376536734
1524,0.7449961453457541
1525,0.6867460937885144
1526,0.09104354679584503
1527,-0.28956036810014507
1528,-0.10349105701504198
1529,0.0865431258145362
1530,0.2730040249945651
1531,0.4298052423774631
1532,0.5510378048615341
1533,0.616800556625349
1534,0.6526752128713909
1535,0.627020760332081
1536,0.6500481590996265
1537,0.64739236469638
1538,0.6340325292034442
1539,0.5803139541242432
1540,-0.0776439681649208
1541,-0.7088741696051696
1542,-0.47284469185205874
1543,-0.22978845921512042
1544,0.005752184726080689
1545,0.20142650844779939
1546,0.34996239623742925
1547,0.4341161646481706
1548,0.48606387934477896
1549,0.469080240332742
1550,0.5008838193990472
1551,0.5037135473644785
1552,0.4960584243534025
1553,0.4489057432109901
1554,-0.2733316421508789
1555,-1.26325653901747
1556,-0.9497390304739225
1557,-0.6421025541209201
1558,-0.3434458173016155
1559,-0.0965186631222395
1560,0.08484163964721277
1561,0.19939343616783456
1562,0.27155261356451627
1563,0.259365074758218
1564,0.3047318992512613
1565,0.31669268847021753
1566,0.3132181558609908
1567,0.2721650590964103
1568,-0.5005401968955994
1569,-0.48976626992225647
1570,-0.480396032333374
1571,-1.189763524781216
1572,-0.804914463906207
1573,-0.4940602975678554
1574,-0.25744479222346933
1575,-0.10406702191668168
1576,-0.0023733342666568975
1577,0.005909846505602891
1578,0.06486751304795735
1579,0.08408108240490131
1580,0.09457373690959374
1581,0.060073243569900424
1582,-0.7766838073730469
1583,-0.7690969109535217
1584,-0.765658974647522
1585,-0.743587851524353
1586,-0.6584775447845459
1587,-0.9828853480247803
1588,-0.7649885989275014
1589,-0.5225996371749675
1590,-0.37783072826874536
1591,-0.3219713995380625
1592,-0.2483028027854201
1593,-0.21958841099384144
1594,-0.1886760028213984
1595,-0.19231629728016292
1596,-1.111797571182251
1597,-1.1078543663024902
1598,-1.1118676662445068
1599,-1.0976353883743286
1600,-1.0132486820220947
1601,-0.8737924695014954
1602,-1.0014463794702904
1603,-0.7726240585298496
1604,-0.6448103453957281
1605,-0.5281087017340997
1606,-0.44657041966949396
1607,-0.39271992613894047
1608,-0.3606138737769824
1609,-0.35014097276341094
1610,-1.5271427631378174
1611,-1.5273659229278564
1612,-1.5410102605819702
1613,-1.5374336242675781
1614,-1.4548652172088623
1615,-1.302833080291748
1616,-1.1361496448516846
1617,-1.0010623931884766
1618,-0.9837520684511597
1619,-0.812969139344208
1620,-0.692181834700294
1621,-0.6061862545301893
1622,-0.5435565841342564
1623,-0.5013824242298646
1646,0.8570080460920355
1647,0.921351751292518
1648,0.9694882822952524
1649,1.0229772542262947
1650,1.0817850731670366
1651,1.1369300655958434
1652,1.2032108846674219
1653,1.206359497884948
1654,1.1767742871157647
1655,1.1751643659500677
1656,1.1267663593226196
1657,1.103725841319454
1658,1.075941232183566
1659,0.9567016363143921
1660,0.7171320986310592
1661,0.7915298230260552
1662,0.8541116303681258
1663,0.9160835187554721
1664,0.9878892680728508
1665,1.0495473469562155
1666,1.1233509712534224
1667,1.1324850379172098
1668,1.1063214251513298
1669,1.1074640098570914
1670,1.0620624671248906
1671,1.0413252914160132
1672,1.0143913810120604
1673,0.8893462419509888
1674,0.5673917693125378
1675,0.6557258755872688
1676,0.733298693714854
1677,0.8098354721738936
1678,0.8974830374524676
1679,0.9691916453831078
1680,1.0509695108240593
1681,1.0535622270397105
1682,1.0345487346706543
1683,1.0368372887945725
1684,0.9936137631683828
1685,0.9757552017826473
1686,0.9524375773540035
1687,0.8141173124313354
1688,0.3839023544048621
1689,0.49056640424443687
1690,0.5837094466579101
1691,0.6795315202130929
1692,0.7874471161990715
1693,0.8736859197473437
1694,0.9629101212488677
1695,0.9749213677567525
1696,0.9596259621413349
1697,0.9750232591603443
1698,0.932382078703207
1699,0.9182267036783103
1700,0.8919553908899536
1701,0.7304544448852539
1702,0.18393661514902238
1703,0.31158991529064717
1704,0.42393919889341825
1705,0.5445482368430241
1706,0.6724249015193293
1707,0.7796738492575661
1708,0.8839485255205898
1709,0.8896864012139403
1710,0.883464155743056
1711,0.907781063729775
1712,0.8747525158434624
1713,0.8609995010330036
1714,0.8332874670502535
1715,0.6368544697761536
1716,-0.09157396470388214
1717,0.06549363411156682
1718,0.20899964222893702
1719,0.3588734502015227
1720,0.5090437909463683
1721,0.642433371550496
1722,0.7623649598879071
1723,0.7818322765587722
1724,0.7924381279265814
1725,0.8209168592742837
1726,0.8003804223461806
1727,0.7916655204690217
1728,0.7594122898395471
1729,0.5325642228126526
1730,-0.4329793725347101
1731,-0.23383579223740442
1732,-0.05434475070301114
1733,0.13647479334293075
1734,0.3234753252643977
1735,0.4861089807451426
1736,0.630647835257396
1737,0.653119585334451
1738,0.6821900315312094
1739,0.7183293820789616
1740,0.7020769236766224
1741,0.6982042282476961
1742,0.6702498700310957
1743,0.41308537125587463
1744,-0.8954310131332277
1745,-0.637541647558983
1746,-0.40857374610081165
1747,-0.16259974909663644
1748,0.07364243244719869
1749,0.2758448266487828
1750,0.4519352185368156
1751,0.4901637295291251
1752,0.5346888334361102
1753,0.5813029949797993
1754,0.573320268336508
1755,0.5745883115508694
1756,0.5518251211341942
1757,0.27781984210014343
1758,-1.514881490555025
1759,-1.1830398590725009
1760,-0.8763428505689279
1761,-0.5639885570253529
1762,-0.2627091609967287
1763,-0.007285820189625758
1764,0.20461618392761682
1765,0.27114938930492055
1766,0.3270178822859098
1767,0.381661657923155
1768,0.3855616783664377
1769,0.3997667637203023
1770,0.3793927660808623
1771,0.12172456085681915
1772,-0.374342679977417
1773,-0.3354571759700775
1774,-0.31441250443458557
1775,-1.0956586212467299
1776,-0.7050083926200487
1777,-0.38421697300358837
1778,-0.10967873283863308
1779,-0.011156583895365427
1780,0.06683558549114514
1781,0.1414482641253725
1782,0.15781091270634437
1783,0.18099843004750302
1784,0.17684022086678605
1785,-0.058411501348018646
1786,-0.6390962600708008
1787,-0.6008747816085815
1788,-0.5838563442230225
1789,-0.5588940978050232
1790,-0.4797284007072449
1791,-0.8408331636560072
1792,-0.6185524654889648
1793,-0.3834148801456006
1794,-0.27526870039421375
1795,-0.16050285648084528
1796,-0.1340423281399642
1797,-0.09716275607348786
1798,-0.0708011867823571
1799,-0.2757551074028015
1800,-0.9594085812568665
1801,-0.9218462109565735
1802,-0.9100086092948914
1803,-0.8906068801879883
1804,-0.8089272379875183
1805,-0.6822100877761841
1806,-0.9276622240329442
1807,-0.7656136330268284
1808,-0.6368453096804042
1809,-0.5209249572366157
1810,-0.44823932019433155
1811,-0.3945382256019356
1812,-0.36977099436823613
1813,-0.5371779203414917
1814,-1.3549362421035767
1815,-1.3179748058319092
1816,-1.313030481338501
1817,-1.3014119863510132
1818,-1.2173242568969727
1819,-1.0755611658096313
1820,-0.9296911954879761
1821,-1.0967121711414403
1822,-0.9237309148832977
1823,-0.7602036004222321
1824,-0.6486637313802621
1825,-0.5639793186471642
1826,-0.5128658009872062
1827,-0.8576515913009644
1853,0.8489363789558411
1854,0.9335347378297647
1855,0.9875370070438917
1856,1.0436179943968273
1857,1.1108880953022169
1858,1.17182252814266
1859,1.15820950685643
1860,1.2353324794053293
1861,1.21066067140418
1862,1.1895779349613447
1863,1.1497800959970101
1864,1.0915515636695854
1865,1.0870618800857175
1866,0.8568000793457031
1867,0.7719277143478394
1868,0.800546285781637
1869,0.8700748473063709
1870,0.9356696088384442
1871,1.0181785773746115
1872,1.0858739055772149
1873,1.0797541844920935
1874,1.162932523890115
1875,1.1420314742395345
1876,1.1239059485325544
1877,1.0869670432494336
1878,1.0306638708048181
1879,1.026908778532053
1880,0.790503978729248
1881,0.6858367919921875
1882,0.6706139097682478
1883,0.7573172783435864
1884,0.8383060458104146
1885,0.939591539064289
1886,1.0185594519469157
1887,1.019822050151617
1888,1.096721226738602
1889,1.0736576022776365
1890,1.0556869365986579
1891,1.0208363131139913
1892,0.9679090445317817
1893,0.9667276870816102
1894,0.71653813123703
1895,0.589993417263031
1896,0.5152149574028778
1897,0.620561406040895
1898,0.7213688057317309
1899,0.8448963028599472
1900,0.9407048167093802
1901,0.9484071767794884
1902,1.0343031812688954
1903,1.0027890144014022
1904,0.9957044799874096
1905,0.9605372491540711
1906,0.9211848026088856
1907,0.9119264453223563
1908,0.6343782544136047
1909,0.4826394021511078
1910,0.3436617712107736
1911,0.47103770231388437
1912,0.5972199213025537
1913,0.7418752402905489
1914,0.8598602958276054
1915,0.88166881549405
1916,0.960894843261853
1917,0.9371889187633067
1918,0.9384747522370744
1919,0.9049454005451356
1920,0.8696930016552411
1921,0.8568450075254859
1922,0.5425825119018555
1923,0.36286506056785583
1924,0.09715822743263672
1925,0.25851274675891056
1926,0.4146030567335157
1927,0.5826696207026602
1928,0.7267112943022063
1929,0.7635406193129366
1930,0.8571521285405547
1931,0.8534097920044152
1932,0.8570687495740288
1933,0.8379386797459892
1934,0.8064393158719636
1935,0.7862173316368657
1936,0.44045543670654297
1937,0.2254384458065033
1938,-0.19492162470969931
1939,0.0057663662036567115
1940,0.20231628495069326
1941,0.40905710092281555
1942,0.5789325119289621
1943,0.6414957142899894
1944,0.740601093311412
1945,0.7669216296490458
1946,0.7779261605457494
1947,0.7629361332267588
1948,0.7360163826806504
1949,0.7056683239181698
1950,0.3236522674560547
1951,0.06958160549402237
1952,-0.6019373740735356
1953,-0.34704824944569
1954,-0.09554836117074812
1955,0.16420213310841947
1956,0.37995281470955977
1957,0.466530158082456
1958,0.5816844299969118
1959,0.6259427232307102
1960,0.6489254023395346
1961,0.64141425602956
1962,0.6198015604233731
1963,0.5943941897326146
1964,0.19167029857635498
1965,-0.1106402650475502
1966,-1.1552453312009108
1967,-0.8153405435971179
1968,-0.49457093846015776
1969,-0.16287613441676915
1970,0.10993272491266176
1971,0.22905951676990557
1972,0.3706507695774881
1973,0.4351843244684865
1974,0.4635501419589184
1975,0.46952133196875984
1976,0.45774979974162733
1977,0.4365034387179211
1978,0.039699483662843704
1979,-0.3191121518611908
1980,-0.25135695934295654
1981,-0.21540232002735138
1982,-1.0251653904575635
1983,-0.5941514460680288
1984,-0.28293047161461105
1985,-0.0758291709338134
1986,0.097224499890344
1987,0.18200324427003814
1988,0.22793576823860895
1989,0.24532963000381555
1990,0.24559122575986364
1991,0.23749400270231705
1992,-0.1352309286594391
1993,-0.5713611245155334
1994,-0.5011577606201172
1995,-0.4676055908203125
1996,-0.44330793619155884
1997,-0.3704252243041992
1998,-0.6748556808841668
1999,-0.5512506129458954
2000,-0.2435288506071487
2001,-0.12329655787254623
2002,-0.0423560499969871
2003,-0.015417678607989958
2004,0.003134240338566019
2005,0.02625087238323731
2006,-0.34565773606300354
2007,-0.8758308291435242
2008,-0.802415668964386
2009,-0.7719743847846985
2010,-0.7516034841537476
2011,-0.6746875047683716
2012,-1.091940892091163
2013,-0.7609059214272182
2014,-0.5786293641024692
2015,-0.4041659809314535
2016,-0.3056497077000667
2017,-0.22688056983978394
2018,-0.18450731799616166
2019,-0.16836370250949478
2020,-0.5978409051895142
2021,-1.25070059299469
2022,-1.1729505062103271
2023,-1.146677851676941
2024,-1.1318695545196533
2025,-1.0504592657089233
2026,-0.9254951477050781
2027,-0.8215924501419067
2028,-0.8723130455834528
2029,-0.6564591961091223
2030,-0.5036869503739235
2031,-0.39762693069454
2032,-0.31329436981795417
2033,-0.26784558113570134
2034,-0.905617356300354
2061,0.9380988292068719
2062,1.0040501942758195
2063,1.0555365892157735
2064,1.109735098873363
2065,1.1750102571738341
2066,1.2381811462629424
2067,1.285239523282794
2068,1.3159462102124182
2069,1.262470270708021
2070,1.2362882388370928
2071,1.2134653268871642
2072,1.16802259802364
2073,1.1576797151642015
2074,0.7939039468765259
2075,0.7947857774645102
2076,0.8695355294113698
2077,0.935600831637453
2078,0.9987168592190926
2079,1.0780647171838869
2080,1.1483578110436679
2081,1.2030319346524263
2082,1.240248263383218
2083,1.1907575906414254
2084,1.1676762054542311
2085,1.1479452091660742
2086,1.104810898132445
2087,1.0953936579564236
2088,0.7287051677703857
2089,0.650735667128157
2090,0.7382594503084341
2091,0.8209677804004305
2092,0.8997797846179072
2093,0.9968394957663069
2094,1.0774347616296325
2095,1.1397810964941457
2096,1.1731154524777638
2097,1.122429259017713
2098,1.1007523206098628
2099,1.0827670142117005
2100,1.0449822137239178
2101,1.0385367833166976
2102,0.6560379266738892
2103,0.4783346038432299
2104,0.5828074156217318
2105,0.6832774254126364
2106,0.7824574445148701
2107,0.9019245345900886
2108,0.9975776711067091
2109,1.0664693683015891
2110,1.1096546079019634
2111,1.0563004472351105
2112,1.0558095139446007
2113,1.0271371787266488
2114,1.0018374383527853
2115,0.9825625243922793
2116,0.5754129886627197
2117,0.289490773429397
2118,0.41342648870338417
2119,0.5345010485186884
2120,0.6583507991599713
2121,0.7988514324761689
2122,0.9165450794850579
2123,0.9997234758438898
2124,1.0413189200458937
2125,0.9905437339583523
2126,1.0019914737343107
2127,0.9760728475477751
2128,0.9501522144196195
2129,0.9239964458540098
2130,0.48544758558273315
2131,0.02856937875007065
2132,0.17961462489005686
2133,0.3321786361802764
2134,0.48385468047342944
2135,0.6461522694354749
2136,0.7907357048568016
2137,0.8892295222680652
2138,0.9462942046515335
2139,0.9156687543888747
2140,0.9312283525540265
2141,0.9138508098926934
2142,0.8858832161503845
2143,0.8561507847867146
2144,0.3855002522468567
2145,-0.2958816026817704
2146,-0.1054206983836773
2147,0.0831504723293835
2148,0.27340865931648883
2149,0.4720365393236952
2150,0.6467252441165556
2151,0.7698608528386077
2152,0.8410931549245655
2153,0.8382957101968469
2154,0.8619714802504903
2155,0.8487684553886514
2156,0.8249879584792694
2157,0.7867234660685716
2158,0.2713761031627655
2159,-0.7471720540973512
2160,-0.5010335350222725
2161,-0.260910029119612
2162,-0.01569322537873649
2163,0.23488101164845196
2164,0.4516916549946753
2165,0.6011967743321509
2166,0.6934601404279693
2167,0.7066290648226546
2168,0.7425985535780486
2169,0.7376596814214601
2170,0.7194103899275135
2171,0.6873038186047906
2172,0.14266164600849152
2173,-1.357237599896328
2174,-1.0416715371220013
2175,-0.7196468441211012
2176,-0.4050443075430518
2177,-0.0836664099657563
2178,0.18993063688471776
2179,0.37198219222689227
2180,0.490385465230862
2181,0.5225326229242295
2182,0.5637464763190728
2183,0.5710560955808361
2184,0.566327279884873
2185,0.5389940421095569
2186,-0.005229830741882324
2187,-0.25471392273902893
2188,-0.1726677417755127
2189,-0.12789130210876465
2190,-0.9271261258113228
2191,-0.5098469343380665
2192,-0.16772379278852648
2193,0.07218160136649882
2194,0.21766066625979183
2195,0.2696672876518432
2196,0.3321661549709303
2197,0.35175734916444634
2198,0.3574232581435386
2199,0.34714677772957203
2200,-0.1750415861606598
2201,-0.48628631234169006
2202,-0.4008421003818512
2203,-0.35712018609046936
2204,-0.32699722051620483
2205,-0.267016738653183
2206,-0.597928929823455
2207,-0.4098761969698924
2208,-0.1251393348121097
2209,-0.037182145600842306
2210,0.06492948405462276
2211,0.0948331233718399
2212,0.11494533103333218
2213,0.13631037472763877
2214,-0.3787074685096741
2215,-0.764390766620636
2216,-0.6746043562889099
2217,-0.6322284936904907
2218,-0.6043381690979004
2219,-0.5406813025474548
2220,-0.4602978825569153
2221,-0.633167488546188
2222,-0.4158292547910447
2223,-0.30222512892366304
2224,-0.17995908197357385
2225,-0.11505136321721068
2226,-0.06703705533626185
2227,-0.04824241913167026
2228,-0.621912956237793
2229,-1.1046514511108398
2230,-1.0091681480407715
2231,-0.9685662984848022
2232,-0.9437402486801147
2233,-0.8755924105644226
2234,-0.7833585739135742
2235,-0.7227016091346741
2236,-0.7348192129617558
2237,-0.5627677394893891
2238,-0.3945922762070607
2239,-0.2892183131202018
2240,-0.20885449072650164
2241,-0.16133969694396633
2242,-0.9174270629882812
2270,-0.27001699805259705
2271,-0.07703642547130585
2272,0.08885335922241211
2273,0.23006999492645264
2274,0.35333380103111267
2275,0.458352655172348
2276,0.554489016532898
2277,0.6412026286125183
2278,0.5651138550258318
2279,0.5705853542375474
2280,0.7067672275239223
2281,0.0381267786277371
2282,0.2134027192810955
2283,0.39689664228735455
2284,0.4674459264411006
2285,0.6192982239610645
2286,0.6827855288484218
2287,0.7322109479430137
2288,0.7002793059708154
2289,0.778403332251798
2290,0.858049725551486
2291,0.9372411494068015
2292,0.029525473075921394
2293,0.2288662255714427
2294,0.4141800246140621
2295,0.4256653893335184
2296,0.552147058047419
2297,0.6916838979945281
2298,0.5524119542228014
2299,0.6435401651555848
2300,0.7374175389412057
2301,0.8001357271297243
2302,0.9091175808966152
2303,0.015209979905307482
2304,0.22495123409936799
2305,0.4100801965795925
2306,0.36686552208505346
2307,0.4305024319006614
2308,0.5709590466000708
2309,0.6776408060456579
2310,0.5966330953194241
2311,0.5956094320857753
2312,0.717931158989934
2313,0.8584686613105659
2314,0.0008203823639311714
2315,0.19744391635805125
2316,0.39094644089716285
2317,0.2983810413385831
2318,0.2876667052137941
2319,0.4062250262618482
2320,0.6867820741143495
2321,0.7327349452123568
2322,0.5496143830517166
2323,0.7555528935830554
2324,0.8936847541005765
2325,-0.028054264590714827
2326,0.17161869728085458
2327,0.36096758573418875
2328,0.22502257328635175
2329,0.16276843329386023
2330,0.3105483812462305
2331,0.561253776966659
2332,0.6464002212776637
2333,0.7098450304410977
2334,0.7800168191321704
2335,0.8840326226337155
2336,-0.02602258085886749
2337,0.17818773127005366
2338,0.377073715111643
2339,0.18595743424781874
2340,0.15612031903462306
2341,0.316252559941263
2342,0.39957922036170346
2343,0.6056586163026905
2344,0.6939954552343723
2345,0.6016041497842002
2346,0.8647384378239418
2347,-0.027652284537264444
2348,0.1665886598332737
2349,0.3770166062508412
2350,0.12215542027279892
2351,0.19923040047631388
2352,0.37008252454282187
2353,0.5122290580092654
2354,0.6849282794108282
2355,0.7537824904518938
2356,0.8278790648779484
2357,0.9610369312519013
2358,-0.04645392537369523
2359,0.15346353576222993
2360,0.3424787769692484
2361,0.08600862098572948
2362,0.23807422646857654
2363,0.3992167691232369
2364,0.6377219091354166
2365,0.7094103237133795
2366,0.7777352958195161
2367,0.837187830318583
2368,0.9451643054665709
2369,-0.07251301224101492
2370,0.10733254316222395
2371,0.29464453371457194
2372,0.0945201731308812
2373,0.060451509589652466
2374,0.33361413472729573
2375,0.4846834219748274
2376,0.5641759494470951
2377,0.647706521084278
2378,0.7342760413785642
2379,0.8959350584955892
2380,-0.10434274721802549
2381,0.028580824602944394
2382,0.23089293233401692
2383,0.1067062678519515
2384,0.1703517541615746
2385,-0.09905138232649088
2386,0.16342007723419888
2387,0.31904183557965904
2388,0.5391617429619721
2389,0.6335430275796161
2390,0.8287425430204738
2391,-0.3212987780570984
2392,-0.0881507396697998
2393,0.10367612540721893
2394,-0.10976960781753026
2395,0.08264458151220688
2396,-0.868287404465509
2397,-0.3920007036163856
2398,-0.1348636838262668
2399,0.08592991292090117
2400,0.25868264889630005
2401,0.6569387978709456
2402,-0.3882914185523987
2403,-0.15205740928649902
2404,0.04384150356054306
2405,-0.02652684810633927
2406,0.33796376779615983
2407,0.4533846512509443
2408,-1.200900601111671
2409,-0.572106559195733
2410,-0.2953338347374568
2411,-0.039439574195906366
2412,0.4936631766574404
2413,-0.45883840322494507
2414,-0.21825098991394043
2415,-0.018940066918730736
2416,0.06876060565977438
2417,0.26630701349378294
2418,0.3970057859812789
2419,0.5107683416286727
2420,0.5843063487235148
2421,0.6616496906560099
2422,0.7361929352340519
2423,0.8255846597699725
2424,-0.5282424688339233
2425,-0.2846464514732361
2426,-0.4067102078452545
2427,-0.06617177741408253
2428,0.15609187835997235
2429,0.30465975825177055
2430,0.4412348436424392
2431,0.5289841167045222
2432,0.6125453655329295
2433,0.695525994413243
2434,0.7893133478242673
2435,-0.5769203901290894
2436,-0.33109816908836365
2437,-0.5794487904100445
2438,-0.19597521016960745
2439,0.04688762031989768
2440,0.2275104387647717
2441,0.37826523678114243
2442,0.4755570245072464
2443,0.5740289452520835
2444,0.6608038957755199
2445,0.7628106112497979
2446,-0.0941563224515552
2447,0.11148692083252779
2448,0.2870929532576732
2449,0.42051925151865255
2450,0.5351423385095948
2451,0.6107251406579999
2452,0.6661812909760549
2453,0.21374094121165974
2454,0.357697478579989
2455,0.4785557591591971
2456,0.7652930726564057
2457,-0.08602491568413967
2458,0.12451013623945167
2459,0.3187387383117592
2460,0.3823587088163345
2461,0.5632706231961178
2462,0.6421083907738243
2463,0.6316767841383926
2464,0.5411442542942781
2465,0.7039177334794442
2466,0.7526802107146362
2467,0.8270638387862781
2468,-0.10533820501456462
2469,0.1400664616755345
2470,0.32485768248571234
2471,0.3354527448909058
2472,0.45791825728390023
2473,0.6570064400102862
2474,0.6466833453238232
2475,0.7155839151171762
2476,0.7816303728595222
2477,0.8502191229702684
2478,0.9262342675197357
2479,-0.10100634347789417
2480,0.13612800467250702
2481,0.32882391979684733
2482,0.29293095415695425
2483,0.3603354756851632
2484,0.5197511675543838
2485,0.6564354145397707
2486,0.6325206869325868
2487,0.6979225581622615
2488,0.7967546799758061
2489,0.9063982997862372
2490,-0.11446536337795207
2491,0.11622318640875151
2492,0.31541198665953946
2493,0.23204077551700322
2494,0.21502462613720374
2495,0.371481530516107
2496,0.7003462241548881
2497,0.7603047803499196
2498,0.5794070383959431
2499,0.7578715243348103
2500,0.8954772855290261
2501,-0.17331278146403747
2502,0.06875147888205518
2503,0.26215512521337125
2504,0.138869166949006
2505,0.09343140998876406
2506,0.27541065848489915
2507,0.553523569700634
2508,0.6492990212550895
2509,0.7153870595543439
2510,0.7922356941471509
2511,0.8914351599299533
2512,-0.15642529939176814
2513,0.08100844268107923
2514,0.288744974981687
2515,0.11019415829399465
2516,0.07610576012670042
2517,0.2670778089498513
2518,0.39716393644515635
2519,0.5970519053050792
2520,0.6725163124286542
2521,0.5816729240234666
2522,0.8483898542852396
2523,-0.19897142689908384
2524,0.03797310464919268
2525,0.2462278147056281
2526,0.010514330476087824
2527,0.09842106930618395
2528,0.28936731353619793
2529,0.4468083255425054
2530,0.628856622382404
2531,0.71166086532122
2532,0.7895047190619855
2533,0.9307738248786527
2534,-0.20696525671929733
2535,0.026925719800098877
2536,0.22397293626195658
2537,-0.024570829611936393
2538,0.14260842200302432
2539,0.3217704345567154
2540,0.5517747935112255
2541,0.6386745167696921
2542,0.725422898253868
2543,0.7967140598347431
2544,0.9104591523176203
2545,-0.2230971511908528
2546,-0.013051178471769854
2547,0.18218798609542275
2548,-0.009799442226600619
2549,-0.0458284429597437
2550,0.2332360041801702
2551,0.3820952397667199
2552,0.4961774818340659
2553,0.5972373418086904
2554,0.6838641171379478
2555,0.8640735147864873
2556,-0.08469433076753557
2557,0.1272658228988151
2558,0.0034732846616297997
2559,0.06446306034472359
2560,-0.1531384010064166
2561,0.10750981426908156
2562,0.27624806993488565
2563,0.4502822973022964
2564,0.5640016827180249
2565,0.789380898757994
2566,0.5954078401156458
2567,0.7930574015931968
2568,-0.2665291726589203
2569,-0.14698241470695167
2570,0.06803654803841475
2571,0.016034266703450782
2572,0.1724636636785462
2573,-0.27650930339435376
2574,0.025932487467733023
2575,0.21134970387041396
2576,0.7208446227615956
2577,0.7669658622079567
2578,0.8344511124225102
2579,-0.32565122842788696
2580,-0.08394341170787811
2581,0.11591701209545135
2582,-0.13028062353504982
2583,0.2398158863135033
2584,0.2950639773456465
2585,0.4467761603447318
2586,0.5691312380891362
2587,0.6419342962980095
2588,0.7325549067278385
2589,0.8251159144380169
2590,-0.3809867799282074
2591,-0.13557854294776917
2592,0.06604337692260742
2593,-0.034141426966543126
2594,0.19447321168849854
2595,0.34173277826454584
2596,0.1866181990199651
2597,0.39361458309097386
2598,0.4916498374109448
2599,0.6544669478616152
2600,0.7722923006513258
2601,-0.4355669915676117
2602,-0.9892830521956401
2603,-0.48506258528219437
2604,-0.1397176159441477
2605,0.09215889994649974
2606,0.2545364514937883
2607,0.3949104302462614
2608,0.4947415860800045
2609,0.592717839049567
2610,0.6848930186974163
2611,0.775943550953546
2612,-0.4876810610294342
2613,-0.23861317336559296
2614,-0.6735412279681008
2615,-0.28060067522855253
2616,-0.01969910357589976
2617,0.17699766890820806
2618,0.3320843810870722
2619,0.4420803969481337
2620,0.5520117357739546
2621,0.6483488431866795
2622,0.7476688458638203
2623,-0.22816428542137146
2624,-0.01333925686776638
2625,0.16332891583442688
2626,0.31542328000068665
2627,0.4462527334690094
2628,0.5610710978507996
2629,0.6653499603271484
2630,0.7542392611503601
2631,0.8284955024719238
2632,0.8989754915237427
2633,0.9668353199958801
2634,-0.32379790549604104
2635,-0.07305042154899723
2636,0.11735762583500514
2637,0.2249437029445457
2638,0.396295804957187
2639,0.4983598238014545
2640,0.581838466576519
2641,0.41100951610422554
2642,0.5207262311910666
2643,0.6115937401086764
2644,0.7791859793243026
2645,-0.3343864525827378
2646,-0.06298166871894706
2647,0.13166668911979484
2648,0.1785144468917378
2649,0.3499790413752833
2650,0.5187391904161971
2651,0.3041284733650852
2652,0.4341573787947668
2653,0.5247134565506422
2654,0.6339287311705706
2655,0.7880836189449495
2656,-0.34734723024307923
2657,-0.05925011473068369
2658,0.13133257548865337
2659,0.12269811713164983
2660,0.23304123601155446
2661,0.44965437380909706
2662,0.5768398663794367
2663,0.45756916759333577
2664,0.2809142884234544
2665,0.4274253638180503
2666,0.6448732914721687
2667,0.11615410859262851
2668,0.05275184659536045
2669,0.08861114532518317
2670,0.2631984074312165
2671,0.5483310913823007
2672,0.6319335028350321
2673,0.31113112902845086
2674,0.6097156060083146
2675,0.7946141332799435
2676,0.6826917063566226
2677,0.8134051940457121
2678,0.6954210225030484
2679,0.8177649529271794
2680,-0.11278365676624512
2681,0.07877695430079383
2682,-0.02843551470809285
2683,-0.05666079908972058
2684,0.15037603166763472
2685,0.39202554435632964
2686,0.5126059004583288
2687,0.6005182262666229
2688,0.7058723669943527
2689,0.8314258960577938
2690,0.7282586139992573
2691,0.8184809204719348
2692,0.1476005307835746
2693,0.18306345581003064
2694,0.4511559366056072
2695,0.5696273052210308
2696,0.38244237410395165
2697,0.7336411040688483
2698,0.1335834308731062
2699,0.2331919542170753
2700,0.47979511592157964
2701,0.5963179420600138
2702,0.48787023289545894
2703,0.758820787600859
2704,-0.14628295912390482
2705,0.056616017127615416
2706,-0.1598256614963958
2707,-0.06319273607133433
2708,0.15100545877282584
2709,0.31959522984551997
2710,0.5072422372223298
2711,0.6059843387210516
2712,0.6829889783930421
2713,0.8368339483882499
2714,0.7204812149365332
2715,0.8466094919844656
2716,-0.4302912861539673
2717,-0.15044402468642998
2718,0.03980298030218962
2719,-0.19022886834224317
2720,0.004676392811950099
2721,0.20308997531823675
2722,0.4337585971672318
2723,0.5374279733876917
2724,0.6389434894537632
2725,0.7145673380129867
2726,0.8218504712346733
2727,-0.4606609640385982
2728,-0.20065550492008583
2729,-0.0030204458863938317
2730,-0.17615914195180604
2731,-0.18666803413484204
2732,0.11197216747182126
2733,0.2829460602537258
2734,0.39886802178716174
2735,0.5130586633382147
2736,0.6093148832202421
2737,0.7866802556190211
2738,-0.48504862109515284
2739,-0.2694688085441187
2740,-0.05743047010835129
2741,-0.15931042084025826
2742,-0.07096387141990812
2743,-0.27681436126364134
2744,-0.003940769399452664
2745,0.17818214794448292
2746,0.38345232268804885
2747,0.49036041562884114
2748,0.7115739459452747
2749,-0.37783998250961304
2750,-0.12177767604589462
2751,0.0880046859383583
2752,-0.3709828099726572
2753,-0.16155436128632542
2754,-1.1696142260660796
2755,-0.6517979449642998
2756,-0.32759339790012953
2757,0.5120386087632922
2758,0.38948548429122754
2759,0.5801041590295212
2760,-0.41943877935409546
2761,-0.16187028586864471
2762,0.04906716197729111
2763,-0.274463222932479
2764,0.11939981403595251
2765,0.2736167511056221
2766,-1.2294137395800668
2767,-0.7746022397787904
2768,-0.4204681778621434
2769,-0.0863220034735042
2770,0.36367714027576337
2771,-0.9233662184122762
2772,-0.48037464835685817
2773,-0.18089757884873497
2774,0.04259303169197941
2775,0.21267216943564532
2776,0.3465282432503656
2777,0.4441099686688623
2778,0.5493717926197217
2779,0.6337457931748177
2780,0.7219153236477917
2781,0.6305494557152933
2782,0.7203700967370761
2783,-0.517859160900116
2784,-0.2589889168739319
2785,-0.6720942804213799
2786,-0.30898709009865105
2787,-0.06187053595235189
2788,0.12404714241856174
2789,0.27730875707810165
2790,0.38775281104152254
2791,0.498507469854649
2792,0.592210309301444
2793,0.684075129640654
2794,-0.5929936170578003
2795,-0.3319012522697449
2796,-0.8362906970509205
2797,-0.43615764901102516
2798,-0.16509165692822717
2799,0.05087565371973107
2800,0.21721937696545346
2801,0.33555138802014023
2802,0.4558051531116076
2803,0.5533625916703919
2804,0.6534515258196368
2993,-0.4046192765235901
2994,-0.16893847286701202
2995,0.024392008781433105
2996,0.19045141339302063
2997,0.33302658796310425
2998,0.4580955505371094
2999,0.566347062587738
3000,0.6628179550170898
3001,0.7484170794487
3002,0.7534254707004389
3003,0.7998870948049178
3004,0.387456058730574
3005,0.49343216344662194
3006,0.5802143709731897
3007,0.46886226385794566
3008,0.567221382945301
3009,0.6505814945535853
3010,0.7927408119592783
3011,0.5857324085735225
3012,0.5920564238516028
3013,0.6791618761242089
3014,0.7547592007587384
3015,0.8213514037558975
3016,0.5107740393506526
3017,0.29287727553493326
3018,0.44560395985004897
3019,0.5323467408210868
3020,0.6230610627094004
3021,0.788598808278927
3022,0.5105434905401534
3023,0.3794924819655642
3024,0.500837812561451
3025,0.6027047932333651
3026,0.6868129539324553
3027,0.8046645153072542
3028,0.10974953317043169
3029,0.10668433079428298
3030,0.22111312199939442
3031,0.4429604105457513
3032,0.5724761655105781
3033,0.4488522201723554
3034,0.2559361017804692
3035,0.40153335705226223
3036,0.6250589907483995
3037,0.4723003066445149
3038,0.5626674559569527
3039,0.6951307675492508
3040,0.02888428870378172
3041,0.06109047565336645
3042,0.2424093557109006
3043,0.549027569242469
3044,0.6337841662616475
3045,0.3563131786102358
3046,0.6248017515386961
3047,0.8014526720311321
3048,0.6500933063292834
3049,0.5156951649201327
3050,0.7035225269864191
3051,0.8193777442548672
3052,0.051541781325972064
3053,-0.052938896594335684
3054,-0.07597974666527697
3055,0.13668560827309284
3056,0.4061743284134631
3057,0.523452249546656
3058,0.6110261487451084
3059,0.6931932425777391
3060,0.8028657238635708
3061,0.6547175509214014
3062,0.7321482847030201
3063,0.8162090046525383
3064,-0.1062701257397125
3065,0.11873848008668726
3066,0.22380384501494738
3067,0.46621998137354137
3068,0.5678080575825186
3069,0.43814959935353426
3070,0.7482059937411993
3071,0.30766285424440964
3072,0.5150934325732466
3073,0.6166397208793106
3074,0.5451133038822817
3075,0.7634101956525869
3076,0.2992551920149715
3077,0.46315594433768936
3078,0.5615873305306437
3079,0.650442831038605
3080,0.8238432510635421
3081,-0.09161041191321165
3082,0.1304510110033535
3083,0.30447068949866607
3084,0.4872027644202692
3085,0.5909616207447332
3086,0.6772086865426677
3087,0.8288125803714352
3088,-0.22709838569055946
3089,0.00861041589441577
3090,0.20072784879881883
3091,0.3860134974592505
3092,0.49582380060720893
3093,0.6027984304075188
3094,0.680291237917374
3095,0.8062372451938573
3096,0.5293143814434085
3097,0.6334243756050142
3098,0.7109218747882796
3099,0.8116399091861402
3100,0.24137918913548712
3101,0.37428024609029087
3102,0.5135127656427874
3103,0.6131206482156247
3104,0.7931293752620423
3105,-0.2182734275817742
3106,0.055697720391509914
3107,0.242406304334029
3108,0.3683674314861308
3109,0.4890941726874952
3110,0.5957733309876261
3111,0.7972847312863622
3112,-0.5276947047716245
3113,-0.2962240928120866
3114,-0.078010212870946
3115,-0.18300375483101153
3116,-0.10466715664027793
3117,-0.27362688504253807
3118,0.0011701644882718062
3119,0.1844236771623342
3120,0.34046771838415624
3121,0.48481308744741713
3122,0.6987384595329991
3123,-0.5554385632937011
3124,-0.3510500003788075
3125,-0.12860888392115352
3126,-0.16492990934013746
3127,0.007675524691417867
3128,-0.3927624535846505
3129,-0.07707755715770823
3130,0.12291926028514145
3131,0.6195477222232614
3132,0.6957774550384488
3133,0.7827532227441962
3134,0.08473068251759654
3135,0.12705552206094178
3136,0.30223760561038293
3137,0.4652864899025969
3138,0.5476690162534427
3139,0.6397733593232866
3140,0.7310687398778635
3141,0.4033195734834084
3142,-0.04959158930831016
3143,0.25554932523866924
3144,0.3983890466889366
3145,0.7494350487989903
3146,0.04123311663526969
3147,0.21080044161248668
3148,0.21000457506482662
3149,0.3838026184170462
3150,0.47443254406806923
3151,0.6234477538912335
3152,0.6975835028348509
3153,0.34368899291138527
3154,0.4423816118231392
3155,0.5474755285393784
3156,0.6331081189037231
3157,0.7217536011827683
3158,-0.6818000298230328
3159,-0.31882117881972327
3160,-0.06749376101084825
3161,0.12091507449992389
3162,0.2734009602898171
3163,0.385338860079351
3164,0.4957544882811542
3165,0.5893759310202924
3166,0.6802149790482923
3167,0.4917738558496597
3168,0.5866023839332355
3169,0.6793605628876991
3170,-0.6146318316459656
3171,-0.8630657099419985
3172,-0.4600699676027995
3173,-0.18661273202397777
3174,0.034374335222045894
3175,0.2027219703027267
3176,0.324550522627512
3177,0.44648479664569923
3178,0.5435003177447191
3179,0.6432773551872069
3180,0.5393617207006987
3181,0.6413370915359728
3182,-0.4148588531344316
3183,-0.13954925175731342
3184,0.05050255118667699
3185,0.1856022448107721
3186,0.34135815009624515
3187,0.4490530525499492
3188,0.5396642638251639
3189,0.23835478305967267
3190,0.41218745891579034
3191,0.5076067719814799
3192,0.7299819741769471
3193,-0.4151556789908851
3194,-0.13666881493006278
3195,0.06570696317580066
3196,0.151929163252211
3197,0.359567495336211
3198,0.4702636372354517
3199,0.4753368902165569
3200,0.6030157394073321
3201,0.6177334399746277
3202,0.5846539825651949
3203,0.6994159895456256
3204,-0.43273715747036323
3205,-0.12633875783527423
3206,0.07046707697196405
3207,0.10273339828464585
3208,0.2593477300055037
3209,0.48082801312974643
3210,0.4557560069620915
3211,0.5745295167167538
3212,0.6926076600047592
3213,0.7764530399209447
3214,0.8540353483704182
3215,-0.4015847610999178
3216,-0.1261109205335651
3217,0.07357214265958281
3218,0.060511520807405954
3219,0.1590096213871715
3220,0.3649448593568011
3221,0.5213057195407027
3222,0.5012665604991635
3223,0.5576844189079901
3224,0.6866055946689535
3225,0.8168335778797563
3226,-0.42323662250799
3227,-0.15976720507212433
3228,0.048236339512872234
3229,-0.01572294306123828
3230,0.010228292132652528
3231,0.19432412827196932
3232,0.5382939908359241
3233,0.6275849238346622
3234,0.48679365372678823
3235,0.7063568445056989
3236,0.8291575165333057
3237,-0.4652556852486228
3238,-0.19549277814712657
3239,0.003347863332994275
3240,-0.10320798019145475
3241,-0.11919517878540511
3242,0.09556187600642946
3243,0.4117213251057004
3244,0.523935880963559
3245,0.62892851905968
3246,0.718398143873297
3247,0.8119999139397203
3248,-0.4604422904767431
3249,-0.14606533277580627
3250,0.03950884688719655
3251,-0.12039937406400188
3252,-0.10344646356295104
3253,0.12392385062206437
3254,0.3059846646611507
3255,0.5319206441393276
3256,0.6411206852825764
3257,0.6550491782094967
3258,0.8227205174436997
3259,-0.4814526518742598
3260,-0.19258854241181145
3261,0.015239931413481504
3262,-0.19836082698763444
3263,-0.0723604824666689
3264,0.14639513299560286
3265,0.32023695761634197
3266,0.5364086044418264
3267,0.6427201812886867
3268,0.7453219797430604
3269,0.8716248348650764
3270,-0.48321596552747936
3271,-0.19469343491885627
3272,0.0010799644192455785
3273,-0.2200254348177966
3274,-0.03162316338683029
3275,0.1755938501392359
3276,0.4518201751805382
3277,0.56473405092422
3278,0.6736471387382013
3279,0.7725634287064829
3280,0.8749819579425169
3281,-0.5746012488014656
3282,-0.3146404879138919
3283,-0.10898509799577576
3284,-0.27776765750803356
3285,-0.2722308904677978
3286,0.07413987221581829
3287,0.24589238847926317
3288,0.36688939682287636
3289,0.4931706302389784
3290,0.5872488874965026
3291,0.734308480170198
3292,-0.6005086264199528
3293,-0.3841296381884366
3294,-0.16492799415809714
3295,-0.25691448733661815
3296,-0.14295456850516094
3297,-0.4049176758796938
3298,-0.11175706973264288
3299,0.08332927434234783
3300,0.3937609591954701
3301,0.505074400062904
3302,0.6774073352901554
3303,-1.0643174648284912
3304,-0.7434014678001404
3305,-0.48211240768432617
3306,-0.4488353203400144
3307,-0.1891349794921104
3308,-0.8902969571059676
3309,-0.45327176138411684
3310,-0.19187238456548006
3311,0.0314866934391058
3312,0.20896471186213023
3313,0.5378516013402888
3314,-1.1172537803649902
3315,-0.7974146604537964
3316,-0.5357357263565063
3317,-0.3441523219037175
3318,0.005293186227228317
3319,0.16575379653613478
3320,-1.0170226262799562
3321,-0.517220037727155
3322,-0.22744507808293296
3323,0.013033913989388825
3324,0.4295736874036489
3325,-1.148984670639038
3326,-1.067760104180444
3327,-0.6086235290477673
3328,-0.3009498358621626
3329,-0.07248358489678089
3330,0.09989471448120373
3331,0.24400526825301316
3332,0.3504761284866977
3333,0.46286280547896164
3334,0.557895230536519
3335,0.6449971378901977
3336,-1.1925081014633179
3337,-0.8830898404121399
3338,-0.8419995961611101
3339,-0.46979949291785084
3340,-0.21081382890792116
3341,-0.010953753667041481
3342,0.15443163459931564
3343,0.2750678963874841
3344,0.3959595958316199
3345,0.4986178821210878
3346,0.5934006767357513
3347,-1.2545629739761353
3348,-0.9464523196220398
3349,-1.0368183440880139
3350,-0.6290672217064749
3351,-0.33380116122571424
3352,-0.10043353000925556
3353,0.07916433482021132
3354,0.20867512022072876
3355,0.3414494119488086
3356,0.44855773619547556
3357,0.5508991869280762
3358,-0.014691686257719994
3359,0.1791035383939743
3360,0.3399032950401306
3361,0.3306968713074171
3362,0.4659363408907789
3363,0.562084321153718
3364,0.6408316575947073
3365,0.19740130802972228
3366,0.3601585545048083
3367,0.49018526164296106
3368,0.7773744743919351
3369,-0.20519895275965513
3370,0.02562876371173701
3371,0.22236910193346626
3372,0.30153415212575874
3373,0.4977995324517265
3374,0.5965777983796879
3375,0.6074405659395918
3376,0.6167242742024908
3377,0.6456485580137544
3378,0.6840788627228556
3379,0.7904884136876926
3380,-0.2210890032706643
3381,0.04135404907806586
3382,0.23216194195488205
3383,0.2545809733181866
3384,0.39808682824246167
3385,0.6123609809219073
3386,0.6125080649437248
3387,0.696222262713345
3388,0.8231096178422161
3389,0.8794495800378999
3390,0.952963716268675
3391,-0.21636992399205582
3392,0.042434879537428624
3393,0.23826610471144094
3394,0.2120148643134276
3395,0.2979178701822017
3396,0.47784454531581966
3397,0.6319498511131401
3398,0.6435665551961409
3399,0.7589293839586737
3400,0.8675421985666834
3401,0.9679687606858519
3402,-0.21942447472418652
3403,0.033024788459829646
3404,0.233893095322624
3405,0.16062074941906004
3406,0.16893294764917702
3407,0.34345946059185595
3408,0.6927862240214107
3409,0.7743754223747568
3410,0.6966350426445569
3411,0.8631496971634587
3412,0.9655393244841493
3413,-0.2863459442670961
3414,-0.028505458427291977
3415,0.16964266414971402
3416,0.04960772079334102
3417,0.023328857824449652
3418,0.22795779142920292
3419,0.5651746211497906
3420,0.6620258158531052
3421,0.7443334107089568
3422,0.8242304658584327
3423,0.9175804204035765
3424,-0.2756192746973176
3425,-0.0284648534712186
3426,0.18210629791922384
3427,0.010446421395627896
3428,0.035576785902464124
3429,0.2513751128939305
3430,0.45066831462460205
3431,0.615053853981862
3432,0.7137804805484563
3433,0.6572806598241115
3434,0.926294939235601
3435,-0.3160243677088722
3436,-0.058861013141934766
3437,0.15654801545493977
3438,-0.07208021399835729
3439,0.0347614404482403
3440,0.24708203187604652
3441,0.40302387933875017
3442,0.622902621460778
3443,0.7144938843023318
3444,0.7936400758482511
3445,0.9273094324221907
3446,-0.3110110683275779
3447,-0.05809102601639103
3448,0.1435971814183393
3449,-0.08944545945637408
3450,0.07482564700441044
3451,0.2707671008266255
3452,0.5391818472243982
3453,0.6408454107872416
3454,0.736806441032655
3455,0.8137088337583058
3456,0.9186229651827087
3457,-0.3303351632654644
3458,-0.10090664797428756
3459,0.10486682104115357
3460,-0.07134744995545513
3461,-0.08181008099079058
3462,0.2436133414728175
3463,0.39311713719240393
3464,0.5072126523651993
3465,0.6245106392633062
3466,0.7106122660393378
3467,0.869122530784452
3468,-0.35861339819592764
3469,-0.1736411163340862
3470,0.04418023254181621
3471,-0.055125881197195296
3472,0.03746577783353329
3473,-0.2049136129423284
3474,0.06663192656175047
3475,0.24814380418756443
3476,0.5072580390616672
3477,0.6139821396361881
3478,0.8038480659371922
3479,-0.24823956191539764
3480,-0.00577125558629632
3481,0.19377465546131134
3482,-0.2665499672676984
3483,-0.05086630351765425
3484,-0.9872083889841567
3485,-0.49451264627481095
3486,-0.21244067905954495
3487,0.034778335249615704
3488,0.22167422361367972
3489,0.6250213086992534
3490,-0.2908594608306885
3491,-0.04684319347143173
3492,0.15282979607582092
3493,-0.1722656622582224
3494,0.21381466993523854
3495,0.36088317099832734
3496,-1.2345949278577022
3497,-0.6666738418797856
3498,-0.333581808436429
3499,-0.06756783500335628
3500,0.4648523324408472
3501,-0.3288404941558838
3502,-0.8263744303795258
3503,-0.37489340853122033
3504,-0.08079184701961008
3505,0.138640446436824
3506,0.30137919873224384
3507,0.42717649794761703
3508,0.5236781461161607
3509,0.6238396146726599
3510,0.7068902029445335
3511,0.7947685573558062
3512,-0.3657782971858978
3513,-0.12021045386791229
3514,-0.5709255273023202
3515,-0.20986249136489
3516,0.03775469051837235
3517,0.217801154252999
3518,0.3644018896470694
3519,0.4718203400129023
3520,0.5784025409901667
3521,0.668483965528509
3522,0.7606883584179013
3523,-0.42289304733276367
3524,-0.1741519272327423
3525,-0.7424216554395175
3526,-0.34092945624142024
3527,-0.06913322120945804
3528,0.1435652707947667
3529,0.3041075141819862
3530,0.42110976707875514
3531,0.5378079730417968
3532,0.6321974720899775
3533,0.7329132232271233
5594,-0.3561334515010076
5595,-0.07072668143092517
5596,0.14297114848735493
5597,0.3229800203327904
5598,0.45714246930963165
5599,0.5745139971073824
5600,0.6682724610615758
5601,0.7536705936051981
5602,0.8252406024833661
5603,0.891707746967917
5604,0.9519426436449437
5605,-0.3453938396219286
5606,-0.04276853885043644
5607,0.1782618395309688
5608,0.3671787369633962
5609,0.5114982528915925
5610,0.628597098752235
5611,0.7312887798180634
5612,0.8147381861743925
5613,0.8897127630436833
5614,0.9532755021428001
5615,1.0156739044488252
5616,-0.3678652233151807
5617,-0.036413368643675205
5618,0.1979152060577234
5619,0.39239694357953325
5620,0.5409884366329125
5621,0.6630481562567228
5622,0.7667911307904178
5623,0.853126472123344
5624,0.9317579149578432
5625,1.0009059287996507
5626,1.0633546576714665
5627,-0.3908000798170915
5628,-0.03896713843532246
5629,0.20500252283602713
5630,0.4092411000763109
5631,0.5653774854478284
5632,0.6956157264898517
5633,0.800819730863628
5634,0.892287260679
5635,0.9736394676691879
5636,1.0438294400779689
5637,1.1012046870062373
5638,-0.43166157949497436
5639,-0.07180524792755302
5640,0.18310992604553236
5641,0.40037753580502045
5642,0.5649325033740692
5643,0.6988627223842546
5644,0.811938034653864
5645,0.9004086327644978
5646,0.9838709946868373
5647,1.056675229389206
5648,1.1258746657265566
5649,-0.5171141879432202
5650,-0.12225936733618457
5651,0.14267504673759024
5652,0.3668874538379795
5653,0.5404293252721252
5654,0.6826451532664035
5655,0.8017976395121373
5656,0.8982927521322571
5657,0.9868714453291483
5658,1.0645879643100202
5659,1.135822738471373
5660,-0.6584484023782793
5661,-0.2191070404762251
5662,0.07168328891199813
5663,0.31318516272770525
5664,0.4993763880359309
5665,0.6540830185717357
5666,0.7833430688852739
5667,0.8852239217331026
5668,0.978223190757805
5669,1.0622631967607588
5670,1.1367065928881825
5671,-0.8725270619663618
5672,-0.3092004748840828
5673,0.02014825010520646
5674,0.286105432709671
5675,0.48819664256237777
5676,0.6470156360338375
5677,0.7845959576213508
5678,0.8768779643821378
5679,0.9798661522520768
5680,1.0584155082782734
5681,1.138445803289586
5682,-1.0609925930728326
5683,-0.5504556983062783
5684,-0.16700207751346868
5685,0.12682709041083765
5686,0.3579505571521942
5687,0.5409111861575714
5688,0.6902552608156223
5689,0.7982917853722569
5690,0.9102659539498112
5691,0.9959652188224917
5692,1.0842202525935634
5693,-0.976364016532898
5694,-0.8814310073940328
5695,-0.4352422635451849
5696,-0.08327604554670956
5697,0.18552304160521713
5698,0.4022688037735551
5699,0.5784852065357075
5700,0.7064876834926372
5701,0.8329829575743299
5702,0.9307638596033037
5703,1.0261926502508072
5704,-1.1375601291656494
5705,-1.3086239034519052
5706,-0.7613006529101455
5707,-0.3449753627106363
5708,-0.017631586132844563
5709,0.23828843595481852
5710,0.43913275521426326
5711,0.5867295461249478
5712,0.7333469457225843
5713,0.8460931616100631
5714,0.9552252302161761
5715,-0.3808005119530677
5716,-0.09123568822893961
5717,0.12384761210682999
5718,0.30715342914005056
5719,0.4482853134872924
5720,0.5663609340311979
5721,0.6613642516807547
5722,0.7473401420442898
5723,0.8226205027752023
5724,0.8912696476366331
5725,0.9501736160199192
5726,-0.3719208068967066
5727,-0.062378836185162434
5728,0.15534706035287177
5729,0.3444812203505315
5730,0.4905343323219531
5731,0.6105324326413646
5732,0.7114437914147191
5733,0.7996612193492709
5734,0.8799607884997138
5735,0.9460745163710615
5736,1.0053364505289752
5737,-0.38510459948604486
5738,-0.06079813998640979
5739,0.17298175394646326
5740,0.36537851193643334
5741,0.519685882694745
5742,0.6448230883740758
5743,0.7487057942806805
5744,0.8383053163529093
5745,0.9193568568441128
5746,0.989473824733031
5747,1.0513469568333365
5748,-0.39732828706074885
5749,-0.07557758133497157
5750,0.1672637747085715
5751,0.372611394631185
5752,0.5333673981284409
5753,0.6623403883834702
5754,0.771846745645574
5755,0.866471981260762
5756,0.950530755206916
5757,1.032395300287419
5758,1.0965066624470379
5759,-0.43537173817664776
5760,-0.10383467011921738
5761,0.1492828745103539
5762,0.36576101710952935
5763,0.5358854649090792
5764,0.6728520867486961
5765,0.7895679315545368
5766,0.8814597405584769
5767,0.9680304612787332
5768,1.0448576924051742
5769,1.1117141562744377
5770,-0.515842630333761
5771,-0.13108846887807057
5772,0.13799600417773378
5773,0.36020628485286804
5774,0.5389158519499839
5775,0.6841367176774282
5776,0.8063439345824337
5777,0.9072702047241848
5778,0.998500885534829
5779,1.0790064123417231
5780,1.1587167684564013
5781,-0.6236946751977855
5782,-0.2001872621753849
5783,0.08952243977251113
5784,0.3278813400426418
5785,0.522711098857765
5786,0.6780343413325595
5787,0.8090943066143427
5788,0.9161294580594964
5789,1.009319219767074
5790,1.0943096745779326
5791,1.1676605747542763
5792,-0.9323896052809639
5793,-0.3692597368605325
5794,-0.044450089187632186
5795,0.21242257854558272
5796,0.4122332868862623
5797,0.5675374542689374
5798,0.7089874790029941
5799,0.8056225546842206
5800,0.9121790373619865
5801,0.9989643900013341
5802,1.0782542794192422
5803,-1.0916306877521678
5804,-0.6188718708208963
5805,-0.2131392090428663
5806,0.0667579516080449
5807,0.29002183734794307
5808,0.46947377157356657
5809,0.625060227855309
5810,0.737607756121004
5811,0.8504463747461138
5812,0.9459850900301812
5813,1.032958183879797
5814,-1.126449465751648
5815,-0.9178170496602654
5816,-0.476815082634509
5817,-0.14012616212119625
5818,0.124365945009931
5819,0.33334234817002006
5820,0.5161880530966567
5821,0.647579514405514
5822,0.7765494205437063
5823,0.8824705633413203
5824,0.9765326008671332
5825,-1.3111212253570557
5826,-1.313338311112798
5827,-0.7778338463846248
5828,-0.37648378963327556
5829,-0.06403591888486493
5830,0.17942942864642242
5831,0.3829390678145665
5832,0.5349393781406372
5833,0.6822345437349117
5834,0.8033553514208678
5835,0.9097460168078724
5836,-0.19370773277411907
5837,0.05779473250974397
5838,0.2699051009625082
5839,0.4451393412404692
5840,0.5773482261527105
5841,0.6849755278660619
5842,0.7690714009148956
5843,0.8519718664756963
5844,0.9195414685511625
5845,0.982660159502295
5846,1.0451575638286248
5847,-0.1903554978722814
5848,0.09459922917198486
5849,0.30804971898162503
5850,0.49540949252757754
5851,0.628379947574027
5852,0.7439526771925555
5853,0.8360512379532477
5854,0.9196995487433592
5855,0.9827238330806995
5856,1.0535915089850754
5857,1.1170843288480798
5858,-0.21835909876309606
5859,0.08629584400470416
5860,0.3183985542880384
5861,0.5036173194156841
5862,0.6469701178319538
5863,0.7633481759530216
5864,0.8574182126336901
5865,0.9389411433980939
5866,1.0120760699241447
5867,1.0794945312641504
5868,1.1443752258451587
5869,-0.24859438131304623
5870,0.06617164347274547
5871,0.30552631228114613
5872,0.5010350501015187
5873,0.6500672702487125
5874,0.770645364986805
5875,0.8696241394478983
5876,0.9511613234530276
5877,1.028207685532257
5878,1.0983515487735498
5879,1.1661139393697315
5880,-0.3203086260589943
5881,0.006790444902193172
5882,0.25920396628095865
5883,0.4695135304750294
5884,0.6269552256480608
5885,0.7523296002614919
5886,0.8575655041921683
5887,0.9426915357325654
5888,1.0211244711323835
5889,1.084489695599678
5890,1.1549235553483406
5891,-0.3823557111976326
5892,-0.001654447053451481
5893,0.272065782862982
5894,0.47789619317716575
5895,0.6507571507410701
5896,0.7852502439470934
5897,0.8952931683041325
5898,0.9971326310622805
5899,1.0778552039923506
5900,1.1579970280866592
5901,1.2254689063938837
5902,-0.5292551182323852
5903,-0.10754565563837959
5904,0.1964249683915582
5905,0.43315024435405836
5906,0.6150415907802685
5907,0.7630835877157564
5908,0.8820008201557722
5909,0.9779920664097407
5910,1.0687853929308655
5911,1.1321177298601612
5912,1.2077160942158467
5913,-0.7653029278059655
5914,-0.26411547318672735
5915,0.07999344706648999
5916,0.349683842118943
5917,0.5466534927095295
5918,0.7020434685668034
5919,0.8283868832524841
5920,0.9206738730173764
5921,1.020452387049855
5922,1.0962511060639646
5923,1.1789348366824295
5924,-0.9874071855472664
5925,-0.49768513108687074
5926,-0.09943780725670763
5927,0.1970124082814978
5928,0.4279385553846665
5929,0.6015415308073959
5930,0.7455482349085335
5931,0.8549002611264334
5932,0.9623595976495429
5933,1.0447868399511286
5934,1.1347041500071315
5935,-0.6610915660858154
5936,-0.8130018301097058
5937,-0.3496918176895893
5938,0.003082890395590017
5939,0.2691036754930655
5940,0.4736557429234325
5941,0.6429347225624685
5942,0.770652437935923
5943,0.889190029578586
5944,0.9844595499317563
5945,1.081520280390045
5946,-0.7452729344367981
5947,-1.201002438158031
5948,-0.6509288840488315
5949,-0.2395662654157512
5950,0.07674519809588395
5951,0.32281041565325164
5952,0.5128191118049019
5953,0.6622581757379433
5954,0.802672683054285
5955,0.9119320073192361
5956,1.0207316323818658
5957,-0.3779922127723694
5958,-0.18019215762615204
5959,-0.00549161434173584
5960,0.14183583855628967
5961,0.26990053057670593
5962,0.38068249821662903
5963,0.48260194063186646
5964,0.571931779384613
5965,0.6545186042785645
5966,0.7210497856140137
5967,0.7855981588363647
5968,0.1366776601841482
5969,0.34556229804403904
5970,0.5381950790186009
5971,0.6859933269648659
5972,0.78478092019638
5973,0.8535975541349827
5974,0.9207909488371624
5975,0.9787361134661821
5976,1.0340046672693854
5977,1.0920460322940304
5978,1.15202409825983
5979,0.11559554508633321
5980,0.3573175754657242
5981,0.5653744626914609
5982,0.7181231480829557
5983,0.8248023829340276
5984,0.8843408586697907
5985,0.9483042118844431
5986,0.9994788522847682
5987,1.042136126860355
5988,1.1023943660047708
5989,1.1651346067961974
5990,0.09358569230866978
5991,0.35032020381370294
5992,0.5710986576886062
5993,0.7376870547161296
5994,0.8465535655873282
5995,0.9112877135253493
5996,0.9736493393279367
5997,1.0267928079800923
5998,1.0862056699164448
5999,1.1503681645167632
6000,1.2169150457658036
6001,0.06513685269904594
6002,0.3325035385486578
6003,0.5636762948626854
6004,0.7427718271772414
6005,0.861875276395155
6006,0.9310724958887147
6007,1.0015790090015724
6008,1.0551260049727198
6009,1.099140691502802
6010,1.1663654030038888
6011,1.2345428164399697
6012,-0.034632047938880056
6013,0.27026465684111456
6014,0.5224420336100544
6015,0.7067854237604707
6016,0.838879435085804
6017,0.9157034753358753
6018,0.9908239813460895
6019,1.0563204310650622
6020,1.1292137925591028
6021,1.190394860343614
6022,1.2686795422202528
6023,-0.12860555749287483
6024,0.21726162368990581
6025,0.48800829297888726
6026,0.6939691440705144
6027,0.8418211579517663
6028,0.9470931126507394
6029,1.041335276369788
6030,1.1110878564524396
6031,1.1742317725572944
6032,1.2414118319198533
6033,1.3167818166510363
6034,-0.38072865588928884
6035,0.10254859904740232
6036,0.4005335599954691
6037,0.6301616701783648
6038,0.7978466457294056
6039,0.9176410039625582
6040,1.0233908795938844
6041,1.0915428891303214
6042,1.163165296584745
6043,1.2265512175005584
6044,1.3090980221500843
6045,-0.5954102092102803
6046,-0.16486315589291334
6047,0.19313153758423726
6048,0.45510653290526876
6049,0.6485810537259884
6050,0.7915928381256895
6051,0.920167322690957
6052,0.9992519142143719
6053,1.0794210699305573
6054,1.1513711497619379
6055,1.2400154635237375
6056,-0.2655812203884125
6057,-0.5012548054380332
6058,-0.07912334530064855
6059,0.23927446257233914
6060,0.4727544099577503
6061,0.6490213967025226
6062,0.8008079467728269
6063,0.9053841138906773
6064,1.0002358561109725
6065,1.079880520821568
6066,1.178197252688032
6067,-0.32649508118629456
6068,-0.912087581958472
6069,-0.3993384346104907
6070,-0.010325876451537042
6071,0.2784450644917828
6072,0.4853628648530327
6073,0.6630977030876385
6074,0.785857452390253
6075,0.9039907431380796
6076,1.0018702936843047
6077,1.1122525514294193
6078,-0.3568269610404968
6079,-0.1275322437286377
6080,-0.7153615332696177
6081,-0.25962438970882856
6082,0.08490001752533707
6083,0.33436484216038376
6084,0.5368908936063165
6085,0.6869975972376159
6086,0.8236989107137906
6087,0.938259650927725
6088,1.057962972446634
6392,-0.3500947952270508
6393,-0.13611097633838654
6394,0.03947937488555908
6395,0.19218170642852783
6396,0.3249892592430115
6397,0.44565075635910034
6398,0.548617959022522
6399,0.641344428062439
6400,0.7273141741752625
6401,0.8021974563598633
6402,0.8664968609809875
6403,0.026554089218799405
6404,0.2395184979535448
6405,0.4377560758419115
6406,0.5975407220325013
6407,0.7068326306252182
6408,0.7908961408797688
6409,0.8624749672792225
6410,0.918397923212908
6411,0.9724556252653255
6412,1.03504480497338
6413,1.0959042807676114
6414,0.0019447259969513214
6415,0.24565603355974777
6416,0.45854601042325976
6417,0.6208780228218639
6418,0.7376714016218455
6419,0.8087079820744267
6420,0.8714528056534019
6421,0.9254674438123781
6422,0.9728946185877433
6423,1.0355767739290336
6424,1.099319208367036
6425,-0.014979176765470822
6426,0.23383981168991383
6427,0.4695417161936558
6428,0.6317467372439569
6429,0.7535138138183075
6430,0.8282840931237849
6431,0.8967971394588952
6432,0.9523225661795969
6433,1.0090785406106964
6434,1.076252817273263
6435,1.1390520554669221
6436,-0.041926781893988144
6437,0.2280496459392166
6438,0.4634671344958291
6439,0.6384729092544319
6440,0.7676604280244487
6441,0.8470542555973715
6442,0.9286763421555786
6443,0.98626582656886
6444,1.041469913002016
6445,1.1097915298925183
6446,1.176125007138873
6447,-0.11995196396010918
6448,0.18236910933499634
6449,0.4359351841684878
6450,0.6256694573365015
6451,0.7666151023284816
6452,0.8542893308877093
6453,0.9278819708402526
6454,0.9938160906680806
6455,1.0749787319798845
6456,1.1338469276445236
6457,1.2028497218890077
6458,-0.24292579590619026
6459,0.09889606873275991
6460,0.37014449737275523
6461,0.5808563094340297
6462,0.7403344549874562
6463,0.8562094511407737
6464,0.9599968367055863
6465,1.03398475420792
6466,1.0978546131780322
6467,1.1643702341071334
6468,1.2363360821945422
6469,-0.550018288756584
6470,-0.004106661290965333
6471,0.23027268610168822
6472,0.4668297624222556
6473,0.71397687029218
6474,0.8349136937923085
6475,0.953163780080389
6476,1.0198671370040477
6477,1.0919620038294404
6478,1.151462536027562
6479,1.2301625270523608
6480,-0.6778681139288578
6481,-0.28091689153926386
6482,0.11088997255843205
6483,0.3781752316887167
6484,0.5795862174505538
6485,0.7266269333530098
6486,0.8591987406865853
6487,0.9396393036525788
6488,1.0144214796719007
6489,1.0828948846325095
6490,1.1688883760384292
6491,-0.36839380860328674
6492,-0.5861549341417194
6493,-0.15744560484100797
6494,0.16535236023979372
6495,0.40913801712239306
6496,0.5818902109112893
6497,0.7391040194602339
6498,0.8428484946254766
6499,0.9363873917122516
6500,1.015764340555531
6501,1.10846651094515
6502,-0.44190946221351624
6503,-1.005989813459123
6504,-0.4837270197765369
6505,-0.08516798782884916
6506,0.2074773905171462
6507,0.4195673261269566
6508,0.5963895279139252
6509,0.7210901719546761
6510,0.8365678783000179
6511,0.9337243938014833
6512,1.0414536166118846
6513,-0.46682316064834595
6514,-0.21449418365955353
6515,-0.8063460432870915
6516,-0.338400056236951
6517,0.011896247771257959
6518,0.26273858153276886
6519,0.4736738007465539
6520,0.6221357493127513
6521,0.7562013817838236
6522,0.8686618990132198
6523,0.9871694478548847
6524,-0.2837717533111572
6525,-0.06513772159814835
6526,0.11121144145727158
6527,0.2682378888130188
6528,0.4017464518547058
6529,0.5219988822937012
6530,0.6191242337226868
6531,0.7158266305923462
6532,0.7973995208740234
6533,0.8730891942977905
6534,0.935651957988739
6535,-0.07180303752961781
6536,0.1730766856833017
6537,0.3759696012713518
6538,0.548206035426712
6539,0.663905454481537
6540,0.7515289275131379
6541,0.8247520198963179
6542,0.8786250300008369
6543,0.9400911234716016
6544,1.0003570123742977
6545,1.0602880856664385
6546,-0.09480737513473725
6547,0.18095942677083499
6548,0.3984471672314708
6549,0.5727501826767069
6550,0.6951721391513731
6551,0.7849286832135861
6552,0.8550132006715173
6553,0.9115530816069946
6554,0.9666200128933222
6555,1.0310284969895576
6556,1.0921351165972606
6557,-0.1331830187996326
6558,0.15849745904765739
6559,0.3860043430984432
6560,0.5729902973859469
6561,0.6992470264845927
6562,0.7965811463061545
6563,0.8705961604106669
6564,0.9333732581582692
6565,1.0121969284698085
6566,1.0804557422657772
6567,1.1437697354857335
6568,-0.15955411273375755
6569,0.14188235704644703
6570,0.38267407086213456
6571,0.5815467091065838
6572,0.7183206455341533
6573,0.8205291148310516
6574,0.9063553100700172
6575,0.9729478156587834
6576,1.0338857793007636
6577,1.10409549313631
6578,1.1704948316053936
6579,-0.2673567484594713
6580,0.07376666878625876
6581,0.3338237869687123
6582,0.5523188545006364
6583,0.6878798123971084
6584,0.807745475842179
6585,0.8984681710406738
6586,0.9730390094508659
6587,1.0469950219404456
6588,1.1179623067814666
6589,1.187838981660288
6590,-0.3834988842943904
6591,-0.008661100935704373
6592,0.2738292632398815
6593,0.4938630570118574
6594,0.6559100306099426
6595,0.7821008921524315
6596,0.8895640218328201
6597,0.9746608464968914
6598,1.0529277236855137
6599,1.1313139791028783
6600,1.2045303236244753
6601,-0.6180950395822203
6602,-0.10782113288545914
6603,0.20552218198715277
6604,0.45372464689280845
6605,0.6340412986523105
6606,0.7661970257439665
6607,0.8139456312901959
6608,0.8925655253665441
6609,0.9681592846945455
6610,1.0402315213519238
6611,1.1197685800604886
6612,-0.8436545799213643
6613,-0.38824325829479944
6614,-0.009103927100332296
6615,0.278122370269439
6616,0.48955142756600706
6617,0.6454900551589562
6618,0.7836134838023248
6619,0.8781549952511098
6620,0.9742117683108471
6621,1.0537575887054833
6622,1.1446187883143022
6623,-0.4823487401008606
6624,-0.7134113377012276
6625,-0.27050696252823814
6626,0.07122286566935741
6627,0.32134507856812033
6628,0.5088840050014378
6629,0.6750673938893256
6630,0.7891157702172628
6631,0.90095180448996
6632,0.9925510556997585
6633,1.0859710801505682
6634,-0.560491681098938
6635,-1.1101922314906019
6636,-0.5773629134195569
6637,-0.17423240588296568
6638,0.12900990352395592
6639,0.3576496998236461
6640,0.5425628791281414
6641,0.6793158204731009
6642,0.8101176425741816
6643,0.9186681071133194
6644,1.026233156638792
6645,-0.5845076441764832
6646,-0.31525731086730957
6647,-0.8863370606535066
6648,-0.4173869945268601
6649,-0.05995773961974205
6650,0.20273292857873126
6651,0.4203457179954069
6652,0.5830055788345502
6653,0.7313245175098204
6654,0.8535704449926687
6655,0.9715239385096166
6656,-0.31607741275196055
6657,-0.04491289522439478
6658,0.17079079035153238
6659,0.3527245503209859
6660,0.48904764042333504
6661,0.601415512843651
6662,0.6989420920946947
6663,0.7805794145155995
6664,0.8571832990459105
6665,0.9241287291178362
6666,0.9914570130027758
6667,-0.2986107056695718
6668,-0.006593304924889368
6669,0.21046908121649943
6670,0.39914345514663946
6671,0.5401374283353217
6672,0.6575633592628589
6673,0.758193126141647
6674,0.8487677837820226
6675,0.9277032737562725
6676,0.9947755368171052
6677,1.0601688531125086
6678,-0.332368908389054
6679,-0.011259827217485915
6680,0.22344489625352842
6681,0.41402795067244413
6682,0.5629456748219437
6683,0.6840071685769535
6684,0.785441142565983
6685,0.8700844796205587
6686,0.9699230744154906
6687,1.0405815214806715
6688,1.1085540271503858
6689,-0.35886224001338285
6690,-0.024829322128826624
6691,0.21483425157464153
6692,0.4180536509832005
6693,0.5653712000212863
6694,0.6923653335550881
6695,0.7991295608276667
6696,0.8828745364499775
6697,0.9653927113325269
6698,1.0521368371903357
6699,1.1220580956919473
6700,-0.4192820755693948
6701,-0.08126566133236171
6702,0.1680535769743671
6703,0.37939126675869084
6704,0.5406355481678458
6705,0.6724592508532932
6706,0.7910167971223142
6707,0.8708170431128011
6708,0.9424380168060068
6709,1.0098230651764413
6710,1.0748689855149882
6711,-0.4861425036810665
6712,-0.09136909539232421
6713,0.17154833219587676
6714,0.3928649876245087
6715,0.5615157790043537
6716,0.697790289935798
6717,0.8159089553133931
6718,0.9077218324745644
6719,0.9932717921945191
6720,1.0756391255991349
6721,1.1378957471646083
6722,-0.6295218835157529
6723,-0.1999904465257603
6724,0.0936333152163372
6725,0.32993273715500837
6726,0.5224961232629817
6727,0.6856291169229671
6728,0.8103860753121748
6729,0.9060841743966463
6730,1.0011494517790909
6731,1.0668120125727847
6732,1.154050667280731
6733,-0.8722467578638073
6734,-0.32534752357435104
6735,0.0009753241658926465
6736,0.26967144047602915
6737,0.4706299332107813
6738,0.6234327412538094
6739,0.7588100041496026
6740,0.8488986471758057
6741,0.9508799057977108
6742,1.0280520481076902
6743,1.1105768905832911
6744,-1.0424156219776908
6745,-0.5404819191146922
6746,-0.16062874672761018
6747,0.13417663171323996
6748,0.3602940874032122
6749,0.5363106745077726
6750,0.6827960278209475
6751,0.7881388540219157
6752,0.8975924458725919
6753,0.98170840413023
6754,1.070377115246972
6755,-0.826677143573761
6756,-0.8491688841034203
6757,-0.40512681071196255
6758,-0.05997004578573185
6759,0.20256835558586095
6760,0.40763497036640794
6761,0.5811973175074641
6762,0.7024203074635178
6763,0.8258832474025295
6764,0.9193314747429144
6765,1.0150887735569383
6839,-0.2707856297492981
6840,-0.07491064071655273
6841,0.0844951868057251
6842,0.22875912487506866
6843,0.347234308719635
6844,0.6454085111568733
6845,0.6968129246853263
6846,0.6804206118052043
6847,0.5367329908511773
6848,0.44740418795419207
6849,0.6327393624083806
6850,0.03827994658406981
6851,0.21403040333960305
6852,0.3994134500469993
6853,0.46679982057847746
6854,0.621417854202812
6855,0.6846340026096387
6856,0.7334050856889021
6857,0.7473943064636142
6858,0.8229824989856807
6859,0.8291261002239174
6860,0.8625737977935504
6861,0.028620800856172416
6862,0.22905471162747337
6863,0.41448051722367607
6864,0.42153572258169203
6865,0.5453885494182499
6866,0.6922122967396529
6867,0.5763612328706622
6868,0.6673208230001402
6869,0.7531813489593708
6870,0.8337400185119432
6871,0.9224927217060022
6872,0.03407986680034518
6873,0.24281078123893343
6874,0.42826491574352576
6875,0.38407874880622
6876,0.4439129025107583
6877,0.578450992958988
6878,0.6904628201168626
6879,0.6418529152931656
6880,0.6991809796866015
6881,0.7963836148703538
6882,0.9220627975188483
6883,1.9040147104945095e-05
6884,0.19731482964409097
6885,0.390223039680569
6886,0.2946868454132895
6887,0.2767160261193081
6888,0.39654335176713407
6889,0.6967165716931192
6890,0.7419757113417305
6891,0.6386422665199545
6892,0.7774293323407715
6893,0.9055063943090995
6894,-0.04303246306137975
6895,0.16038901983989196
6896,0.3501311787158652
6897,0.2107805245402216
6898,0.15024502514229354
6899,0.2989921131821309
6900,0.5762420599383602
6901,0.6530113016843669
6902,0.7278501879164856
6903,0.7973696967369823
6904,0.8918715657880161
6905,-0.027209146786491396
6906,0.17718832899433987
6907,0.37669414616634556
6908,0.18245339701146535
6909,0.15414518523344442
6910,0.31252941209995433
6911,0.46332786927722613
6912,0.6696080772703782
6913,0.7269398934131828
6914,0.673788458533363
6915,0.9200318284174537
6916,-0.03605264643924661
6917,0.1664848972433233
6918,0.366096222072157
6919,0.11882366151374535
6920,0.20256140819958218
6921,0.37269111032680313
6922,0.5168770282798905
6923,0.6992591435959862
6924,0.7602191802541148
6925,0.8350202840094227
6926,0.9654693540831926
6927,-0.04687136651564097
6928,0.14936904649695804
6929,0.33789935619665784
6930,0.08587269430096162
6931,0.2235432171791869
6932,0.3890205729359969
6933,0.6491434099836972
6934,0.7203622010075705
6935,0.7881570656882269
6936,0.8421414112700039
6937,0.9479672796396352
6938,-0.07270967642252535
6939,0.10647442395263575
6940,0.29372298148001613
6941,0.09436160775797339
6942,0.06184154813497102
6943,0.3462766990563228
6944,0.4967664096402316
6945,0.5794353046971392
6946,0.662562623539922
6947,0.7421847458226642
6948,0.8984822939020216
6949,-0.10479230743182896
6950,0.027559961742391857
6951,0.22970672642267367
6952,0.10662733826965784
6953,0.17157226765461953
6954,-0.10201461193916574
6955,0.15804597363763198
6956,0.3156772612367712
6957,0.5501597527792585
6958,0.639908795506393
6959,0.8348577365831017
6960,-0.3199319839477539
6961,-0.0878729373216629
6962,0.10372352600097656
6963,-0.10794534092779882
6964,0.09027806057017165
6965,-0.8462594330860403
6966,-0.36895621588074873
6967,-0.1255067453016425
6968,0.13827471775980224
6969,0.27432304833116916
6970,0.6692828232620551
6971,-0.3906013071537018
6972,-0.15438131988048553
6973,0.042523883283138275
6974,-0.025876207513724492
6975,0.33582015908174667
6976,0.4503636318736202
6977,-1.1038870853515124
6978,-0.5509439347599219
6979,-0.242486092452088
6980,0.012053977608089655
6981,0.5121420217206225
6982,-0.4598070979118347
6983,-0.6305518118121772
6984,-0.19771370298225036
6985,0.07110127500358315
6986,0.26417932573943714
6987,0.39358411960656137
6988,0.5076920169305315
6989,0.5822845735843617
6990,0.6606705769844067
6991,0.7342845270127708
6992,0.8245899781758153
6993,-0.5287870168685913
6994,-0.2859256863594055
6995,-0.4094642090754074
6996,-0.06871646931265568
6997,0.15359619304144828
6998,0.30258310437159
6999,0.4377644119007043
7000,0.5265155723439734
7001,0.6108340105280318
7002,0.6943036614171272
7003,0.78820404400905
7004,-0.5780171155929565
7005,-0.3329806923866272
7006,-0.583491778545218
7007,-0.20285168168871795
7008,0.04192804471934054
7009,0.22481572837782057
7010,0.374885394097519
7011,0.47319680008431864
7012,0.5704152531935065
7013,0.6588229026790899
7014,0.761511644567959
7015,-0.0918542749728378
7016,0.11412652851178696
7017,0.2912280808215807
7018,0.41459115320811224
7019,0.5408204626074327
7020,0.6180889689339711
7021,0.6764141152607717
7022,0.3820113415427045
7023,0.5239041919296583
7024,0.6339379499278852
7025,0.8374146059680592
7026,-0.08565731061874797
7027,0.12525779190249084
7028,0.32054840715967564
7029,0.37628695378856925
7030,0.5425928856708234
7031,0.6473433880546395
7032,0.2919300060031286
7033,0.4417878957527732
7034,0.5697715739943134
7035,0.6634798175725817
7036,0.8450502115184563
7037,-0.10544645755467347
7038,0.141216335064942
7039,0.3253923044452236
7040,0.3283305895602917
7041,0.4400748049263101
7042,0.6453240312221834
7043,0.7083283688999515
7044,0.47655684348851046
7045,0.40842705850819216
7046,0.423929859134176
7047,0.6572814295663121
7048,-0.10073212824613983
7049,0.12349470579211834
7050,0.3177075890666028
7051,0.2625622492613873
7052,0.3172806737639908
7053,0.45127868772848134
7054,0.6108334878147583
7055,0.6863423225487689
7056,0.4850934648522469
7057,0.5851942555037298
7058,0.8121961175312813
7059,-0.11470184498184907
7060,0.11933152719498258
7061,0.3145920854113109
7062,0.2232894075732323
7063,0.19200892057258867
7064,0.34652932397953984
7065,0.7345893252699215
7066,0.7135615623690416
7067,0.71749253881462
7068,0.7335956593401094
7069,0.8722104839680485
7070,-0.17382337834010575
7071,0.06697816513452737
7072,0.2601701662647825
7073,0.123928223983414
7074,0.08211434305370863
7075,0.26606944328427745
7076,0.6486948275898529
7077,0.7035546905173214
7078,0.7720705952715186
7079,0.7851142359188911
7080,0.8250353418741461
7081,-0.15829414543528236
7082,0.08529197955525289
7083,0.29326896144547565
7084,0.10288372846219289
7085,0.08898507112513951
7086,0.2838062176812635
7087,0.5632396561879186
7088,0.7243027455344945
7089,0.8082739573577611
7090,0.8607383295102815
7091,0.969781431765359
7092,-0.20036373993948525
7093,0.036535353972297846
7094,0.24077841550666038
7095,-0.0006300165015361639
7096,0.11829088175475325
7097,0.3107815169675981
7098,0.4586199320267313
7099,0.7019220609006322
7100,0.7718444642088678
7101,0.8532421850952828
7102,0.954259428741098
7103,-0.20333864226916454
7104,0.02679351927381876
7105,0.22048149617389654
7106,-0.020197816814586964
7107,0.11170428728228536
7108,0.2966793930911633
7109,0.5920804687757377
7110,0.6717511621776165
7111,0.755726575952445
7112,0.8333935049822166
7113,0.926719024280978
7114,-0.2252240734388492
7115,-0.015893057050495638
7116,0.17862893573102545
7117,-0.008780330123153386
7118,-0.026733979986062462
7119,0.2934808357366426
7120,0.44594694698367443
7121,0.5462301503942005
7122,0.6534609477316204
7123,0.7425363885874987
7124,0.8820692832317104
7125,-0.2517766582510278
7126,-0.08518026764758864
7127,0.12231426077049427
7128,0.004539823785818471
7129,0.07651208681616664
7130,-0.17341520772030494
7131,0.09251667976981168
7132,0.2619380670154423
7133,0.5201392468107376
7134,0.6263235999705457
7135,0.8112396136657811
7136,-0.26829418540000916
7137,-0.031577110290527344
7138,0.1657581776380539
7139,-0.20946053206135223
7140,-0.016882822292975025
7141,-0.9501647837946203
7142,-0.45833910762970287
7143,-0.18162836069336222
7144,0.07280645331047202
7145,0.2704846993049936
7146,0.648933972427598
7147,-0.3275327682495117
7148,-0.0873468890786171
7149,0.11085133254528046
7150,-0.1208916216262929
7151,0.2565667664554082
7152,0.38783514602798375
7153,-1.2218063626570443
7154,-0.5802099251706381
7155,-0.2749004327998554
7156,-0.009041039906581096
7157,0.49667537380720833
7158,-0.38148489594459534
7159,-0.13863644003868103
7160,0.06307072937488556
7161,-0.0254956250931275
7162,0.18907971979689425
7163,0.33303471591958567
7164,0.45436620750238177
7165,0.5404856772705384
7166,0.634385129850939
7167,0.7169644409421492
7168,0.8030795442726559
7169,-0.4369715750217438
7170,-0.19127702713012695
7171,-0.5009775975237012
7172,-0.15052165926186792
7173,0.08280825978828019
7174,0.2474092130733611
7175,0.38860380965031516
7176,0.4872611001421213
7177,0.5857248612636518
7178,0.6774242270819719
7179,0.769760795991592
7180,-0.49054908752441406
7181,-0.24093618988990784
7182,-0.680109526619288
7183,-0.2858124958290923
7184,-0.02993338807359569
7185,0.17026971669238922
7186,0.3243802654956607
7187,0.43419124218163324
7188,0.5447440882734813
7189,0.6411971491798425
7190,0.7426804011140065
7246,-0.21772480010986328
7247,-0.0015514374244958162
7248,0.17468848824501038
7249,0.3284379541873932
7250,0.46327558159828186
7251,0.5802184343338013
7252,0.6798936128616333
7253,0.7710403203964233
7254,0.850136399269104
7255,0.7354669981383752
7256,0.7147751297431889
7257,-0.3235296541789793
7258,-0.07255701881810339
7259,0.12003100895746367
7260,0.2201915669388436
7261,0.399507085837733
7262,0.503330723627015
7263,0.5871809920544726
7264,0.5326317560316509
7265,0.6374467246107833
7266,0.7274693204992926
7267,0.826301102766529
7268,-0.3356476416843043
7269,-0.057090395551995576
7270,0.13197166839491398
7271,0.17056394165890654
7272,0.3319007623560547
7273,0.5199197797148731
7274,0.40239904021756856
7275,0.5158233413549301
7276,0.62332800450738
7277,0.7131696904190468
7278,0.8314817252814315
7279,-0.3471373347832222
7280,-0.0616422741901558
7281,0.12962502000005544
7282,0.1134870118915918
7283,0.20627296612068488
7284,0.4111548523116866
7285,0.5552161731647418
7286,0.4899944100864375
7287,0.4715167776465431
7288,0.64619817729093
7289,0.7831406951789113
7290,-0.35889104891681306
7291,-0.08598318054252997
7292,0.11418824963279481
7293,0.04365353691174222
7294,0.06218370207927453
7295,0.2359992842006961
7296,0.5693673320467614
7297,0.6529944460633486
7298,0.48999738717932473
7299,0.6997619428138148
7300,0.8425856672201577
7301,-0.3967452610486766
7302,-0.11824616629471929
7303,0.07767428942823848
7304,-0.03866418370333038
7305,-0.062039129127565644
7306,0.14590941748989514
7307,0.45082187496982573
7308,0.5610659710941787
7309,0.6468573876027485
7310,0.7317050023441303
7311,0.8317935022736399
7312,-0.40367681497761626
7313,-0.12284362195467136
7314,0.07292787544654647
7315,-0.09170763368537835
7316,-0.08717719176118657
7317,0.13311425252729728
7318,0.2885443617743289
7319,0.508180042549059
7320,0.6142625230085509
7321,0.5115177567037503
7322,0.78732432250979
7323,-0.44058322203440403
7324,-0.15554355661361272
7325,0.045810307123344475
7326,-0.17402012829513125
7327,-0.06424921928800614
7328,0.15570155912418918
7329,0.3178048823252366
7330,0.5206352687420222
7331,0.6248483411820527
7332,0.7168623434138599
7333,0.8475442883662014
7334,-0.4303520097542064
7335,-0.1514427095867228
7336,0.033945607451246716
7337,-0.18588450545552604
7338,-0.009585886541491118
7339,0.18660048472898888
7340,0.45254985586675567
7341,0.5604339171700731
7342,0.6591289797752627
7343,0.7386272935572946
7344,0.8437421073096139
7345,-0.46123637517831934
7346,-0.20189511075228736
7347,-0.00534126931959008
7348,-0.17465457011483632
7349,-0.18080013920492574
7350,0.1445860424559996
7351,0.30917380547832096
7352,0.4294181127277919
7353,0.543855006608897
7354,0.6393754781055633
7355,0.7945904236131108
7356,-0.4867148035209176
7357,-0.2711097221478075
7358,-0.06194902390541269
7359,-0.1576858773963754
7360,-0.06747336402419898
7361,-0.2879630211372618
7362,-0.012718271519707731
7363,0.1730987540905306
7364,0.4210276960937105
7365,0.5289451861556814
7366,0.7272105781020718
7367,-0.3793209195137024
7368,-0.1233816146850586
7369,0.08618345111608505
7370,-0.3669363946614884
7371,-0.14554317259740707
7372,-1.0480565550354166
7373,-0.5871487142577401
7374,-0.28809916288100534
7375,-0.048469457739907885
7376,0.15177686411506291
7377,0.5501754260073765
7378,-0.4203795790672302
7379,-0.16184911131858826
7380,0.04830961301922798
7381,-0.2662245568655287
7382,0.11583826741315012
7383,0.2700819702797693
7384,-1.2677075993581726
7385,-0.6614991213109069
7386,-0.3678911494608356
7387,-0.10538839107738063
7388,0.40662359761072325
7389,-0.4623199999332428
7390,-0.9269561441693746
7391,-0.48159800641520606
7392,-0.18223596662075625
7393,0.040984631010619936
7394,0.20693122212983336
7395,0.3443546245026795
7396,0.440506994687378
7397,0.544957312001471
7398,0.6304492335549471
7399,0.7187188194741547
7400,-0.5182844400405884
7401,-0.2610246539115906
7402,-0.6722836941654791
7403,-0.31297022209129627
7404,-0.06349220277332014
7405,0.12218732485445644
7406,0.2751830905294066
7407,0.3852511422812689
7408,0.4949731772079424
7409,0.5893261688963417
7410,0.6809165871948089
7411,-0.5979472398757935
7412,-0.3368300497531891
7413,-0.8419383440165815
7414,-0.44113760011111813
7415,-0.16866937454121694
7416,0.0450855254349321
7417,0.21336520933781306
7418,0.3328758691593693
7419,0.45317559529273854
7420,0.5494922875573717
7421,0.6499629965758467
7475,-0.5107607841491699
7476,-0.31222835183143616
7477,-0.1460716724395752
7478,0.002773857209831476
7479,0.1331510990858078
7480,0.23844966292381287
7481,0.34106409549713135
7482,0.4264753460884094
7483,0.5065266489982605
7484,0.5749143362045288
7485,0.6398342847824097
7486,-0.42448097467422485
7487,-0.22384288907051086
7488,-0.0559709295630455
7489,0.5500285058652166
7490,0.6379146426490907
7491,0.6915008757860222
7492,0.7376439775894206
7493,0.27612184926380645
7494,0.4111469669436685
7495,0.5155200877347362
7496,0.8033934666883529
7497,0.1622370992561937
7498,0.3253209488740405
7499,0.4982036186466243
7500,0.5446556521809797
7501,0.6929096129340732
7502,0.7415557686817345
7503,0.7854868271230768
7504,0.8027048243956147
7505,0.8220543432188874
7506,0.7849655438072952
7507,0.8786762715632394
7508,0.1475049585842431
7509,0.34520051011225283
7510,0.5138215291633871
7511,0.4963318099527442
7512,0.5951095924736314
7513,0.7502693353479328
7514,0.7371742418673067
7515,0.7956822963676418
7516,0.8411153567020232
7517,0.8938588433279081
7518,0.9427779512036654
7519,0.16162773101018868
7520,0.35230243346513995
7521,0.5282061146610104
7522,0.4617913192354408
7523,0.4987452379552817
7524,0.6151266776165856
7525,0.7236258822979871
7526,0.7152674285248258
7527,0.8155809667415983
7528,0.9119476393359266
7529,1.0006469351709222
7530,0.166060948453081
7531,0.353287700636703
7532,0.5325762643996573
7533,0.42068372105764174
7534,0.3760032818357578
7535,0.4872751756233629
7536,0.8067268874848347
7537,0.8461586824390788
7538,0.7679774009333191
7539,0.8993822058052425
7540,0.9899594433028784
7541,0.11160597502934422
7542,0.30467375221973936
7543,0.47841139280537776
7544,0.31998618339002494
7545,0.24900881195546876
7546,0.3861165812341568
7547,0.7075292974639864
7548,0.7733942455303464
7549,0.8130345387070519
7550,0.8744836696449705
7551,0.9504978095622418
7552,0.11830380220605832
7553,0.32130410459136105
7554,0.47432370151304304
7555,0.2767342126322422
7556,0.2083790644568433
7557,0.39666892026634426
7558,0.7176602313479581
7559,0.8165696478309353
7560,0.8489184100521945
7561,0.9272977365004842
7562,1.020087602056321
7563,0.10364782157075902
7564,0.29736421411803005
7565,0.4831999465590034
7566,0.20917391740030122
7567,0.36513709534115374
7568,0.5078263388587602
7569,0.6195504642744467
7570,0.8608781651713913
7571,0.8984050259652063
7572,0.9531082661279746
7573,1.0356395044173654
7574,0.09299009346998624
7575,0.2852399004195323
7576,0.45691497515900154
7577,0.1476258840475164
7578,0.10888506451617513
7579,0.36774988706188794
7580,0.7558907679272553
7581,0.7949249390941734
7582,0.8120281918957359
7583,0.7734368846068966
7584,0.8715579294859723
7585,0.03122856545591228
7586,0.16973454111329936
7587,0.3597285088837804
7588,0.20539649892153436
7589,0.2356071155793741
7590,0.01354845276456726
7591,0.25077000702955254
7592,0.3964249913909072
7593,0.5317906530174845
7594,0.6343718787449051
7595,0.8615203465429692
7596,-0.5065430402755737
7597,-0.27836623787879944
7598,-0.08840908855199814
7599,-0.017101618879217954
7600,0.1414908276490664
7601,-0.9069833278142826
7602,-0.41169622775337367
7603,-0.1239930963998505
7604,0.34800215142261126
7605,0.31497705132960396
7606,0.6730775040252467
7607,-0.5675429105758667
7608,-0.335138201713562
7609,-0.1400926560163498
7610,0.06452113959677493
7611,0.4212215172787328
7612,0.5325267218270849
7613,0.15479986088125533
7614,0.10685839652787817
7615,0.48321330074136176
7616,0.309295979362617
7617,0.5097856147047616
7618,-0.625589907169342
7619,-0.38730162382125854
7620,-0.18944141268730164
7621,0.13913538780076026
7622,0.3603826569787486
7623,0.48306753044903744
7624,0.20556668564355138
7625,0.40414293379509697
7626,0.5073285531521312
7627,0.6795246713363248
7628,0.8285072850521892
7629,-0.7059341669082642
7630,-0.46156397461891174
7631,-0.30553413744082897
7632,0.02357128331935865
7633,0.23403796004019228
7634,0.3792702205537387
7635,0.5019330550881995
7636,0.5854982575547255
7637,0.6644032080082882
7638,0.7461208852032766
7639,0.8388909420094919
7640,-0.7563521265983582
7641,-0.5089604258537292
7642,-0.49760839446821153
7643,-0.12298045770989378
7644,0.11575537071844888
7645,0.29293842960659633
7646,0.43427080700670384
7647,0.5294438372471308
7648,0.6209580968983114
7649,0.7070554321534903
7650,0.809543206647942
7772,-0.40047281980514526
7773,-0.16498234868049622
7774,0.030210375785827637
7775,0.2236597094896871
7776,0.37131101723855575
7777,0.47180156339315443
7778,0.5621165827354081
7779,0.13171527111123715
7780,0.3038856489106174
7781,0.4393828803340929
7782,0.705069086629125
7783,-0.3680875571272285
7784,-0.09822476183836368
7785,0.10333673104855427
7786,0.19831466766169203
7787,0.39243774378052915
7788,0.5001238322450468
7789,0.5878715708250053
7790,0.6552090318998351
7791,0.7167818663757684
7792,0.7024740003496325
7793,0.7644301069513075
7794,-0.38193329042598134
7795,-0.08973838468759077
7796,0.11483434429013092
7797,0.15546877700399608
7798,0.31276822926250497
7799,0.5156094241612106
7800,0.4349961959189073
7801,0.576856358303402
7802,0.6840615344176556
7803,0.7730230316153097
7804,0.8614169436040595
7805,-0.3953558199807514
7806,-0.09027147256071466
7807,0.10828709579175433
7808,0.09570433950566634
7809,0.2028909537148103
7810,0.3975552195514027
7811,0.5475805381390686
7812,0.4919536739253228
7813,0.5903659581977905
7814,0.6717520112297228
7815,0.8058976768979129
7816,-0.40998016748853067
7817,-0.1063882433884561
7818,0.10083438260432723
7819,0.035735628303419587
7820,0.049884650161828394
7821,0.2308904266870793
7822,0.5913323220088484
7823,0.676723179555712
7824,0.6467799313323963
7825,0.7831038036298508
7826,0.8854257127453273
7827,-0.45088462924538664
7828,-0.15568517913623986
7829,0.043615805496193094
7830,-0.06743389769781966
7831,-0.08861787475077501
7832,0.12350769610632724
7833,0.4555679970256723
7834,0.5777039471222454
7835,0.6672027294522405
7836,0.7536485309466374
7837,0.8418373460495423
7838,-0.4470025472752512
7839,-0.14287159549965128
7840,0.06394879907297546
7841,-0.10038185490854941
7842,-0.08831782824822285
7843,0.13761829209984555
7844,0.3709147083352322
7845,0.5815793986585754
7846,0.6969862707472023
7847,0.6786342060961152
7848,0.8568811654035593
7849,-0.4819328064321867
7850,-0.18126005184186855
7851,0.028636206587704105
7852,-0.18189754530839197
7853,-0.08351678727733376
7854,0.1348067767944618
7855,0.3095874866874443
7856,0.5126604191285177
7857,0.6149519079147403
7858,0.7121057968132163
7859,0.8423274652188761
7860,-0.47650436108916905
7861,-0.18317818762685892
7862,0.014586260789803858
7863,-0.21606494534373483
7864,0.0037029917341724512
7865,0.19970700125316387
7866,0.4276203890028887
7867,0.5327719472688228
7868,0.6414626969795079
7869,0.7252388678773989
7870,0.8355287074381236
7871,-0.5053322744831371
7872,-0.22498539048137445
7873,-0.024902508214597514
7874,-0.2015887200864317
7875,-0.213269657207197
7876,0.07264321280345537
7877,0.2567332882549251
7878,0.3867066301850681
7879,0.5112359966749616
7880,0.6144743389796146
7881,0.7868586695771915
7882,-0.5265855225684378
7883,-0.2954720777390585
7884,-0.0789044774595836
7885,-0.18266239715669447
7886,-0.10201361930484992
7887,-0.2795452940601797
7888,-0.006430218713459938
7889,0.1786064597923927
7890,0.377663355148981
7891,0.5051299554596123
7892,0.7160009154246567
7893,-0.5549804374975383
7894,-0.3506043303066654
7895,-0.12884632064079948
7896,-0.164547627785107
7897,0.012456346998329242
7898,-0.3987911050465722
7899,-0.0846530849364353
7900,0.11615418457780537
7901,0.17765844286108506
7902,0.6317793190644239
7903,0.5214913460599582
7904,-0.6813527345657349
7905,-0.39838871359825134
7906,-0.1667470932006836
7907,-0.30578438430634625
7908,0.09584855180701436
7909,0.20894682708860307
7910,0.39111088555668105
7911,-0.08094268658818538
7912,0.20392533351871295
7913,0.12205048313569047
7914,0.3637507261280244
7915,-0.7504985928535461
7916,-0.46662187576293945
7917,-0.23430557548999786
7918,-0.19388081515482375
7919,0.039849663248383536
7920,0.2102143179847013
7921,0.340513570430805
7922,0.4420376953169545
7923,0.5477998996740379
7924,0.6327527787404394
7925,0.7188608430926986
7926,-0.41486836653460774
7927,-0.14042329201512332
7928,0.0509391119558478
7929,0.18204244848472112
7930,0.3428132151134923
7931,0.4542006780682991
7932,0.5456703578292834
7933,0.3782800988951779
7934,0.504698347079235
7935,0.6354764483314963
7936,0.7968566092156335
7937,-0.41514200131112583
7938,-0.1362981337861005
7939,0.06698391033079967
7940,0.14627213733063596
7941,0.3448980421726672
7942,0.47392158360378667
7943,0.12007499260097454
7944,0.3000027335427182
7945,0.4666928007623292
7946,0.5864242312323483
7947,0.7628990514920369
7948,-0.43253545393265147
7949,-0.12584962256063265
7950,0.07047923530914987
7951,0.09702096222769592
7952,0.2395535591603243
7953,0.4829281363045319
7954,0.5759994218778759
7955,0.5003158099490158
7956,0.5108646572248404
7957,0.4010816353335578
7958,0.5919700200090239
7959,-0.4016549269209381
7960,-0.1290722554529296
7961,0.07096096164057486
7962,0.046422209989750184
7963,0.14304836122334627
7964,0.3194590562503339
7965,0.49295219392266754
7966,0.5684595142217759
7967,0.6811726377327687
7968,0.6272782230973798
7969,0.7395919921031713
7970,-0.42479776301587135
7971,-0.15987698390124544
7972,0.0551485486271708
7973,-0.01363749430324583
7974,0.0001494647295947997
7975,0.18480516539493286
7976,0.5643721174917233
7977,0.6608878188425396
7978,0.7440101564340429
7979,0.7625475907407105
7980,0.7736103730215793
7981,-0.4652926071240864
7982,-0.1967485694484009
7983,0.0020228464716902372
7984,-0.10944170417315886
7985,-0.12380012265750712
7986,0.10225565067336279
7987,0.4700973814940822
7988,0.5637876050005617
7989,0.6642080640020341
7990,0.6869882438056605
7991,0.6898871425080068
7992,-0.44612346174506434
7993,-0.14719700350144566
7994,0.061574115918458065
7995,-0.10447868056082578
7996,-0.0850238329194244
7997,0.14230315967659923
7998,0.4572009418494893
7999,0.6434238205430499
8000,0.774453239007471
8001,0.8654187294517905
8002,0.8726917494552482
8003,-0.48157711480154
8004,-0.192453308302016
8005,0.014003498063890195
8006,-0.20443852553174696
8007,-0.05610909620427656
8008,0.1639007359541919
8009,0.33826281543357206
8010,0.6088352748282055
8011,0.7261130212515647
8012,0.8017946286957918
8013,0.9023033908991999
8014,-0.4783544098275602
8015,-0.18857027195981443
8016,0.004312100899962368
8017,-0.21871618978063193
8018,-0.05637375424809826
8019,0.12606545056164592
8020,0.4819928918472676
8021,0.5924344911862838
8022,0.7048212850442337
8023,0.7932521301198334
8024,0.880380402069049
8025,-0.5758348979191595
8026,-0.3181660622266714
8027,-0.11242390981000616
8028,-0.27635539073504634
8029,-0.25575730586584083
8030,0.1346900352180567
8031,0.29891840155785077
8032,0.42022637219740244
8033,0.5411714407095225
8034,0.6352318424812711
8035,0.7502099555051589
8036,-0.6020772423198886
8037,-0.38677711007270327
8038,-0.1696575428286961
8039,-0.2547464240493682
8040,-0.13290838739613411
8041,-0.420255597445566
8042,-0.1241838874456539
8043,0.07059335567053096
8044,0.4645497684764686
8045,0.5603864778461236
8046,0.7001113615817135
8047,-1.0683848857879639
8048,-0.7477571368217468
8049,-0.4869976043701172
8050,-0.44089931007244987
8051,-0.159252176183808
8052,-0.6820791581163193
8053,-0.30186811011015613
8054,-0.03516090034124814
8055,0.18108361051612876
8056,0.36009868751451835
8057,0.5981939517756751
8058,-1.1189175844192505
8059,-0.7994022965431213
8060,-0.5393123626708984
8061,-0.3370475972105598
8062,0.0005258437859151305
8063,0.1587105490816677
8064,-0.7492867512199217
8065,-0.31111465854997206
8066,-0.04228101798907557
8067,0.19978289786538356
8068,0.5020643509688268
8124,-0.016015242785215378
8125,0.17276005446910858
8126,0.33224621415138245
8127,0.328971521233832
8128,0.4622321196827489
8129,0.5579734610869295
8130,0.7861185669898987
8131,0.8656555414199829
8132,0.7246057199693515
8133,0.7584923341377792
8134,0.7896578669521088
8135,-0.2050366488239253
8136,0.026079141739943315
8137,0.2196556896958271
8138,0.30244675495258755
8139,0.4954050885007785
8140,0.5923856310501746
8141,0.6714069875964255
8142,0.7013484519389745
8143,0.7760104759399427
8144,0.819288997024918
8145,0.9125576841478678
8146,-0.221430731482515
8147,0.041905529238079
8148,0.23197441317839046
8149,0.25620402545310206
8150,0.404139971532151
8151,0.6134712031535243
8152,0.5622853768373958
8153,0.6407413561767727
8154,0.7110487456196442
8155,0.7976076444594173
8156,0.9009661434341558
8157,-0.21676917160704265
8158,0.04285056964454258
8159,0.2388293161035825
8160,0.21518999615990692
8161,0.30688410687186873
8162,0.4948898383744907
8163,0.6335424834590624
8164,0.57378029301114
8165,0.5362640243043745
8166,0.6531601589982123
8167,0.786844608222029
8168,-0.2197114070741127
8169,0.033035019226756064
8170,0.21236849444224876
8171,0.1379988984750138
8172,0.15411334843607694
8173,0.326152881314526
8174,0.649001854817431
8175,0.7258596167650035
8176,0.47987761875804136
8177,0.7336076310789519
8178,0.8833710698134294
8179,-0.2817017718215704
8180,-0.022778102899844298
8181,0.1757326302252178
8182,0.05922261617916836
8183,0.04107848932682254
8184,0.24607309952667084
8185,0.5177565307918386
8186,0.6237925968845875
8187,0.6904285320992427
8188,0.7778145320740202
8189,0.8855867090807948
8190,-0.288378280572124
8191,-0.02438160692953148
8192,0.18520380084851348
8193,0.017696261484329363
8194,0.021159986259456573
8195,0.23600189290435641
8196,0.3066915947199952
8197,0.5554851396558251
8198,0.646198887837666
8199,0.4760099106534439
8200,0.8127448685733842
8201,-0.31493653209370287
8202,-0.04960048627450416
8203,0.16517488529906796
8204,-0.05610741603771605
8205,0.023628971313641105
8206,0.2388282121445038
8207,0.3992872962874723
8208,0.573037342323191
8209,0.6650348941174731
8210,0.7519553982781231
8211,0.9073786292694925
8212,-0.30715838132516093
8213,-0.05292820146034128
8214,0.1507710378959503
8215,-0.08852285094013776
8216,0.11596902543290788
8217,0.3036483335655249
8218,0.505619919188379
8219,0.5953441098635719
8220,0.6894370353411488
8221,0.7611095511155346
8222,0.8869042345301512
8223,-0.32881778465386136
8224,-0.09299091480982968
8225,0.1105080218145908
8226,-0.07287493702009847
8227,-0.09431654917771695
8228,0.1745027615009631
8229,0.33751756408223543
8230,0.4607654233288664
8231,0.5925905510692824
8232,0.6815619305156674
8233,0.8763623610886473
8234,-0.3552524407135127
8235,-0.16799876102578176
8236,0.05166784204412251
8237,-0.05713622856558316
8238,0.02509276043465279
8239,-0.1850741167782275
8240,0.08112801762444662
8241,0.26305992597082073
8242,0.44037778498375524
8243,0.5473209093271901
8244,0.7781531178958366
8245,-0.24371910095214844
8246,-0.22491607302695732
8247,-0.0008354615284793948
8248,-0.04275241405427709
8249,0.12728344118903356
8250,-0.30308935731252395
8251,0.006332863373572167
8252,0.20218932300706371
8253,0.6871098669593267
8254,0.774711985275215
8255,0.8590777012030517
8256,-0.28647303581237793
8257,-0.042380332946777344
8258,0.1591484099626541
8259,-0.18768436699137034
8260,0.18921657757964266
8261,0.237733336421932
8262,0.3811265679758242
8263,0.5153055853966061
8264,0.575748148333642
8265,0.6830532751439247
8266,0.7971016159224612
8267,-0.32486337423324585
8268,-0.07961668819189072
8269,0.12089721858501434
8270,-0.07871186546386945
8271,0.15188994852187526
8272,0.3130986474194315
8273,0.29425484462557916
8274,0.4527460855420782
8275,0.5552649360142272
8276,0.6785681740613315
8277,0.7714094114469787
8278,-0.3603000044822693
8279,-1.0467942072559961
8280,-0.5402918941338848
8281,-0.1881837706679872
8282,0.05611642393719403
8283,0.2318119465068969
8284,0.3754037096648113
8285,0.4829632037406585
8286,0.5870997839372092
8287,0.6781487161742401
8288,0.7692353234275449
8289,-0.4105660915374756
8290,-0.163307785987854
8291,-0.7153427312602063
8292,-0.32118197990525305
8293,-0.04948482361932728
8294,0.1578953689069421
8295,0.3168567896262773
8296,0.43269065673032525
8297,0.5468419439544523
8298,0.6409636239711624
8299,0.7400549622708942
8472,-0.9787505269050598
8473,-0.7744047045707703
8474,-0.6052170991897583
8475,-0.45873698592185974
8476,-0.3318992555141449
8477,-0.21993796527385712
8478,-0.1222657710313797
8479,-0.03464977815747261
8480,0.04362897947430611
8481,0.11398808658123016
8482,0.17696067690849304
8483,-0.7727957762636065
8484,-0.48396133705063143
8485,-0.31050910203177184
8486,-0.16884087253013155
8487,-0.06828262005450506
8488,0.030181993397533566
8489,0.12103237504405552
8490,0.1981397369664456
8491,0.27611283253163443
8492,0.3459986330499564
8493,0.40867879504934435
8494,-0.6769097795512804
8495,-0.4076673469663258
8496,-0.2406629039351967
8497,-0.07924926792546991
8498,0.040113529352364674
8499,0.15109581116901177
8500,0.24112815066842003
8501,0.3215049957775846
8502,0.3990714920038825
8503,0.4550302983754011
8504,0.5333419995345579
8505,-0.6132100935305931
8506,-0.29791330325234544
8507,-0.14850555827835354
8508,0.016626982425408575
8509,0.15658302744642733
8510,0.26393233154674345
8511,0.3564005877947616
8512,0.44058404670667406
8513,0.5177670418829645
8514,0.5683442416114869
8515,0.6341139076100599
8516,-0.5585912451148936
8517,-0.26245211391810785
8518,-0.10193355604996074
8519,0.06728247396262489
8520,0.20848236471196335
8521,0.31348975967560777
8522,0.405776951140292
8523,0.4887751677607367
8524,0.5666006986682627
8525,0.629173343571428
8526,0.6948974130091672
8527,-0.5128215724357446
8528,-0.2432878635183915
8529,-0.06750004587842165
8530,0.11004400498839598
8531,0.251874651102974
8532,0.35806710953511234
8533,0.4464939710919298
8534,0.5288843462103331
8535,0.6075777412110084
8536,0.6709316052750061
8537,0.7367398921967561
8538,-0.5130953894677468
8539,-0.2379010575744536
8540,-0.03504754376240765
8541,0.15426266886942308
8542,0.28959011951865643
8543,0.4018162963277465
8544,0.5017559847407767
8545,0.5823558035490464
8546,0.6604844607122007
8547,0.7259209512109519
8548,0.7985367499220182
8549,-0.48627095551500565
8550,-0.21656917707854592
8551,-0.003367966738707117
8552,0.18085870035705337
8553,0.3232094234000704
8554,0.43569129937680345
8555,0.5311671403111672
8556,0.6203755846766121
8557,0.699850814779811
8558,0.7654731500533742
8559,0.8336090481764078
8560,-0.4625678281232112
8561,-0.20174355511713782
8562,0.010657117722010036
8563,0.20978938814688303
8564,0.3498263585441944
8565,0.4628332737470287
8566,0.5595589668754388
8567,0.6486238371964541
8568,0.7290736018780598
8569,0.7972541902079796
8570,0.8673434941582197
8571,-0.4719175514799268
8572,-0.19367226853298516
8573,0.02492493921862872
8574,0.22125247230449852
8575,0.37573963377160036
8576,0.4920055014073309
8577,0.5894642325863051
8578,0.6799152282734722
8579,0.7601710344079832
8580,0.8311076978645511
8581,0.8996901065539378
8582,-0.49070561332198354
8583,-0.18820480894301794
8584,0.030511448498527292
8585,0.23350770156229153
8586,0.39275945049093686
8587,0.5106340991001863
8588,0.6131437752393041
8589,0.7047625581381249
8590,0.787340080418341
8591,0.8580393492051519
8592,0.9282801522117938
8593,-0.5030382770972828
8594,-0.2083677370766437
8595,0.03569646983645142
8596,0.24319234537463646
8597,0.4018385810013356
8598,0.5196496873212634
8599,0.6234845710042709
8600,0.7210384471465345
8601,0.8041202991048666
8602,0.8764600633872399
8603,0.9474659691975293
8604,-0.5422484420764955
8605,-0.21670247884443916
8606,0.03655041147447124
8607,0.2452803828854346
8608,0.4058238465207947
8609,0.5314427402348946
8610,0.6365134442035315
8611,0.7355429842374279
8612,0.819257202783159
8613,0.8919306506253212
8614,0.9648675486042857
8615,-0.5509253399900094
8616,-0.21850242034552858
8617,0.022945285700038433
8618,0.23432682971865038
8619,0.4019329863811194
8620,0.5302485820759556
8621,0.6411116194908392
8622,0.7426302759412666
8623,0.8269812087331854
8624,0.9025387830804503
8625,0.9768944883299355
8626,-0.6523889260604481
8627,-0.2364658310920285
8628,0.022322884394964316
8629,0.24660406980737243
8630,0.41079620877880424
8631,0.5463301259981643
8632,0.6579129019989176
8633,0.7654518627853399
8634,0.851213894662899
8635,0.930660570869716
8636,1.006235010980638
8637,-0.6630506117653998
8638,-0.27707254644855905
8639,-0.007611919489438212
8640,0.2211635888986202
8641,0.3981880100763666
8642,0.5357599453002166
8643,0.6528094457636626
8644,0.7523680452151145
8645,0.8416928992850169
8646,0.923347442711447
8647,1.0001405918304982
8648,-0.733761359342874
8649,-0.24941234160669262
8650,-0.00539861932475961
8651,0.2275148740766005
8652,0.4149954816176158
8653,0.551993454187635
8654,0.6719304323753963
8655,0.7763235341736482
8656,0.8625717345872645
8657,0.943930845828787
8658,1.0241081326529637
8659,-0.7406453337901222
8660,-0.36821341270911845
8661,-0.08371311061309472
8662,0.16544533716795295
8663,0.36038756755372103
8664,0.5053717068626901
8665,0.6295853460274574
8666,0.7334005151447192
8667,0.8252715980387302
8668,0.9085724948450897
8669,0.9906868602137898
8861,-1.35205078125
8862,-1.0874003171920776
8863,-0.8720027208328247
8864,-0.6882106065750122
8865,-0.5311368703842163
8866,-0.39410150051116943
8867,-0.277068167924881
8868,-0.1732681542634964
8869,-0.0815674290060997
8870,-0.0012698888313025236
8871,0.0708751231431961
8872,-0.9388108140766387
8873,-0.6088734569065724
8874,-0.4326047043084482
8875,-0.2959548748386396
8876,-0.19508001384535134
8877,-0.0902014124018179
8878,0.006975123650871197
8879,0.08746020076698822
8880,0.16580875691696245
8881,0.23165515703176467
8882,0.28976294702014327
8883,-0.8477686833192588
8884,-0.5363595190631902
8885,-0.3664635930128771
8886,-0.21122741343618126
8887,-0.09337288326305768
8888,0.022369206890724812
8889,0.1183022897052323
8890,0.20087753698231253
8891,0.27791749780872066
8892,0.34259373106071866
8893,0.401671570464965
8894,-0.7092994423466321
8895,-0.40911688759990805
8896,-0.26478447070763866
8897,-0.10719486072126563
8898,0.02654821621822965
8899,0.14336224859257987
8900,0.236796526406669
8901,0.30993074475719884
8902,0.39958083143651146
8903,0.46269189917395936
8904,0.5234198925562839
8905,-0.7146728532313487
8906,-0.38393877431051593
8907,-0.22034921238198737
8908,-0.05334283697166385
8909,0.08783789319657831
8910,0.19948950403884486
8911,0.3002146785444798
8912,0.3871162226638691
8913,0.4731693187307715
8914,0.5385145348781559
8915,0.6006325568305164
8916,-0.6806877478826501
8917,-0.3712567454948502
8918,-0.18578948211173807
8919,-0.0051805350378680524
8920,0.13110077451618285
8921,0.24507014185222817
8922,0.34949745844276814
8923,0.43531846150632447
8924,0.5161616330589116
8925,0.5818653115132766
8926,0.6436149101696791
8927,-0.6938336408573984
8928,-0.3680314263329603
8929,-0.15365280130672337
8930,0.035835185887236165
8931,0.1749843070900775
8932,0.29655631733057364
8933,0.4068959145435205
8934,0.49618311316575425
8935,0.5779770399421332
8936,0.6460069048229925
8937,0.7105500061554098
8938,-0.6388521848176982
8939,-0.34129791381478325
8940,-0.12479072663816135
8941,0.06904462727672722
8942,0.2109193715483593
8943,0.3322830169021719
8944,0.44004652125054844
8945,0.5321270267500015
8946,0.6144253251345834
8947,0.684306857142248
8948,0.7494983308398753
8949,-0.6724112597120773
8950,-0.3438255522309129
8951,-0.12246849606270394
8952,0.08088811599752777
8953,0.23643775487636365
8954,0.36631605640156306
8955,0.47310029392966146
8956,0.5714132346272965
8957,0.6556020308486116
8958,0.7280349158930687
8959,0.7948103559489341
8960,-0.678687629823385
8961,-0.3350666750386752
8962,-0.11123341435910017
8963,0.09540018678081547
8964,0.2578204282919931
8965,0.38824582977694905
8966,0.5062613692912743
8967,0.5995608217899813
8968,0.6842211563869729
8969,0.7600150893364126
8970,0.8294926344745901
8971,-0.6843658243341638
8972,-0.35644051103533053
8973,-0.10617039377782617
8974,0.10750645840109868
8975,0.26957884316938785
8976,0.40173371718646117
8977,0.5195381057712338
8978,0.6205780090125756
8979,0.7089488461796157
8980,0.7858844224089647
8981,0.8542463872673622
8982,-0.7190503730684168
8983,-0.37618498091366104
8984,-0.11188839360335762
8985,0.10518465478355155
8986,0.2723505488874506
8987,0.41313185552268306
8988,0.5326124824053464
8989,0.6359639625471507
8990,0.7291431744038606
8991,0.8048525112859033
8992,0.8756420211381488
8993,-0.7837317893467707
8994,-0.37718543659487275
8995,-0.12088446530085298
8996,0.104383763597273
8997,0.2608637145189674
8998,0.40809992081453694
8999,0.5328900613241383
9000,0.6359001197934256
9001,0.7292170554546155
9002,0.8106583037627546
9003,0.8847189793675454
9004,-0.7991954166000375
9005,-0.40811297353789333
9006,-0.1418768328966362
9007,0.07514824155556363
9008,0.25783980985757343
9009,0.4098637625686579
9010,0.5397122552826301
9011,0.6447556784339261
9012,0.7405250666720387
9013,0.8266876253424442
9014,0.9014500243118506
9015,-0.8576140118934363
9016,-0.4467264097817304
9017,-0.17275651743204445
9018,0.058227011304935516
9019,0.25117887563625607
9020,0.4060955970835628
9021,0.5425098853238872
9022,0.6508432553480725
9023,0.7496105190022078
9024,0.8382007042521613
9025,0.9173046538677776
9026,-0.4298689173509954
9027,-0.2045663967722803
9028,0.03434376311716054
9029,0.1293826334505321
9030,0.2933677369726192
9031,0.4352690454323203
9032,0.5867853226104569
9033,0.6901967472234483
9034,0.7606557359439684
9035,0.8404592932103803
9036,-0.9298884328296922
9037,-0.3660503368902746
9038,-0.0718728438200785
9039,0.23423374088133123
9040,0.4035985903181365
9041,0.5508054323810045
9042,0.680000461423713
9043,0.7887321119744197
9044,0.8859168108280981
9045,0.9689123883878012
9046,-1.1098141286706096
9047,-0.4396075985019374
9048,-0.09809453526279906
9049,0.19710506258106383
9050,0.37483732618206717
9051,0.5284142605713869
9052,0.6557329882651122
9053,0.7685828143782751
9054,0.8664626948912642
9055,0.951945062153932
9372,-1.0408821105957031
9373,-0.8433778882026672
9374,-0.6791929602622986
9375,-0.5365594625473022
9376,-0.4126887917518616
9377,-0.30306577682495117
9378,-0.2072182595729828
9379,-0.12106833606958389
9380,-0.043962813913822174
9381,0.02545173093676567
9382,0.08766744285821915
9383,-0.7875826358795166
9384,-0.5900341272354126
9385,-0.42582207918167114
9386,-0.2831721603870392
9387,-0.15929248929023743
9388,-0.04966557025909424
9389,0.04618225246667862
9390,0.13232991099357605
9391,0.2094314992427826
9392,0.27884095907211304
9393,0.34105080366134644
9394,-0.6544500197437425
9395,-0.38938002820336076
9396,-0.22669106099695424
9397,-0.09436932124362181
9398,-0.013949104538868606
9399,0.0644052999247132
9400,0.13765108698568207
9401,0.19222702118224172
9402,0.2613915357660384
9403,0.33111045928613825
9404,0.39353153013383246
9405,-0.5784124233119765
9406,-0.32893215763399913
9407,-0.1713483341548745
9408,-0.023291331833677643
9409,0.07209996952489668
9410,0.16039128145709644
9411,0.23296283266571147
9412,0.29011256838306715
9413,0.3589581551286365
9414,0.4284606835020228
9415,0.4924714321196113
9416,-0.4354516258953218
9417,-0.18728407799582564
9418,-0.06875038300777117
9419,0.07620979106496643
9420,0.18286168622593998
9421,0.271487671171717
9422,0.3406202363948147
9423,0.40245863100871265
9424,0.4689075556638465
9425,0.5363895464681481
9426,0.6016335605477791
9427,-0.48454451629909745
9428,-0.1848223619960559
9429,-0.037926318402182246
9430,0.1217777622087096
9431,0.2550584035154625
9432,0.34043394053419473
9433,0.41515641929090336
9434,0.46811183801803613
9435,0.5357184220281102
9436,0.5982752241283966
9437,0.6642687771673048
9438,-0.39608928245033803
9439,-0.14621089112700314
9440,0.007965969880280963
9441,0.17215324104932045
9442,0.2933394786545945
9443,0.37740939894677894
9444,0.4523542715762827
9445,0.5122959750874087
9446,0.5825103176219206
9447,0.6450507585466335
9448,0.7101094093459911
9449,-0.38298560717330365
9450,-0.14317662414328888
9451,0.042213750394835235
9452,0.2267543278953398
9453,0.3366641216177919
9454,0.42652794600654675
9455,0.5139545778715798
9456,0.5750683768825491
9457,0.6361008849394236
9458,0.700600608385356
9459,0.7674184218709872
9460,-0.4013466059069868
9461,-0.13174670423111898
9462,0.0747799797343441
9463,0.25460018652646654
9464,0.37761574039414214
9465,0.47203133041522904
9466,0.5469216374878069
9467,0.6186624918257193
9468,0.6897724232099283
9469,0.7551198456796526
9470,0.8233256878738855
9471,-0.34480982502027846
9472,-0.10782804937260934
9473,0.09355260675866563
9474,0.2853108724815452
9475,0.4077881253443897
9476,0.5029694710776245
9477,0.5815552611641853
9478,0.6483350188667136
9479,0.7200819083002832
9480,0.7880710404619148
9481,0.8575966953607085
9482,-0.36007834205099765
9483,-0.10102845770744658
9484,0.10607835698894513
9485,0.29613858721675107
9486,0.43344508211639193
9487,0.530604892396598
9488,0.6112656543163204
9489,0.6786669181556914
9490,0.7500523766089664
9491,0.8205705737451584
9492,0.8891005598163877
9493,-0.37505838566201716
9494,-0.09537467393312221
9495,0.11463977349149788
9496,0.31124947874520315
9497,0.4511040019273999
9498,0.5504699639639823
9499,0.6365933483750007
9500,0.7081154906658355
9501,0.7795315031671528
9502,0.8487048392388477
9503,0.9198532148698411
9504,-0.3787361208184229
9505,-0.11218701154381384
9506,0.12083905822866389
9507,0.3223046353787759
9508,0.46019554956426934
9509,0.5626371320325687
9510,0.6491077927961666
9511,0.7205207784490854
9512,0.7952353543427082
9513,0.8674584507783685
9514,0.9378898751466782
9515,-0.4244469923890124
9516,-0.1232436971907785
9517,0.1198215606355254
9518,0.3224335233160526
9519,0.46485815904991573
9520,0.5724375975501346
9521,0.6538896812658056
9522,0.7250380962992983
9523,0.7963508769104721
9524,0.868870989583624
9525,0.9413262592237063
9526,-0.4566725165752229
9527,-0.13115688655661545
9528,0.10202359857308041
9529,0.3082698187685605
9530,0.45651015258598865
9531,0.5676405679251959
9532,0.6548496766578757
9533,0.7297542017679843
9534,0.8009048104808604
9535,0.876593818655417
9536,0.9504270745927883
9537,-0.5057903471558367
9538,-0.14055900863248239
9539,0.08158618918038396
9540,0.3033867862438767
9541,0.45752556919322607
9542,0.5683010510649795
9543,0.6582786839736113
9544,0.7400693442898343
9545,0.8211829560086067
9546,0.8942193171376729
9547,0.9684778572487693
9548,-0.5903345903457385
9549,-0.22681612094035142
9550,0.049205658173586145
9551,0.26551989745883076
9552,0.4301606664481945
9553,0.5479091135576488
9554,0.6424404775711454
9555,0.7173787511923799
9556,0.7946799799513538
9557,0.8775237425328188
9558,0.9544633706049359
9559,-0.6210740857893259
9560,-0.19558092642667202
9561,0.06004357038671986
9562,0.28754317945658575
9563,0.4589724091738548
9564,0.5756582461038231
9565,0.6807587518794355
9566,0.7640511805277177
9567,0.8398012564120962
9568,0.9208478162565369
9569,1.0005905872627814
9570,-1.0196094512939453
9571,-0.8007497787475586
9572,-0.6204493045806885
9573,-0.4650041460990906
9574,-0.3308923542499542
9575,-0.2128850221633911
9576,-0.11022396385669708
9577,-0.018358206376433372
9578,0.06353771686553955
9579,0.13700374960899353
9580,0.20264177024364471
9581,-0.8605960764927028
9582,-0.553066980687074
9583,-0.3796918881011948
9584,-0.23191163954850788
9585,-0.1309943121502654
9586,-0.026310135808011594
9587,0.0665083784958688
9588,0.1437832764035497
9589,0.22335923479052278
9590,0.2928691698599175
9591,0.3558985017333501
9592,-0.7705219613457461
9593,-0.4813235547098671
9594,-0.3140176724205529
9595,-0.14778177321078745
9596,-0.02927865826693531
9597,0.0870993911065362
9598,0.17910461522423332
9599,0.25939685185855865
9600,0.33854567959290116
9601,0.40774471885062635
9602,0.4726469364893346
9603,-0.7210874719274998
9604,-0.37306709831750806
9605,-0.21872529931637105
9606,-0.05011684456255036
9607,0.09004944903927956
9608,0.19941011683170684
9609,0.2950540834959716
9610,0.37873642942980873
9611,0.45582027914012047
9612,0.5179465117682869
9613,0.5841737521022001
9614,-0.6399924714805115
9615,-0.333175900687978
9616,-0.17046649350900087
9617,0.006519157629171509
9618,0.13834589002715192
9619,0.25235656898872744
9620,0.34288534536444376
9621,0.42500168057190935
9622,0.5048952972039222
9623,0.5670067744952774
9624,0.6326051450982754
9625,-0.6158097422255915
9626,-0.32722777671369774
9627,-0.13996813060250468
9628,0.048195001072406506
9629,0.18044130436049827
9630,0.2922650610034865
9631,0.39250352405102507
9632,0.47437686847521426
9633,0.5541340642751058
9634,0.617800002407345
9635,0.6843694811192352
9636,-0.6243190065759754
9637,-0.319394020615853
9638,-0.10979129146896818
9639,0.08130329686330443
9640,0.21629413060977137
9641,0.33390711697624886
9642,0.43815267886522624
9643,0.5236659458299782
9644,0.6039076180167811
9645,0.6689199110127806
9646,0.7371855936855696
9647,-0.5719989672218699
9648,-0.29213231420201025
9649,-0.07857859828772645
9650,0.11447086306272795
9651,0.2525609707332561
9652,0.3697475593212384
9653,0.47124311025546806
9654,0.5587726343915651
9655,0.6393200259897549
9656,0.7059978620063544
9657,0.7748529257222228
9658,-0.6202268839854617
9659,-0.2975246341562563
9660,-0.07893480472292219
9661,0.12788282939060866
9662,0.27635257115550627
9663,0.40204313460950736
9664,0.5040899267468604
9665,0.5949794435113573
9666,0.6764561080789904
9667,0.7453905411226186
9668,0.815883877645116
9669,-0.5896994603299236
9670,-0.2788014383585585
9671,-0.05830284148570752
9672,0.1441097193746059
9673,0.3008346846533292
9674,0.4217337500559867
9675,0.5289095637133949
9676,0.6202205660146415
9677,0.7026369777687951
9678,0.7748364028497815
9679,0.8431860686329349
9680,-0.6251447458905232
9681,-0.2997255750980937
9682,-0.054405706509370266
9683,0.1553385553455081
9684,0.3096656469988607
9685,0.43439884928577854
9686,0.543520694156514
9687,0.6393875401244398
9688,0.72440833598085
9689,0.796895423973655
9690,0.8677739355434176
9691,-0.6513539359689209
9692,-0.3052166754349571
9693,-0.051167781536548024
9694,0.1603804002768227
9695,0.3182353200566323
9696,0.44901862172076346
9697,0.5600391315803909
9698,0.6563562466892238
9699,0.743321518656765
9700,0.8166543804033417
9701,0.8893144195319744
9702,-0.6626195787117193
9703,-0.31094703739877716
9704,-0.06568217188695005
9705,0.14966408886519322
9706,0.3149117148241903
9707,0.44865285114882725
9708,0.5655453182929489
9709,0.665736271578766
9710,0.7541762469183445
9711,0.8303941685232001
9712,0.9047321214836879
9713,-0.767433301897275
9714,-0.3280992794515812
9715,-0.07190153570382929
9716,0.15681025452730044
9717,0.319356642004779
9718,0.4605086619113259
9719,0.5784506863577643
9720,0.6850319823811688
9721,0.7749414682774167
9722,0.8535947427102685
9723,0.9291589143210635
9724,-0.7944588619134318
9725,-0.3849906554173481
9726,-0.11072550323744229
9727,0.11955675397088063
9728,0.2973391113588131
9729,0.4403735916073278
9730,0.5644844813745828
9731,0.6634937293926938
9732,0.7575615592670347
9733,0.8400163232038513
9734,0.9171174718608819
9735,-0.8412861493146577
9736,-0.3922500070959497
9737,-0.1266462769995386
9738,0.11846161946247778
9739,0.30887838115309074
9740,0.45390246790318417
9741,0.5820654036801256
9742,0.6837741563826947
9743,0.7777682307152401
9744,0.8590356230185382
9745,0.9398989001915223
9746,-0.8466295208216696
9747,-0.40658055790100067
9748,-0.18116047131495622
9749,0.06410306845476228
9750,0.25007351363177543
9751,0.4025505413938786
9752,0.5356119675007698
9753,0.6275100116778949
9754,0.7275137616694991
9755,0.8140242137035923
9756,0.8958844161164856
9757,-0.18834305506460758
9758,0.06952488924423408
9759,0.26137277766552447
9760,0.4182839875648737
9761,0.554229397446508
9762,0.6674100441081008
9763,0.7717777906473575
9764,0.8566398931183952
9765,0.9393570887853242
10032,-0.8459537625312805
10033,-0.6533804535865784
10034,-0.4929301142692566
10035,-0.35327109694480896
10036,-0.23177897930145264
10037,-0.12410154193639755
10038,-0.029831886291503906
10039,0.05499834939837456
10040,0.1310020238161087
10041,0.1994890421628952
10042,0.23036909103393555
10043,-0.545003294770998
10044,-0.3190139104340287
10045,-0.16528919190368832
10046,-0.055185292071662714
10047,0.008848874894380084
10048,0.0828100253138663
10049,0.15557917898438295
10050,0.20705423764165093
10051,0.26983318759572866
10052,0.3377132333037669
10053,0.4016633034527871
10054,-0.484770458143562
10055,-0.2806660650044952
10056,-0.12131678265899393
10057,-0.0099849692164996
10058,0.0635631869058739
10059,0.1438079472586966
10060,0.21610764144330127
10061,0.26915907207226036
10062,0.33168675202556996
10063,0.41483087484452197
10064,0.4800491044612547
10065,-0.43643602681870697
10066,-0.222945547722612
10067,-0.07722001065768154
10068,0.05790372694955326
10069,0.14566373837273483
10070,0.2352907594463571
10071,0.3068655257404135
10072,0.36228178244174514
10073,0.424438175148117
10074,0.491918620573913
10075,0.5583972535363536
10076,-0.3501450858458349
10077,-0.11588492259540811
10078,0.007384934706746161
10079,0.14084577141515636
10080,0.2437957423184198
10081,0.32938877854594883
10082,0.40172523485100226
10083,0.46060988868392805
10084,0.5217866637599302
10085,0.5881046564126851
10086,0.6556694340755133
10087,-0.3086992593693588
10088,-0.08145143263866028
10089,0.05867656457812872
10090,0.19973034860233907
10091,0.308351805382303
10092,0.39079161011114283
10093,0.4643289837868067
10094,0.5217427334479713
10095,0.5841924489689925
10096,0.6452290614148416
10097,0.7125500461836363
10098,-0.2676127507722267
10099,-0.06638968767483583
10100,0.09659803879594298
10101,0.25343571519872576
10102,0.3563883595088067
10103,0.4408016646109587
10104,0.5175064253522885
10105,0.57428381021037
10106,0.6370903772659066
10107,0.699445594259791
10108,0.7674058833464537
10109,-0.26741636573067895
10110,-0.04946459041071956
10111,0.13844484435630777
10112,0.3000646876316806
10113,0.4050047250860779
10114,0.4912086903570324
10115,0.5677086912370191
10116,0.6280439299469536
10117,0.6912245721587245
10118,0.7550743621324558
10119,0.8248444017396747
10120,-0.21580775852699924
10121,-0.022603099651911235
10122,0.16906924488261277
10123,0.3326062582231742
10124,0.44121581341831084
10125,0.5285468640250957
10126,0.600979003159227
10127,0.6631669198220502
10128,0.7266476544459615
10129,0.7921436887309294
10130,0.8624331743293879
10131,-0.2619488631905529
10132,-0.024675469365190262
10133,0.1718264980918336
10134,0.34855634369786836
10135,0.4674317910423286
10136,0.5629153011595411
10137,0.6354978786505651
10138,0.699808935292355
10139,0.7632882112951134
10140,0.831022469399235
10141,0.9027979475898238
10142,-0.2240877947618254
10143,0.004902131127520491
10144,0.20277278455738182
10145,0.37404879873985325
10146,0.4986073304926304
10147,0.5850451616755558
10148,0.6621426280468972
10149,0.7248518746494141
10150,0.7893114107958319
10151,0.8601134539914039
10152,0.9295863657496646
10153,-0.2587672454643358
10154,-0.013560250501612824
10155,0.20858413673118592
10156,0.38708551273614467
10157,0.5102264118751805
10158,0.5985166012848255
10159,0.6773409272589903
10160,0.7439297532912179
10161,0.8108542921474071
10162,0.881041577939701
10163,0.9529263544396751
10164,-0.28707614989458685
10165,-0.019194645440712317
10166,0.2115973525167448
10167,0.39146040114085906
10168,0.517484876847975
10169,0.6012349442647389
10170,0.6747441855318864
10171,0.7410932576238942
10172,0.7991792912977117
10173,0.8701469922372724
10174,0.9438664201678117
10175,-0.32244798527587204
10176,-0.033657743390929695
10177,0.1881076986569372
10178,0.3719270710110949
10179,0.5039787036670351
10180,0.5876634153557629
10181,0.6643016873247285
10182,0.7295289457519903
10183,0.7885781118934654
10184,0.8618772765153766
10185,0.9379010949071982
10186,-0.418744122713992
10187,-0.04877097929454612
10188,0.18942768339740773
10189,0.3851957906189536
10190,0.5137324022224024
10191,0.6038882754336166
10192,0.6809230160445168
10193,0.7518647255981452
10194,0.8225189691064436
10195,0.9002973476800344
10196,0.9765744478014136
10450,-0.4100959344808199
10451,-0.21894149589628417
10452,-0.0874798430793931
10453,0.009610611954078557
10454,0.06495958368012766
10455,0.13272843441466442
10456,0.20348031244530249
10457,0.2550413330353364
10458,0.31435176127230047
10459,0.3772633169053855
10460,0.44273995030038277
10461,-0.37458794616706603
10462,-0.1812238851605643
10463,-0.05288637540573437
10464,0.05404753001866961
10465,0.11871618405709017
10466,0.1926236883801894
10467,0.26288851925338474
10468,0.3159717141936978
10469,0.37502104841313294
10470,0.43777917451763426
10471,0.5042676995435833
10472,-0.31518860175084673
10473,-0.1338595104153952
10474,-0.009455130179465204
10475,0.10973592556623571
10476,0.1860033001480259
10477,0.2675422824091953
10478,0.3371712457115628
10479,0.39214171159395295
10480,0.45084852451375357
10481,0.5133967690499373
10482,0.5811486302635285
10483,-0.21615182615908574
10484,-0.02134358852026992
10485,0.0734163663663736
10486,0.18674561009283352
10487,0.27156185732498606
10488,0.34923075625440486
10489,0.41740163093310756
10490,0.4756678507689791
10491,0.5325927583858967
10492,0.5934729066754822
10493,0.6620065954678327
10494,-0.22436612816589815
10495,-0.0034422351915320507
10496,0.11508918295186721
10497,0.23857082511474365
10498,0.33528290409609174
10499,0.4095334345895138
10500,0.48120197007688115
10501,0.5382139064829574
10502,0.5966052943920417
10503,0.6525195990309784
10504,0.7212599467050584
10505,-0.16945317330412302
10506,0.019138177393088148
10507,0.14673078549695778
10508,0.2763682590493841
10509,0.3698225697084565
10510,0.4430462895477102
10511,0.5156531380288534
10512,0.5714125010485782
10513,0.6311641228528995
10514,0.6872918193933679
10515,0.7556036713060902
10516,-0.1560764250490706
10517,0.024533401610203613
10518,0.17723686276268474
10519,0.322937443049515
10520,0.41091297671861254
10521,0.4894213798461389
10522,0.565844775291151
10523,0.6218316451125995
10524,0.6797910953412769
10525,0.7375559514546346
10526,0.8076096943816082
10527,-0.16246131448306939
10528,0.04172804185443209
10529,0.21106422273607503
10530,0.35527137994385377
10531,0.44818601207772324
10532,0.5245742655459511
10533,0.6011913320324577
10534,0.6565086859988121
10535,0.7158625855402125
10536,0.7742376609068853
10537,0.8455034137512938
10538,-0.10909852040884396
10539,0.06705271302489713
10540,0.237069393585304
10541,0.381220163665495
10542,0.4771856475782683
10543,0.5534584288243338
10544,0.6220057807769263
10545,0.683121530497201
10546,0.7420364798780729
10547,0.8016700933085099
10548,0.8732111361058998
10549,-0.11829895652889835
10550,0.07084943377831707
10551,0.24221177960458135
10552,0.40078344169436275
10553,0.49732767112429555
10554,0.5765855876480285
10555,0.6471812446660569
10556,0.7090603438406807
10557,0.7692538490764786
10558,0.830401127466533
10559,0.9038475550541106
10560,-0.0987082480377045
10561,0.10492850462204975
10562,0.2796560808885755
10563,0.43394381465971044
10564,0.5426527327756642
10565,0.6182712381753142
10566,0.6886759346029506
10567,0.7482689144795129
10568,0.8074808284983661
10569,0.8724933877238779
10570,0.942477177196708
10571,-0.11579750930071073
10572,0.11194708198850915
10573,0.28933653612030147
10574,0.44598165084374286
10575,0.5597357532556606
10576,0.6359434974001847
10577,0.7102203855459566
10578,0.7712543469927713
10579,0.8328882056019166
10580,0.894212898931219
10581,0.9657017759190768
10582,-0.1282913297686622
10583,0.09512991022273073
10584,0.29768283702536125
10585,0.4598923651353194
10586,0.5696198340987448
10587,0.6463623188123236
10588,0.7211987053732243
10589,0.7872541968799773
10590,0.8486307183095664
10591,0.9128435595163216
10592,0.9868316616583802
10593,-1.163770079612732
10594,-0.9238762855529785
10595,-0.7280875444412231
10596,-0.5608865022659302
10597,-0.416909396648407
10598,-0.2914730906486511
10599,-0.18299369513988495
10600,-0.08643873035907745
10601,-0.0014635085826739669
10602,0.07363677024841309
10603,0.1414463222026825
10604,-0.9053968966499222
10605,-0.5786661377203579
10606,-0.40023188365895446
10607,-0.25009030114225056
10608,-0.14733050156507368
10609,-0.04410670864590289
10610,0.05081885267840676
10611,0.12871354009042957
10612,0.20674552563566073
10613,0.2739504972797041
10614,0.3338139746850725
10615,-0.825442613701852
10616,-0.5072465608730486
10617,-0.3421575908039781
10618,-0.1760277546895297
10619,-0.058175016584215936
10620,0.055074740989599844
10621,0.14884070582312955
10622,0.2288860989655233
10623,0.30585674804874263
10624,0.37212146669927504
10625,0.43293619846816556
10626,-0.7588291654845992
10627,-0.40507398706680864
10628,-0.24688500980829722
10629,-0.07515462911109236
10630,0.06366295335314351
10631,0.19049751072669122
10632,0.2881930834731266
10633,0.3639258548227378
10634,0.4404199157262344
10635,0.49935934450264696
10636,0.5495636474827787
10637,-0.6747382290955852
10638,-0.3540316326751366
10639,-0.1851288417253202
10640,-0.011227016188188655
10641,0.12865413451276497
10642,0.2369326968488512
10643,0.3354304385017648
10644,0.4134412009757564
10645,0.4915785824547572
10646,0.5572810912858712
10647,0.6205828627342627
10648,-0.6568522418159415
10649,-0.34920924838333
10650,-0.15354569706857424
10651,0.03867432598185559
10652,0.17013034654513579
10653,0.28217776126442956
10654,0.38444070653068807
10655,0.4672142559878155
10656,0.5454481382706717
10657,0.6065288330890579
10658,0.6701423053747305
10659,-0.6708641902291435
10660,-0.34389117409300696
10661,-0.12658219798705977
10662,0.06773981381195202
10663,0.20571015334441953
10664,0.32720699475735915
10665,0.4304152011307689
10666,0.5164060297869613
10667,0.5950786494154134
10668,0.6579379996148979
10669,0.7238641370511141
10670,-0.6203394315879889
10671,-0.31947314773188296
10672,-0.09651117388078367
10673,0.10095957956863542
10674,0.2418887066514412
10675,0.3596261433972969
10676,0.4635648039206648
10677,0.5518766049762309
10678,0.6310244397544624
10679,0.6956372712890515
10680,0.7620269342182504
10681,-0.659963409679956
10682,-0.32268273115982515
10683,-0.09477581849215458
10684,0.11443823670428857
10685,0.26704345423092846
10686,0.3936200697248041
10687,0.4987039599727567
10688,0.5905060059117431
10689,0.6702926123782744
10690,0.7369439817718244
10691,0.8051633594008932
10692,-0.6526447844563619
10693,-0.3101724910286713
10694,-0.08066844774710051
10695,0.1287670062815414
10696,0.28858437265565373
10697,0.41529408436893955
10698,0.525621895260066
10699,0.6179578715894388
10700,0.6987652053465532
10701,0.7691299327445509
10702,0.8355269405304364
10703,-0.6685098727156524
10704,-0.33168055233216587
10705,-0.07604738836657418
10706,0.1399409227190591
10707,0.2991593380244502
10708,0.42677231930292453
10709,0.5405512308490077
10710,0.637436543228733
10711,0.7213747219322715
10712,0.7924516740422062
10713,0.8617644380612426
10714,-0.7135129220360452
10715,-0.34613255269867893
10716,-0.07830177851978914
10717,0.1409179684696562
10718,0.30431085097387617
10719,0.44020140486589543
10720,0.5546193234365633
10721,0.653330319393673
10722,0.7398989705234409
10723,0.8118587285277853
10724,0.8858732331900006
10725,-0.7640340725966757
10726,-0.35249037010744555
10727,-0.0964727477347859
10728,0.1288012686187926
10729,0.2977394019745956
10730,0.4386781745155197
10731,0.5585905213294826
10732,0.6611720397877301
10733,0.7496737852762578
10734,0.8256116337746542
10735,0.899123819234748
10736,-0.7961846889614104
10737,-0.3679398389873824
10738,-0.11086522440470145
10739,0.12773176194226019
10740,0.29924023779450537
10741,0.44765223639850255
10742,0.5701775184116687
10743,0.6783618323405167
10744,0.7686212543124691
10745,0.8482910474277123
10746,0.9219916480152341
10747,-0.8923087012173663
10748,-0.40240740973676176
10749,-0.12861826456262304
10750,0.11205711684792109
10751,0.30073831301910103
10752,0.44747728272279874
10753,0.5759065630596183
10754,0.6785507140070415
10755,0.7707715415787632
10756,0.8347980198128044
10757,0.9129770640880931
10758,-0.9210405362913638
10759,-0.49449881936806783
10760,-0.2146646258370603
10761,0.03809545115620035
10762,0.24330807792551012
10763,0.3992863294945471
10764,0.5336561961561745
10765,0.6407891266198711
10766,0.7369395953449493
10767,0.8197025798843018
10768,0.9006135176292793
10769,-0.8467158417563262
10770,-0.49512110269349396
10771,-0.21494446210788037
10772,0.04631026417253074
10773,0.24389700814994694
10774,0.4047635116178687
10775,0.5445783618122028
10776,0.6580984355197178
10777,0.7625056300903367
10778,0.8470926074768179
10779,0.9286892061742085
10780,-0.9579152310621986
10781,-0.402105566515762
10782,-0.09521740272799115
10783,0.2259010651803636
10784,0.3940791768657282
10785,0.5428889031924172
10786,0.6664612440468065
10787,0.7771964370516511
10788,0.8660021018737878
10789,0.9495169973125819
11916,0.7368515729904175
11917,0.890583872795105
11918,1.018477201461792
11919,0.7988003492355347
11920,0.958086371421814
11921,1.091472864151001
11922,0.782652735710144
11923,0.9469228982925415
11924,1.0843112468719482
11925,0.7313668131828308
11926,0.9019954800605774
11927,1.044541597366333
11928,0.6181889176368713
11929,0.799296498298645
11930,0.9496213793754578
